2026-08-25 17:00:04,227 WARNING tools.registry: check_fn check_browser_back_requirements returned False; dependent tools will be unavailable this turn
2026-08-25 17:00:04,230 WARNING tools.registry: check_fn _browser_cdp_check returned False; dependent tools will be unavailable this turn
2026-08-25 17:00:04,231 WARNING tools.registry: check_fn check_browser_click_requirements returned False; dependent tools will be unavailable this turn
2026-08-25 17:00:04,234 WARNING tools.registry: check_fn check_browser_requirements returned False; dependent tools will be unavailable this turn
2026-08-25 17:00:04,235 WARNING tools.registry: check_fn _browser_dialog_check returned False; dependent tools will be unavailable this turn
2026-08-25 17:00:04,239 WARNING tools.registry: check_fn check_browser_navigate_requirements returned False; dependent tools will be unavailable this turn
2026-08-25 17:00:04,240 WARNING tools.registry: check_fn check_browser_press_requirements returned False; dependent tools will be unavailable this turn
2026-08-25 17:00:04,241 WARNING tools.registry: check_fn check_browser_scroll_requirements returned False; dependent tools will be unavailable this turn
2026-08-25 17:00:04,243 WARNING tools.registry: check_fn check_browser_snapshot_requirements returned False; dependent tools will be unavailable this turn
2026-08-25 17:00:04,244 WARNING tools.registry: check_fn check_browser_type_requirements returned False; dependent tools will be unavailable this turn
2026-08-25 17:00:04,245 WARNING tools.registry: check_fn check_browser_vision_requirements returned False; dependent tools will be unavailable this turn
2026-08-25 17:00:04,255 WARNING tools.registry: check_fn check_image_generation_requirements returned False; dependent tools will be unavailable this turn
2026-08-25 17:00:04,255 WARNING tools.registry: check_fn _check_kanban_mode returned False; dependent tools will be unavailable this turn
2026-08-25 17:00:04,256 WARNING tools.registry: check_fn _check_kanban_orchestrator_mode returned False; dependent tools will be unavailable this turn
2026-08-25 17:00:38,890 WARNING tools.approval: Unknown approvals.mode 'auto' — defaulting to 'manual'. Valid values: manual, smart, off
2026-08-25 17:00:54,346 WARNING [cron_a5e01552e0f7_20260825_170001] tools.registry: check_fn check_browser_back_requirements returned False; dependent tools will be unavailable this turn
2026-08-25 17:00:54,347 WARNING [cron_a5e01552e0f7_20260825_170001] tools.registry: check_fn _browser_cdp_check returned False; dependent tools will be unavailable this turn
2026-08-25 17:00:54,349 WARNING [cron_a5e01552e0f7_20260825_170001] tools.registry: check_fn check_browser_click_requirements returned False; dependent tools will be unavailable this turn
2026-08-25 17:00:54,350 WARNING [cron_a5e01552e0f7_20260825_170001] tools.registry: check_fn check_browser_requirements returned False; dependent tools will be unavailable this turn
2026-08-25 17:00:54,352 WARNING [cron_a5e01552e0f7_20260825_170001] tools.registry: check_fn _browser_dialog_check returned False; dependent tools will be unavailable this turn
2026-08-25 17:00:54,356 WARNING [cron_a5e01552e0f7_20260825_170001] tools.registry: check_fn check_browser_navigate_requirements returned False; dependent tools will be unavailable this turn
2026-08-25 17:00:54,358 WARNING [cron_a5e01552e0f7_20260825_170001] tools.registry: check_fn check_browser_press_requirements returned False; dependent tools will be unavailable this turn
2026-08-25 17:00:54,359 WARNING [cron_a5e01552e0f7_20260825_170001] tools.registry: check_fn check_browser_scroll_requirements returned False; dependent tools will be unavailable this turn
2026-08-25 17:00:54,361 WARNING [cron_a5e01552e0f7_20260825_170001] tools.registry: check_fn check_browser_snapshot_requirements returned False; dependent tools will be unavailable this turn
2026-08-25 17:00:54,362 WARNING [cron_a5e01552e0f7_20260825_170001] tools.registry: check_fn check_browser_type_requirements returned False; dependent tools will be unavailable this turn
2026-08-25 17:00:54,364 WARNING [cron_a5e01552e0f7_20260825_170001] tools.registry: check_fn check_browser_vision_requirements returned False; dependent tools will be unavailable this turn
2026-08-25 17:00:54,367 WARNING [cron_a5e01552e0f7_20260825_170001] tools.registry: check_fn check_image_generation_requirements returned False; dependent tools will be unavailable this turn
2026-08-25 17:00:54,368 WARNING [cron_a5e01552e0f7_20260825_170001] tools.registry: check_fn _check_kanban_mode returned False; dependent tools will be unavailable this turn
2026-08-25 17:00:54,369 WARNING [cron_a5e01552e0f7_20260825_170001] tools.registry: check_fn _check_kanban_orchestrator_mode returned False; dependent tools will be unavailable this turn
2026-08-25 17:01:22,586 WARNING tools.web_tools: web_extract backend 'tavily' failed all 3 URL(s) ({"detail":{"error":"This request exceeds this API key's set usage limit. You can increase its limit on the Tavily dashboard."}}); one-shot keyless rescue
2026-08-25 17:02:13,586 WARNING tools.web_tools: web_extract backend 'tavily' failed all 2 URL(s) ({"detail":{"error":"This request exceeds this API key's set usage limit. You can increase its limit on the Tavily dashboard."}}); one-shot keyless rescue
2026-08-25 17:02:13,841 WARNING [cron_a5e01552e0f7_20260825_170001] agent.tool_executor: Tool web_extract returned error (0.67s): {
  "results": [
    {
      "url": "https://www.gerd-gigerenzer.com/publications/fast-and-frugal-heuristics",
      "title": "",
      "content": "",
      "error": "{\"detail\":{\"error\":\"This req
2026-08-25 17:02:39,453 WARNING [cron_a5e01552e0f7_20260825_170001] agent.conversation_loop: API call failed (attempt 1/3) error_type=InternalServerError thread=ThreadPoolExecutor-1_0:133309423154880 provider=nous base_url=https://inference-api.nousresearch.com/v1 model=meituan/longcat-2.0:free summary=HTTP 503: The requested model is currently unavailable.
2026-08-25 17:02:39,454 WARNING [cron_a5e01552e0f7_20260825_170001] agent.conversation_loop: Retrying API call in 2.947465991541554s (attempt 1/3) thread=ThreadPoolExecutor-1_0:133309423154880 provider=nous base_url=https://inference-api.nousresearch.com/v1 model=meituan/longcat-2.0:free policy=default error=Error code: 503 - {'status': 503, 'message': 'The requested model is currently unavailable.'}
2026-08-25 17:03:02,552 WARNING tools.approval: Unknown approvals.mode 'auto' — defaulting to 'manual'. Valid values: manual, smart, off
2026-08-25 17:05:58,469 WARNING [cron_a5e01552e0f7_20260825_170001] agent.conversation_loop: API call failed (attempt 1/3) error_type=InternalServerError thread=ThreadPoolExecutor-1_0:133309423154880 provider=nous base_url=https://inference-api.nousresearch.com/v1 model=meituan/longcat-2.0:free summary=HTTP 503: The requested model is currently unavailable.
2026-08-25 17:05:58,470 WARNING [cron_a5e01552e0f7_20260825_170001] agent.conversation_loop: Retrying API call in 2.56617537264706s (attempt 1/3) thread=ThreadPoolExecutor-1_0:133309423154880 provider=nous base_url=https://inference-api.nousresearch.com/v1 model=meituan/longcat-2.0:free policy=default error=Error code: 503 - {'status': 503, 'message': 'The requested model is currently unavailable.'}
2026-08-25 17:06:43,157 WARNING tools.approval: Unknown approvals.mode 'auto' — defaulting to 'manual'. Valid values: manual, smart, off
2026-08-25 17:07:43,821 WARNING tools.approval: Unknown approvals.mode 'auto' — defaulting to 'manual'. Valid values: manual, smart, off
2026-08-25 17:08:27,722 WARNING tools.approval: Unknown approvals.mode 'auto' — defaulting to 'manual'. Valid values: manual, smart, off
2026-08-25 17:09:07,067 WARNING tools.approval: Unknown approvals.mode 'auto' — defaulting to 'manual'. Valid values: manual, smart, off
2026-08-25 17:09:34,904 WARNING tools.approval: Unknown approvals.mode 'auto' — defaulting to 'manual'. Valid values: manual, smart, off
2026-08-25 17:09:56,465 WARNING tools.approval: Unknown approvals.mode 'auto' — defaulting to 'manual'. Valid values: manual, smart, off
2026-08-25 17:10:32,346 WARNING tools.approval: Unknown approvals.mode 'auto' — defaulting to 'manual'. Valid values: manual, smart, off
2026-08-25 17:11:13,277 WARNING [cron_a5e01552e0f7_20260825_170001] agent.conversation_loop: API call failed (attempt 1/3) error_type=InternalServerError thread=ThreadPoolExecutor-1_0:133309423154880 provider=nous base_url=https://inference-api.nousresearch.com/v1 model=meituan/longcat-2.0:free summary=HTTP 503: The requested model is currently unavailable.
2026-08-25 17:11:13,278 WARNING [cron_a5e01552e0f7_20260825_170001] agent.conversation_loop: Retrying API call in 2.335388902117023s (attempt 1/3) thread=ThreadPoolExecutor-1_0:133309423154880 provider=nous base_url=https://inference-api.nousresearch.com/v1 model=meituan/longcat-2.0:free policy=default error=Error code: 503 - {'status': 503, 'message': 'The requested model is currently unavailable.'}
2026-08-25 17:11:33,963 WARNING tools.approval: Unknown approvals.mode 'auto' — defaulting to 'manual'. Valid values: manual, smart, off
2026-08-25 17:11:33,973 WARNING [cron_a5e01552e0f7_20260825_170001] agent.tool_executor: Tool terminal returned error (0.02s): {"output": "", "exit_code": -1, "error": "BLOCKED: Command flagged as dangerous (script execution via -e/-c flag) but cron jobs run without a user present to approve it. Find an alternative approach t
2026-08-25 17:11:45,294 WARNING tools.approval: Unknown approvals.mode 'auto' — defaulting to 'manual'. Valid values: manual, smart, off
2026-08-25 17:11:55,792 WARNING tools.approval: Unknown approvals.mode 'auto' — defaulting to 'manual'. Valid values: manual, smart, off
2026-08-25 17:12:06,338 WARNING [cron_a5e01552e0f7_20260825_170001] agent.conversation_loop: API call failed (attempt 1/3) error_type=InternalServerError thread=ThreadPoolExecutor-1_0:133309423154880 provider=nous base_url=https://inference-api.nousresearch.com/v1 model=meituan/longcat-2.0:free summary=HTTP 503: The requested model is currently unavailable.
2026-08-25 17:12:06,339 WARNING [cron_a5e01552e0f7_20260825_170001] agent.conversation_loop: Retrying API call in 2.694853148760697s (attempt 1/3) thread=ThreadPoolExecutor-1_0:133309423154880 provider=nous base_url=https://inference-api.nousresearch.com/v1 model=meituan/longcat-2.0:free policy=default error=Error code: 503 - {'status': 503, 'message': 'The requested model is currently unavailable.'}
2026-08-25 17:12:23,775 WARNING tools.approval: Unknown approvals.mode 'auto' — defaulting to 'manual'. Valid values: manual, smart, off
2026-08-25 17:14:18,392 WARNING [cron_a5e01552e0f7_20260825_170001] agent.conversation_loop: API call failed (attempt 1/3) error_type=InternalServerError thread=ThreadPoolExecutor-1_0:133309423154880 provider=nous base_url=https://inference-api.nousresearch.com/v1 model=meituan/longcat-2.0:free summary=HTTP 503: The requested model is currently unavailable.
2026-08-25 17:14:18,392 WARNING [cron_a5e01552e0f7_20260825_170001] agent.conversation_loop: Retrying API call in 2.430483921516005s (attempt 1/3) thread=ThreadPoolExecutor-1_0:133309423154880 provider=nous base_url=https://inference-api.nousresearch.com/v1 model=meituan/longcat-2.0:free policy=default error=Error code: 503 - {'status': 503, 'message': 'The requested model is currently unavailable.'}
2026-08-26 14:33:54,815 WARNING tools.registry: check_fn check_browser_back_requirements returned False; dependent tools will be unavailable this turn
2026-08-26 14:33:54,816 WARNING tools.registry: check_fn _browser_cdp_check returned False; dependent tools will be unavailable this turn
2026-08-26 14:33:54,817 WARNING tools.registry: check_fn check_browser_click_requirements returned False; dependent tools will be unavailable this turn
2026-08-26 14:33:54,818 WARNING tools.registry: check_fn check_browser_requirements returned False; dependent tools will be unavailable this turn
2026-08-26 14:33:54,819 WARNING tools.registry: check_fn _browser_dialog_check returned False; dependent tools will be unavailable this turn
2026-08-26 14:33:54,825 WARNING tools.registry: check_fn check_browser_navigate_requirements returned False; dependent tools will be unavailable this turn
2026-08-26 14:33:54,828 WARNING tools.registry: check_fn check_browser_press_requirements returned False; dependent tools will be unavailable this turn
2026-08-26 14:33:54,829 WARNING tools.registry: check_fn check_browser_scroll_requirements returned False; dependent tools will be unavailable this turn
2026-08-26 14:33:54,830 WARNING tools.registry: check_fn check_browser_snapshot_requirements returned False; dependent tools will be unavailable this turn
2026-08-26 14:33:54,833 WARNING tools.registry: check_fn check_browser_type_requirements returned False; dependent tools will be unavailable this turn
2026-08-26 14:33:54,834 WARNING tools.registry: check_fn check_browser_vision_requirements returned False; dependent tools will be unavailable this turn
2026-08-26 14:33:54,838 WARNING tools.registry: check_fn check_image_generation_requirements returned False; dependent tools will be unavailable this turn
2026-08-26 14:33:54,839 WARNING tools.registry: check_fn _check_kanban_mode returned False; dependent tools will be unavailable this turn
2026-08-26 14:33:54,840 WARNING tools.registry: check_fn _check_kanban_orchestrator_mode returned False; dependent tools will be unavailable this turn
2026-08-26 14:35:26,764 WARNING tools.approval: Unknown approvals.mode 'auto' — defaulting to 'manual'. Valid values: manual, smart, off
2026-08-26 14:36:08,014 WARNING tools.approval: Unknown approvals.mode 'auto' — defaulting to 'manual'. Valid values: manual, smart, off
2026-08-26 14:36:08,017 WARNING [cron_97842ab6d078_20260826_143354] agent.tool_executor: Tool execute_code returned error (0.01s): {"status": "error", "error": "BLOCKED: execute_code runs arbitrary local Python (including subprocess calls that bypass shell-string approval checks). Cron jobs run without a user present to approve i
2026-08-26 14:36:50,361 WARNING tools.approval: Unknown approvals.mode 'auto' — defaulting to 'manual'. Valid values: manual, smart, off
2026-08-26 14:36:50,447 WARNING tools.approval: Unknown approvals.mode 'auto' — defaulting to 'manual'. Valid values: manual, smart, off
2026-08-26 14:38:14,454 WARNING tools.approval: Unknown approvals.mode 'auto' — defaulting to 'manual'. Valid values: manual, smart, off
2026-08-26 14:38:14,597 WARNING tools.approval: Unknown approvals.mode 'auto' — defaulting to 'manual'. Valid values: manual, smart, off
2026-08-26 16:00:09,631 WARNING tools.approval: Unknown approvals.mode 'auto' — defaulting to 'manual'. Valid values: manual, smart, off
2026-08-26 16:01:12,542 WARNING tools.web_tools: web_extract backend 'tavily' failed all 2 URL(s) ({"detail":{"error":"This request exceeds this API key's set usage limit. You can increase its limit on the Tavily dashboard."}}); one-shot keyless rescue
2026-08-26 16:01:12,790 WARNING [cron_a5e01552e0f7_20260826_160001] agent.tool_executor: Tool web_extract returned error (0.56s): {
  "results": [
    {
      "url": "https://en.wikipedia.org/wiki/Hippocampus",
      "title": "",
      "content": "",
      "error": "{\"detail\":{\"error\":\"This request exceeds this API key's se
2026-08-26 16:01:49,093 WARNING tools.approval: Unknown approvals.mode 'auto' — defaulting to 'manual'. Valid values: manual, smart, off
2026-08-26 16:01:49,094 WARNING [cron_a5e01552e0f7_20260826_160001] agent.tool_executor: Tool execute_code returned error (0.00s): {"status": "error", "error": "BLOCKED: execute_code runs arbitrary local Python (including subprocess calls that bypass shell-string approval checks). Cron jobs run without a user present to approve i
2026-08-26 16:02:35,093 WARNING tools.web_tools: web_extract backend 'tavily' failed all 3 URL(s) ({"detail":{"error":"This request exceeds this API key's set usage limit. You can increase its limit on the Tavily dashboard."}}); one-shot keyless rescue
2026-08-26 16:02:35,342 WARNING [cron_a5e01552e0f7_20260826_160001] agent.tool_executor: Tool web_extract returned error (0.60s): {
  "results": [
    {
      "url": "https://en.wikipedia.org/wiki/Hippocampus",
      "title": "",
      "content": "",
      "error": "{\"detail\":{\"error\":\"This request exceeds this API key's se
2026-08-26 16:03:23,475 WARNING tools.web_tools: web_extract backend 'tavily' failed all 2 URL(s) ({"detail":{"error":"This request exceeds this API key's set usage limit. You can increase its limit on the Tavily dashboard."}}); one-shot keyless rescue
2026-08-26 16:03:23,729 WARNING [cron_a5e01552e0f7_20260826_160001] agent.tool_executor: Tool web_extract returned error (0.64s): {
  "results": [
    {
      "url": "https://www.britannica.com/science/hippocampus",
      "title": "",
      "content": "",
      "error": "{\"detail\":{\"error\":\"This request exceeds this API key
2026-08-26 16:03:35,462 WARNING tools.approval: Unknown approvals.mode 'auto' — defaulting to 'manual'. Valid values: manual, smart, off
2026-08-26 16:03:49,227 WARNING tools.approval: Unknown approvals.mode 'auto' — defaulting to 'manual'. Valid values: manual, smart, off
2026-08-26 16:03:49,231 WARNING [cron_a5e01552e0f7_20260826_160001] agent.tool_executor: Tool terminal returned error (0.01s): {"output": "", "exit_code": -1, "error": "BLOCKED: Command flagged as dangerous (script execution via -e/-c flag) but cron jobs run without a user present to approve it. Find an alternative approach t
2026-08-26 16:04:00,130 WARNING tools.approval: Unknown approvals.mode 'auto' — defaulting to 'manual'. Valid values: manual, smart, off
2026-08-26 16:04:13,362 WARNING tools.approval: Unknown approvals.mode 'auto' — defaulting to 'manual'. Valid values: manual, smart, off
2026-08-26 16:04:20,630 WARNING tools.approval: Unknown approvals.mode 'auto' — defaulting to 'manual'. Valid values: manual, smart, off
2026-08-26 16:04:57,034 WARNING tools.web_tools: web_extract backend 'tavily' failed all 3 URL(s) ({"detail":{"error":"This request exceeds this API key's set usage limit. You can increase its limit on the Tavily dashboard."}}); one-shot keyless rescue
2026-08-26 16:04:57,285 WARNING [cron_a5e01552e0f7_20260826_160001] agent.tool_executor: Tool web_extract returned error (0.60s): {
  "results": [
    {
      "url": "https://en.wikipedia.org/wiki/Hippocampus",
      "title": "",
      "content": "",
      "error": "{\"detail\":{\"error\":\"This request exceeds this API key's se
2026-08-26 16:05:11,536 WARNING tools.approval: Unknown approvals.mode 'auto' — defaulting to 'manual'. Valid values: manual, smart, off
2026-08-26 16:05:24,006 WARNING tools.approval: Unknown approvals.mode 'auto' — defaulting to 'manual'. Valid values: manual, smart, off
2026-08-26 16:05:35,922 WARNING tools.approval: Unknown approvals.mode 'auto' — defaulting to 'manual'. Valid values: manual, smart, off
2026-08-26 16:05:44,297 WARNING tools.approval: Unknown approvals.mode 'auto' — defaulting to 'manual'. Valid values: manual, smart, off
2026-08-26 16:07:50,515 WARNING [cron_a5e01552e0f7_20260826_160001] agent.conversation_loop: API call failed (attempt 1/3) error_type=InternalServerError thread=ThreadPoolExecutor-36_0:133309023622848 provider=nous base_url=https://inference-api.nousresearch.com/v1 model=meituan/longcat-2.0:free summary=HTTP 524: {"type":"https://developers.cloudflare.com/support/troubleshooting/http-status-codes/cloudflare-5xx-errors/error-524/","title":"Error 524: A timeout occurred","status":524,"detail":"The origin web server did not return a complete response within the 120-second Proxy Read Timeout window. The connecti
2026-08-26 16:07:50,515 WARNING [cron_a5e01552e0f7_20260826_160001] agent.conversation_loop: Retrying API call in 2.5269636539982083s (attempt 1/3) thread=ThreadPoolExecutor-36_0:133309023622848 provider=nous base_url=https://inference-api.nousresearch.com/v1 model=meituan/longcat-2.0:free policy=default error=Error code: 524 - {'type': 'https://developers.cloudflare.com/support/troubleshooting/http-status-codes/cloudflare-5xx-errors/error-524/', 'title': 'Error 524: A timeout occurred', 'status': 524, 'detail': 'The origin web server did not return a complete response within the 120-second Proxy Read Timeout window. The connection was established, but the origin took too long to respond.', 'instance': 'a3167baafcff75d3', 'error_code': 524, 'error_name': 'origin_response_timeout', 'error_category': 'origin', 'ray_id': 'a3167baafcff75d3', 'timestamp': '2026-08-26T23:07:50Z', 'zone': 'inference-api.nousresearch.com', 'cloudflare_error': True, 'retryable': True, 'retry_after': 120, 'owner_action_required': True, 'what_you_should_do': '**Wait and retry.** Back off for at least 120 seconds. If the error persists, the website operator should check for long-running processes or an overloaded origin.', 'footer': 'This error was generated by Cloudflare on behalf of the website owner.'}
2026-08-26 16:08:08,326 WARNING tools.approval: Unknown approvals.mode 'auto' — defaulting to 'manual'. Valid values: manual, smart, off
2026-08-26 16:08:17,231 WARNING tools.approval: Unknown approvals.mode 'auto' — defaulting to 'manual'. Valid values: manual, smart, off
2026-08-26 16:09:00,916 WARNING tools.registry: check_fn check_browser_back_requirements returned False; dependent tools will be unavailable this turn
2026-08-26 16:09:00,917 WARNING tools.registry: check_fn _browser_cdp_check returned False; dependent tools will be unavailable this turn
2026-08-26 16:09:00,918 WARNING tools.registry: check_fn check_browser_click_requirements returned False; dependent tools will be unavailable this turn
2026-08-26 16:09:00,919 WARNING tools.registry: check_fn check_browser_requirements returned False; dependent tools will be unavailable this turn
2026-08-26 16:09:00,920 WARNING tools.registry: check_fn _browser_dialog_check returned False; dependent tools will be unavailable this turn
2026-08-26 16:09:00,927 WARNING tools.registry: check_fn check_browser_navigate_requirements returned False; dependent tools will be unavailable this turn
2026-08-26 16:09:00,928 WARNING tools.registry: check_fn check_browser_press_requirements returned False; dependent tools will be unavailable this turn
2026-08-26 16:09:00,929 WARNING tools.registry: check_fn check_browser_scroll_requirements returned False; dependent tools will be unavailable this turn
2026-08-26 16:09:00,931 WARNING tools.registry: check_fn check_browser_snapshot_requirements returned False; dependent tools will be unavailable this turn
2026-08-26 16:09:00,932 WARNING tools.registry: check_fn check_browser_type_requirements returned False; dependent tools will be unavailable this turn
2026-08-26 16:09:00,933 WARNING tools.registry: check_fn check_browser_vision_requirements returned False; dependent tools will be unavailable this turn
2026-08-26 16:09:00,935 WARNING tools.registry: check_fn check_image_generation_requirements returned False; dependent tools will be unavailable this turn
2026-08-26 16:09:00,937 WARNING tools.registry: check_fn _check_kanban_mode returned False; dependent tools will be unavailable this turn
2026-08-26 16:09:00,939 WARNING tools.registry: check_fn _check_kanban_orchestrator_mode returned False; dependent tools will be unavailable this turn
2026-08-26 16:09:29,415 WARNING tools.approval: Unknown approvals.mode 'auto' — defaulting to 'manual'. Valid values: manual, smart, off
2026-08-26 16:09:45,094 WARNING tools.approval: Unknown approvals.mode 'auto' — defaulting to 'manual'. Valid values: manual, smart, off
2026-08-26 16:09:54,026 WARNING tools.approval: Unknown approvals.mode 'auto' — defaulting to 'manual'. Valid values: manual, smart, off
2026-08-26 16:10:22,700 WARNING tools.approval: Unknown approvals.mode 'auto' — defaulting to 'manual'. Valid values: manual, smart, off
2026-08-26 16:10:55,502 WARNING tools.approval: Unknown approvals.mode 'auto' — defaulting to 'manual'. Valid values: manual, smart, off
2026-08-26 16:11:08,555 WARNING tools.approval: Unknown approvals.mode 'auto' — defaulting to 'manual'. Valid values: manual, smart, off
2026-08-26 16:11:19,857 WARNING tools.approval: Unknown approvals.mode 'auto' — defaulting to 'manual'. Valid values: manual, smart, off
2026-08-26 16:11:31,210 WARNING tools.approval: Unknown approvals.mode 'auto' — defaulting to 'manual'. Valid values: manual, smart, off
2026-08-26 16:11:43,201 WARNING tools.approval: Unknown approvals.mode 'auto' — defaulting to 'manual'. Valid values: manual, smart, off
2026-08-26 16:11:56,847 WARNING tools.approval: Unknown approvals.mode 'auto' — defaulting to 'manual'. Valid values: manual, smart, off
2026-08-26 16:12:09,827 WARNING tools.approval: Unknown approvals.mode 'auto' — defaulting to 'manual'. Valid values: manual, smart, off
2026-08-26 16:12:23,801 WARNING tools.approval: Unknown approvals.mode 'auto' — defaulting to 'manual'. Valid values: manual, smart, off
2026-08-26 16:12:35,032 WARNING tools.approval: Unknown approvals.mode 'auto' — defaulting to 'manual'. Valid values: manual, smart, off
2026-08-26 16:12:51,817 WARNING [cron_a5e01552e0f7_20260826_160001] agent.tool_executor: Tool web_search returned error (0.00s): {"error": "Blocked web_search: this turn has already made 50 web searches, the per-turn limit. This looks like a runaway search loop. Work with the results you already have and give the user your answ
2026-08-26 16:12:51,824 WARNING [cron_a5e01552e0f7_20260826_160001] agent.tool_executor: Tool web_search returned error (0.00s): {"error": "Blocked web_search: this turn has already made 50 web searches, the per-turn limit. This looks like a runaway search loop. Work with the results you already have and give the user your answ
2026-08-26 16:12:51,832 WARNING [cron_a5e01552e0f7_20260826_160001] agent.tool_executor: Tool web_search returned error (0.00s): {"error": "Blocked web_search: this turn has already made 50 web searches, the per-turn limit. This looks like a runaway search loop. Work with the results you already have and give the user your answ
2026-08-26 21:26:31,267 WARNING agent.chat_completion_helpers: Inline non-streaming API call stale for 180s (threshold 180s). model=Qwen3.6-35B-A3B-Q4_K_M.gguf context=~28,426 tokens. Killing connection.
2026-08-26 21:26:31,270 WARNING [cron_97842ab6d078_20260826_212331] agent.conversation_loop: API call failed (attempt 1/3) error_type=TimeoutError thread=ThreadPoolExecutor-88_0:133309023622848 provider=custom base_url=http://10.1.1.10:8080/v1 model=Qwen3.6-35B-A3B-Q4_K_M.gguf summary=Non-streaming API call timed out after 180s with no response (threshold: 180s)
2026-08-26 21:26:31,270 WARNING [cron_97842ab6d078_20260826_212331] agent.conversation_loop: Retrying API call in 2.542164626349691s (attempt 1/3) thread=ThreadPoolExecutor-88_0:133309023622848 provider=custom base_url=http://10.1.1.10:8080/v1 model=Qwen3.6-35B-A3B-Q4_K_M.gguf policy=default error=Non-streaming API call timed out after 180s with no response (threshold: 180s)
2026-08-26 21:27:10,908 WARNING tools.approval: Unknown approvals.mode 'auto' — defaulting to 'manual'. Valid values: manual, smart, off
2026-08-26 21:28:24,196 WARNING tools.approval: Unknown approvals.mode 'auto' — defaulting to 'manual'. Valid values: manual, smart, off
2026-08-26 21:28:24,485 WARNING tools.approval: Unknown approvals.mode 'auto' — defaulting to 'manual'. Valid values: manual, smart, off
2026-08-26 21:28:41,238 WARNING tools.approval: Unknown approvals.mode 'auto' — defaulting to 'manual'. Valid values: manual, smart, off
2026-08-26 21:28:41,400 WARNING tools.approval: Unknown approvals.mode 'auto' — defaulting to 'manual'. Valid values: manual, smart, off
2026-08-26 21:29:00,907 WARNING tools.approval: Unknown approvals.mode 'auto' — defaulting to 'manual'. Valid values: manual, smart, off
2026-08-26 21:29:01,168 WARNING tools.approval: Unknown approvals.mode 'auto' — defaulting to 'manual'. Valid values: manual, smart, off
2026-08-26 21:29:01,491 WARNING [cron_97842ab6d078_20260826_212331] agent.tool_executor: Tool terminal returned error (0.33s): {"output": "=== Current UTC time: 2026-08-27T04:29:01.269849+00:00 ===\n\n=== INTENTIONS ===\nTraceback (most recent call last):\n  File \"/home/josh434/.autognosia/personal-state/check_organizer.py\"
2026-08-26 21:29:01,508 WARNING tools.approval: Unknown approvals.mode 'auto' — defaulting to 'manual'. Valid values: manual, smart, off
2026-08-26 21:29:01,583 WARNING [cron_97842ab6d078_20260826_212331] agent.tool_executor: Tool terminal returned error (0.08s): {"output": "/usr/bin/bash: line 4: sqlite3: command not found\n---\n/usr/bin/bash: line 4: sqlite3: command not found", "exit_code": 127, "error": null, "hint": "`sqlite3` is not installed or not on P
2026-08-26 23:29:01,975 WARNING cron.jobs: cron.persisted_error.recovered job='OpenCode Dashboard Monitor' id=6628f170186e — recurring job wedged in stale last_status=error without re-firing for a full cadence; re-arming next_run_at to 2026-08-26T23:29:01.969299-07:00 so it re-dispatches without force-run/resume
2026-08-26 23:46:03,633 WARNING cron.jobs: cron.persisted_error.recovered job='OpenCode Progress Monitor' id=40e9cabcac94 — recurring job wedged in stale last_status=error without re-firing for a full cadence; re-arming next_run_at to 2026-08-26T23:46:03.624215-07:00 so it re-dispatches without force-run/resume
2026-08-26 23:47:03,744 WARNING cron.jobs: cron.persisted_error.recovered job='OpenCode Progress Monitor' id=40e9cabcac94 — recurring job wedged in stale last_status=error without re-firing for a full cadence; re-arming next_run_at to 2026-08-26T23:47:03.737196-07:00 so it re-dispatches without force-run/resume
2026-08-26 23:58:59,623 WARNING tools.approval: Unknown approvals.mode 'auto' — defaulting to 'manual'. Valid values: manual, smart, off
2026-08-26 23:59:00,155 WARNING [cron_97842ab6d078_20260826_235604] agent.tool_executor: Tool computer_use returned error (0.54s): {"error": "unknown action 'execute_code'"}
2026-08-27 00:02:00,172 WARNING agent.chat_completion_helpers: Inline non-streaming API call stale for 180s (threshold 180s). model=Qwen3.6-35B-A3B-Q4_K_M.gguf context=~28,519 tokens. Killing connection.
2026-08-27 00:02:00,179 WARNING [cron_97842ab6d078_20260826_235604] agent.conversation_loop: API call failed (attempt 1/3) error_type=TimeoutError thread=ThreadPoolExecutor-104_0:133309023622848 provider=custom base_url=http://10.1.1.10:8080/v1 model=Qwen3.6-35B-A3B-Q4_K_M.gguf summary=Non-streaming API call timed out after 180s with no response (threshold: 180s)
2026-08-27 00:02:00,180 WARNING [cron_97842ab6d078_20260826_235604] agent.conversation_loop: Retrying API call in 2.069949198845357s (attempt 1/3) thread=ThreadPoolExecutor-104_0:133309023622848 provider=custom base_url=http://10.1.1.10:8080/v1 model=Qwen3.6-35B-A3B-Q4_K_M.gguf policy=default error=Non-streaming API call timed out after 180s with no response (threshold: 180s)
2026-08-27 00:05:02,387 WARNING agent.chat_completion_helpers: Inline non-streaming API call stale for 180s (threshold 180s). model=Qwen3.6-35B-A3B-Q4_K_M.gguf context=~28,519 tokens. Killing connection.
2026-08-27 00:05:02,389 WARNING [cron_97842ab6d078_20260826_235604] agent.conversation_loop: API call failed (attempt 2/3) error_type=TimeoutError thread=ThreadPoolExecutor-104_0:133309023622848 provider=custom base_url=http://10.1.1.10:8080/v1 model=Qwen3.6-35B-A3B-Q4_K_M.gguf summary=Non-streaming API call timed out after 180s with no response (threshold: 180s)
2026-08-27 00:05:02,394 WARNING [cron_97842ab6d078_20260826_235604] agent.auxiliary_client: resolve_provider_client: named custom provider 'llamaCPP' has no resolvable api_key — request will be sent with placeholder no-key-required and will 401 on auth-required endpoints
2026-08-27 00:08:02,416 WARNING agent.chat_completion_helpers: Inline non-streaming API call stale for 180s (threshold 180s). model=/models/Qwen3.6-35B-A3B-Q4_K_M.gguf context=~28,521 tokens. Killing connection.
2026-08-27 00:08:02,422 WARNING [cron_97842ab6d078_20260826_235604] agent.conversation_loop: API call failed (attempt 1/3) error_type=TimeoutError thread=ThreadPoolExecutor-104_0:133309023622848 provider=llamacpp base_url=http://10.1.1.10:8080/v1/ model=/models/Qwen3.6-35B-A3B-Q4_K_M.gguf summary=Non-streaming API call timed out after 180s with no response (threshold: 180s)
2026-08-27 00:08:02,422 WARNING [cron_97842ab6d078_20260826_235604] agent.conversation_loop: Retrying API call in 2.9771658228129216s (attempt 1/3) thread=ThreadPoolExecutor-104_0:133309023622848 provider=llamacpp base_url=http://10.1.1.10:8080/v1/ model=/models/Qwen3.6-35B-A3B-Q4_K_M.gguf policy=default error=Non-streaming API call timed out after 180s with no response (threshold: 180s)
2026-08-27 00:11:05,437 WARNING agent.chat_completion_helpers: Inline non-streaming API call stale for 180s (threshold 180s). model=/models/Qwen3.6-35B-A3B-Q4_K_M.gguf context=~28,521 tokens. Killing connection.
2026-08-27 00:11:05,439 WARNING [cron_97842ab6d078_20260826_235604] agent.conversation_loop: API call failed (attempt 2/3) error_type=TimeoutError thread=ThreadPoolExecutor-104_0:133309023622848 provider=llamacpp base_url=http://10.1.1.10:8080/v1/ model=/models/Qwen3.6-35B-A3B-Q4_K_M.gguf summary=Non-streaming API call timed out after 180s with no response (threshold: 180s)
2026-08-27 00:11:05,439 WARNING [cron_97842ab6d078_20260826_235604] agent.conversation_loop: Retrying API call in 4.2348247339673675s (attempt 2/3) thread=ThreadPoolExecutor-104_0:133309023622848 provider=llamacpp base_url=http://10.1.1.10:8080/v1/ model=/models/Qwen3.6-35B-A3B-Q4_K_M.gguf policy=default error=Non-streaming API call timed out after 180s with no response (threshold: 180s)
2026-08-27 00:12:10,886 WARNING tools.approval: Unknown approvals.mode 'auto' — defaulting to 'manual'. Valid values: manual, smart, off
2026-08-27 00:13:14,469 WARNING tools.approval: Unknown approvals.mode 'auto' — defaulting to 'manual'. Valid values: manual, smart, off
2026-08-27 00:13:14,559 WARNING tools.approval: Unknown approvals.mode 'auto' — defaulting to 'manual'. Valid values: manual, smart, off
2026-08-27 00:13:14,561 WARNING [cron_97842ab6d078_20260826_235604] agent.tool_executor: Tool execute_code returned error (0.00s): {"status": "error", "error": "BLOCKED: execute_code runs arbitrary local Python (including subprocess calls that bypass shell-string approval checks). Cron jobs run without a user present to approve i
2026-08-27 00:30:14,305 WARNING tools.approval: Unknown approvals.mode 'auto' — defaulting to 'manual'. Valid values: manual, smart, off
2026-08-27 00:32:19,619 WARNING [cron_1d578cbabe84_20260827_003007] agent.conversation_loop: API call failed (attempt 1/3) error_type=InternalServerError thread=ThreadPoolExecutor-110_0:133309023622848 provider=nous base_url=https://inference-api.nousresearch.com/v1 model=meituan/longcat-2.0:free summary=HTTP 524: {"type":"https://developers.cloudflare.com/support/troubleshooting/http-status-codes/cloudflare-5xx-errors/error-524/","title":"Error 524: A timeout occurred","status":524,"detail":"The origin web server did not return a complete response within the 120-second Proxy Read Timeout window. The connecti
2026-08-27 00:32:19,619 WARNING [cron_1d578cbabe84_20260827_003007] agent.conversation_loop: Retrying API call in 2.1676247800493016s (attempt 1/3) thread=ThreadPoolExecutor-110_0:133309023622848 provider=nous base_url=https://inference-api.nousresearch.com/v1 model=meituan/longcat-2.0:free policy=default error=Error code: 524 - {'type': 'https://developers.cloudflare.com/support/troubleshooting/http-status-codes/cloudflare-5xx-errors/error-524/', 'title': 'Error 524: A timeout occurred', 'status': 524, 'detail': 'The origin web server did not return a complete response within the 120-second Proxy Read Timeout window. The connection was established, but the origin took too long to respond.', 'instance': 'a3195ea91bc2e945', 'error_code': 524, 'error_name': 'origin_response_timeout', 'error_category': 'origin', 'ray_id': 'a3195ea91bc2e945', 'timestamp': '2026-08-27T07:32:19Z', 'zone': 'inference-api.nousresearch.com', 'cloudflare_error': True, 'retryable': True, 'retry_after': 120, 'owner_action_required': True, 'what_you_should_do': '**Wait and retry.** Back off for at least 120 seconds. If the error persists, the website operator should check for long-running processes or an overloaded origin.', 'footer': 'This error was generated by Cloudflare on behalf of the website owner.'}
2026-08-27 00:33:16,266 WARNING tools.web_tools: web_extract backend 'tavily' failed all 2 URL(s) ({"detail":{"error":"This request exceeds this API key's set usage limit. You can increase its limit on the Tavily dashboard."}}); one-shot keyless rescue
2026-08-27 00:33:16,430 WARNING tools.web_tools: web_extract backend 'tavily' failed all 3 URL(s) ({"detail":{"error":"This request exceeds this API key's set usage limit. You can increase its limit on the Tavily dashboard."}}); one-shot keyless rescue
2026-08-27 00:33:53,992 WARNING tools.approval: Unknown approvals.mode 'auto' — defaulting to 'manual'. Valid values: manual, smart, off
2026-08-27 00:35:29,905 WARNING tools.approval: Unknown approvals.mode 'auto' — defaulting to 'manual'. Valid values: manual, smart, off
2026-08-27 00:36:57,741 WARNING tools.approval: Unknown approvals.mode 'auto' — defaulting to 'manual'. Valid values: manual, smart, off
2026-08-27 00:37:45,391 WARNING tools.approval: Unknown approvals.mode 'auto' — defaulting to 'manual'. Valid values: manual, smart, off
2026-08-27 00:38:34,171 WARNING tools.approval: Unknown approvals.mode 'auto' — defaulting to 'manual'. Valid values: manual, smart, off
2026-08-27 00:39:12,552 WARNING tools.approval: Unknown approvals.mode 'auto' — defaulting to 'manual'. Valid values: manual, smart, off
2026-08-27 00:40:20,851 WARNING tools.approval: Unknown approvals.mode 'auto' — defaulting to 'manual'. Valid values: manual, smart, off
2026-08-27 00:40:33,717 WARNING tools.approval: Unknown approvals.mode 'auto' — defaulting to 'manual'. Valid values: manual, smart, off
2026-08-27 00:41:10,572 WARNING tools.approval: Unknown approvals.mode 'auto' — defaulting to 'manual'. Valid values: manual, smart, off
2026-08-27 00:41:10,576 WARNING [cron_1d578cbabe84_20260827_003007] agent.tool_executor: Tool terminal returned error (0.01s): {"output": "", "exit_code": -1, "error": "BLOCKED: Command flagged as dangerous (script execution via -e/-c flag) but cron jobs run without a user present to approve it. Find an alternative approach t
2026-08-27 00:41:19,658 WARNING tools.approval: Unknown approvals.mode 'auto' — defaulting to 'manual'. Valid values: manual, smart, off
2026-08-27 01:00:21,124 WARNING tools.approval: Unknown approvals.mode 'auto' — defaulting to 'manual'. Valid values: manual, smart, off
2026-08-27 01:00:33,660 WARNING tools.approval: Unknown approvals.mode 'auto' — defaulting to 'manual'. Valid values: manual, smart, off
2026-08-27 01:01:47,884 WARNING tools.web_tools: web_extract backend 'tavily' failed all 3 URL(s) ({"detail":{"error":"This request exceeds this API key's set usage limit. You can increase its limit on the Tavily dashboard."}}); one-shot keyless rescue
2026-08-27 01:02:57,751 WARNING tools.web_tools: web_extract backend 'tavily' failed all 3 URL(s) ({"detail":{"error":"This request exceeds this API key's set usage limit. You can increase its limit on the Tavily dashboard."}}); one-shot keyless rescue
2026-08-27 01:02:58,002 WARNING [cron_a5e01552e0f7_20260827_010011] agent.tool_executor: Tool web_extract returned error (0.61s): {
  "results": [
    {
      "url": "https://plato.stanford.edu/entries/schema-theory/",
      "title": "",
      "content": "",
      "error": "{\"detail\":{\"error\":\"This request exceeds this API 
2026-08-27 01:03:47,896 WARNING tools.approval: Unknown approvals.mode 'auto' — defaulting to 'manual'. Valid values: manual, smart, off
2026-08-27 01:05:15,907 WARNING tools.approval: Unknown approvals.mode 'auto' — defaulting to 'manual'. Valid values: manual, smart, off
2026-08-27 01:05:46,087 WARNING tools.approval: Unknown approvals.mode 'auto' — defaulting to 'manual'. Valid values: manual, smart, off
2026-08-27 01:05:46,258 WARNING [cron_a5e01552e0f7_20260827_010011] agent.tool_executor: Tool terminal returned error (0.18s): {"output": "", "exit_code": -1, "error": "BLOCKED: Command flagged as dangerous (script execution via -e/-c flag) but cron jobs run without a user present to approve it. Find an alternative approach t
2026-08-27 01:09:16,683 WARNING [cron_a5e01552e0f7_20260827_010011] agent.tool_executor: Tool patch returned error (0.01s): {"success": false, "error": "Found 4 matches for old_string. Provide more context to make it unique, or use replace_all=True. Matches:\n  L1: ---\n  L14: ---\n  L28: ---## Core Mechanisms\n  L70: ---"
2026-08-27 01:13:30,923 WARNING tools.approval: Unknown approvals.mode 'auto' — defaulting to 'manual'. Valid values: manual, smart, off
2026-08-27 01:13:45,090 WARNING tools.approval: Unknown approvals.mode 'auto' — defaulting to 'manual'. Valid values: manual, smart, off
2026-08-27 01:13:59,737 WARNING tools.approval: Unknown approvals.mode 'auto' — defaulting to 'manual'. Valid values: manual, smart, off
2026-08-27 01:14:01,919 WARNING [cron_a5e01552e0f7_20260827_010011] agent.conversation_loop: API call failed (attempt 1/3) error_type=RateLimitError thread=ThreadPoolExecutor-134_0:133309038311104 provider=nous base_url=https://inference-api.nousresearch.com/v1 model=meituan/longcat-2.0:free summary=HTTP 429: Hold up for a bit, you've exceeded the rate limit on your API key.
2026-08-27 01:14:01,920 WARNING [cron_a5e01552e0f7_20260827_010011] agent.auxiliary_client: resolve_provider_client: named custom provider 'llamaCPP' has no resolvable api_key — request will be sent with placeholder no-key-required and will 401 on auth-required endpoints
2026-08-27 01:18:02,015 WARNING [cron_a5e01552e0f7_20260827_010011] agent.conversation_loop: API call failed (attempt 1/3) error_type=TimeoutError thread=ThreadPoolExecutor-134_0:133309038311104 provider=llamacpp base_url=http://10.1.1.10:8080/v1/ model=/models/Qwen3.6-35B-A3B-Q4_K_M.gguf summary=Non-streaming API call timed out after 240s with no response (threshold: 240s)
2026-08-27 01:18:02,016 WARNING [cron_a5e01552e0f7_20260827_010011] agent.conversation_loop: Retrying API call in 2.1071160915878275s (attempt 1/3) thread=ThreadPoolExecutor-134_0:133309038311104 provider=llamacpp base_url=http://10.1.1.10:8080/v1/ model=/models/Qwen3.6-35B-A3B-Q4_K_M.gguf policy=default error=Non-streaming API call timed out after 240s with no response (threshold: 240s)
2026-08-27 01:18:02,022 WARNING agent.chat_completion_helpers: Inline non-streaming API call stale for 240s (threshold 240s). model=/models/Qwen3.6-35B-A3B-Q4_K_M.gguf context=~126,252 tokens. Killing connection.
2026-08-27 01:20:52,820 WARNING [cron_a5e01552e0f7_20260827_010011] agent.conversation_loop: API call failed (attempt 2/3) error_type=InternalServerError thread=ThreadPoolExecutor-134_0:133309038311104 provider=llamacpp base_url=http://10.1.1.10:8080/v1/ model=/models/Qwen3.6-35B-A3B-Q4_K_M.gguf summary=HTTP 500: Context size has been exceeded.
2026-08-27 01:20:52,832 WARNING agent.auxiliary_client: resolve_provider_client: named custom provider 'llamaCPP' has no resolvable api_key — request will be sent with placeholder no-key-required and will 401 on auth-required endpoints
2026-08-27 01:20:52,898 WARNING agent.auxiliary_client: resolve_provider_client: named custom provider 'llamaCPP' has no resolvable api_key — request will be sent with placeholder no-key-required and will 401 on auth-required endpoints
2026-08-27 01:31:32,072 WARNING agent.chat_completion_helpers: Inline non-streaming API call stale for 180s (threshold 180s). model=/models/Qwen3.6-35B-A3B-Q4_K_M.gguf context=~70,115 tokens. Killing connection.
2026-08-27 01:31:32,078 WARNING [cron_a5e01552e0f7_20260827_010011] agent.conversation_loop: API call failed (attempt 1/3) error_type=TimeoutError thread=ThreadPoolExecutor-134_0:133309038311104 provider=llamacpp base_url=http://10.1.1.10:8080/v1/ model=/models/Qwen3.6-35B-A3B-Q4_K_M.gguf summary=Non-streaming API call timed out after 180s with no response (threshold: 180s)
2026-08-27 01:31:32,078 WARNING [cron_a5e01552e0f7_20260827_010011] agent.conversation_loop: Retrying API call in 2.3771671783707826s (attempt 1/3) thread=ThreadPoolExecutor-134_0:133309038311104 provider=llamacpp base_url=http://10.1.1.10:8080/v1/ model=/models/Qwen3.6-35B-A3B-Q4_K_M.gguf policy=default error=Non-streaming API call timed out after 180s with no response (threshold: 180s)
2026-08-27 03:41:26,738 WARNING cron.jobs: cron.persisted_error.recovered job='OpenCode Dashboard Monitor' id=6628f170186e — recurring job wedged in stale last_status=error without re-firing for a full cadence; re-arming next_run_at to 2026-08-27T03:41:26.734163-07:00 so it re-dispatches without force-run/resume
2026-08-27 03:42:26,861 WARNING cron.jobs: cron.persisted_error.recovered job='OpenCode Dashboard Monitor' id=6628f170186e — recurring job wedged in stale last_status=error without re-firing for a full cadence; re-arming next_run_at to 2026-08-27T03:42:26.856348-07:00 so it re-dispatches without force-run/resume
2026-08-27 03:43:26,965 WARNING cron.jobs: cron.persisted_error.recovered job='OpenCode Dashboard Monitor' id=6628f170186e — recurring job wedged in stale last_status=error without re-firing for a full cadence; re-arming next_run_at to 2026-08-27T03:43:26.962826-07:00 so it re-dispatches without force-run/resume
2026-08-27 03:44:27,111 WARNING cron.jobs: cron.persisted_error.recovered job='OpenCode Dashboard Monitor' id=6628f170186e — recurring job wedged in stale last_status=error without re-firing for a full cadence; re-arming next_run_at to 2026-08-27T03:44:27.108482-07:00 so it re-dispatches without force-run/resume
2026-08-27 03:45:27,218 WARNING cron.jobs: cron.persisted_error.recovered job='OpenCode Dashboard Monitor' id=6628f170186e — recurring job wedged in stale last_status=error without re-firing for a full cadence; re-arming next_run_at to 2026-08-27T03:45:27.216251-07:00 so it re-dispatches without force-run/resume
2026-08-27 03:46:27,302 WARNING cron.jobs: cron.persisted_error.recovered job='OpenCode Dashboard Monitor' id=6628f170186e — recurring job wedged in stale last_status=error without re-firing for a full cadence; re-arming next_run_at to 2026-08-27T03:46:27.300397-07:00 so it re-dispatches without force-run/resume
2026-08-27 03:47:27,390 WARNING cron.jobs: cron.persisted_error.recovered job='OpenCode Dashboard Monitor' id=6628f170186e — recurring job wedged in stale last_status=error without re-firing for a full cadence; re-arming next_run_at to 2026-08-27T03:47:27.387446-07:00 so it re-dispatches without force-run/resume
2026-08-27 03:48:27,473 WARNING cron.jobs: cron.persisted_error.recovered job='OpenCode Dashboard Monitor' id=6628f170186e — recurring job wedged in stale last_status=error without re-firing for a full cadence; re-arming next_run_at to 2026-08-27T03:48:27.470837-07:00 so it re-dispatches without force-run/resume
2026-08-27 03:49:27,574 WARNING cron.jobs: cron.persisted_error.recovered job='OpenCode Dashboard Monitor' id=6628f170186e — recurring job wedged in stale last_status=error without re-firing for a full cadence; re-arming next_run_at to 2026-08-27T03:49:27.570678-07:00 so it re-dispatches without force-run/resume
2026-08-27 03:50:27,660 WARNING cron.jobs: cron.persisted_error.recovered job='OpenCode Dashboard Monitor' id=6628f170186e — recurring job wedged in stale last_status=error without re-firing for a full cadence; re-arming next_run_at to 2026-08-27T03:50:27.658683-07:00 so it re-dispatches without force-run/resume
2026-08-27 03:51:27,752 WARNING cron.jobs: cron.persisted_error.recovered job='OpenCode Dashboard Monitor' id=6628f170186e — recurring job wedged in stale last_status=error without re-firing for a full cadence; re-arming next_run_at to 2026-08-27T03:51:27.749596-07:00 so it re-dispatches without force-run/resume
2026-08-27 03:52:27,831 WARNING cron.jobs: cron.persisted_error.recovered job='OpenCode Dashboard Monitor' id=6628f170186e — recurring job wedged in stale last_status=error without re-firing for a full cadence; re-arming next_run_at to 2026-08-27T03:52:27.827597-07:00 so it re-dispatches without force-run/resume
2026-08-27 03:53:27,922 WARNING cron.jobs: cron.persisted_error.recovered job='OpenCode Dashboard Monitor' id=6628f170186e — recurring job wedged in stale last_status=error without re-firing for a full cadence; re-arming next_run_at to 2026-08-27T03:53:27.911720-07:00 so it re-dispatches without force-run/resume
2026-08-27 03:54:28,066 WARNING cron.jobs: cron.persisted_error.recovered job='OpenCode Dashboard Monitor' id=6628f170186e — recurring job wedged in stale last_status=error without re-firing for a full cadence; re-arming next_run_at to 2026-08-27T03:54:28.063850-07:00 so it re-dispatches without force-run/resume
2026-08-27 03:55:28,152 WARNING cron.jobs: cron.persisted_error.recovered job='OpenCode Dashboard Monitor' id=6628f170186e — recurring job wedged in stale last_status=error without re-firing for a full cadence; re-arming next_run_at to 2026-08-27T03:55:28.147599-07:00 so it re-dispatches without force-run/resume
2026-08-27 03:56:28,250 WARNING cron.jobs: cron.persisted_error.recovered job='OpenCode Dashboard Monitor' id=6628f170186e — recurring job wedged in stale last_status=error without re-firing for a full cadence; re-arming next_run_at to 2026-08-27T03:56:28.246855-07:00 so it re-dispatches without force-run/resume
2026-08-27 03:57:28,342 WARNING cron.jobs: cron.persisted_error.recovered job='OpenCode Dashboard Monitor' id=6628f170186e — recurring job wedged in stale last_status=error without re-firing for a full cadence; re-arming next_run_at to 2026-08-27T03:57:28.339776-07:00 so it re-dispatches without force-run/resume
2026-08-27 03:57:28,342 WARNING cron.jobs: cron.persisted_error.recovered job='OpenCode Progress Monitor' id=40e9cabcac94 — recurring job wedged in stale last_status=error without re-firing for a full cadence; re-arming next_run_at to 2026-08-27T03:57:28.339776-07:00 so it re-dispatches without force-run/resume
2026-08-27 03:58:28,459 WARNING cron.jobs: cron.persisted_error.recovered job='OpenCode Dashboard Monitor' id=6628f170186e — recurring job wedged in stale last_status=error without re-firing for a full cadence; re-arming next_run_at to 2026-08-27T03:58:28.456388-07:00 so it re-dispatches without force-run/resume
2026-08-27 03:58:28,461 WARNING cron.jobs: cron.persisted_error.recovered job='OpenCode Progress Monitor' id=40e9cabcac94 — recurring job wedged in stale last_status=error without re-firing for a full cadence; re-arming next_run_at to 2026-08-27T03:58:28.456388-07:00 so it re-dispatches without force-run/resume
2026-08-27 03:59:28,551 WARNING cron.jobs: cron.persisted_error.recovered job='OpenCode Dashboard Monitor' id=6628f170186e — recurring job wedged in stale last_status=error without re-firing for a full cadence; re-arming next_run_at to 2026-08-27T03:59:28.549342-07:00 so it re-dispatches without force-run/resume
2026-08-27 03:59:28,552 WARNING cron.jobs: cron.persisted_error.recovered job='OpenCode Progress Monitor' id=40e9cabcac94 — recurring job wedged in stale last_status=error without re-firing for a full cadence; re-arming next_run_at to 2026-08-27T03:59:28.549342-07:00 so it re-dispatches without force-run/resume
2026-08-27 04:00:28,660 WARNING cron.jobs: cron.persisted_error.recovered job='OpenCode Dashboard Monitor' id=6628f170186e — recurring job wedged in stale last_status=error without re-firing for a full cadence; re-arming next_run_at to 2026-08-27T04:00:28.655711-07:00 so it re-dispatches without force-run/resume
2026-08-27 04:00:28,661 WARNING cron.jobs: cron.persisted_error.recovered job='OpenCode Progress Monitor' id=40e9cabcac94 — recurring job wedged in stale last_status=error without re-firing for a full cadence; re-arming next_run_at to 2026-08-27T04:00:28.655711-07:00 so it re-dispatches without force-run/resume
2026-08-27 04:01:28,769 WARNING cron.jobs: cron.persisted_error.recovered job='OpenCode Dashboard Monitor' id=6628f170186e — recurring job wedged in stale last_status=error without re-firing for a full cadence; re-arming next_run_at to 2026-08-27T04:01:28.766225-07:00 so it re-dispatches without force-run/resume
2026-08-27 04:01:28,771 WARNING cron.jobs: cron.persisted_error.recovered job='OpenCode Progress Monitor' id=40e9cabcac94 — recurring job wedged in stale last_status=error without re-firing for a full cadence; re-arming next_run_at to 2026-08-27T04:01:28.766225-07:00 so it re-dispatches without force-run/resume
2026-08-27 04:02:28,868 WARNING cron.jobs: cron.persisted_error.recovered job='OpenCode Dashboard Monitor' id=6628f170186e — recurring job wedged in stale last_status=error without re-firing for a full cadence; re-arming next_run_at to 2026-08-27T04:02:28.861206-07:00 so it re-dispatches without force-run/resume
2026-08-27 04:02:28,869 WARNING cron.jobs: cron.persisted_error.recovered job='OpenCode Progress Monitor' id=40e9cabcac94 — recurring job wedged in stale last_status=error without re-firing for a full cadence; re-arming next_run_at to 2026-08-27T04:02:28.861206-07:00 so it re-dispatches without force-run/resume
2026-08-27 04:03:28,996 WARNING cron.jobs: cron.persisted_error.recovered job='OpenCode Dashboard Monitor' id=6628f170186e — recurring job wedged in stale last_status=error without re-firing for a full cadence; re-arming next_run_at to 2026-08-27T04:03:28.993626-07:00 so it re-dispatches without force-run/resume
2026-08-27 04:03:28,998 WARNING cron.jobs: cron.persisted_error.recovered job='OpenCode Progress Monitor' id=40e9cabcac94 — recurring job wedged in stale last_status=error without re-firing for a full cadence; re-arming next_run_at to 2026-08-27T04:03:28.993626-07:00 so it re-dispatches without force-run/resume
2026-08-27 05:28:36,254 WARNING cron.jobs: cron.persisted_error.recovered job='OpenCode Progress Monitor' id=40e9cabcac94 — recurring job wedged in stale last_status=error without re-firing for a full cadence; re-arming next_run_at to 2026-08-27T05:28:36.250954-07:00 so it re-dispatches without force-run/resume
2026-08-27 05:29:36,356 WARNING cron.jobs: cron.persisted_error.recovered job='OpenCode Progress Monitor' id=40e9cabcac94 — recurring job wedged in stale last_status=error without re-firing for a full cadence; re-arming next_run_at to 2026-08-27T05:29:36.352068-07:00 so it re-dispatches without force-run/resume
2026-08-27 05:30:36,437 WARNING cron.jobs: cron.persisted_error.recovered job='OpenCode Progress Monitor' id=40e9cabcac94 — recurring job wedged in stale last_status=error without re-firing for a full cadence; re-arming next_run_at to 2026-08-27T05:30:36.435390-07:00 so it re-dispatches without force-run/resume
2026-08-27 05:31:36,515 WARNING cron.jobs: cron.persisted_error.recovered job='OpenCode Progress Monitor' id=40e9cabcac94 — recurring job wedged in stale last_status=error without re-firing for a full cadence; re-arming next_run_at to 2026-08-27T05:31:36.512568-07:00 so it re-dispatches without force-run/resume
2026-08-27 05:32:36,597 WARNING cron.jobs: cron.persisted_error.recovered job='OpenCode Progress Monitor' id=40e9cabcac94 — recurring job wedged in stale last_status=error without re-firing for a full cadence; re-arming next_run_at to 2026-08-27T05:32:36.594765-07:00 so it re-dispatches without force-run/resume
2026-08-27 05:33:36,669 WARNING cron.jobs: cron.persisted_error.recovered job='OpenCode Progress Monitor' id=40e9cabcac94 — recurring job wedged in stale last_status=error without re-firing for a full cadence; re-arming next_run_at to 2026-08-27T05:33:36.667022-07:00 so it re-dispatches without force-run/resume
2026-08-27 05:34:36,748 WARNING cron.jobs: cron.persisted_error.recovered job='OpenCode Progress Monitor' id=40e9cabcac94 — recurring job wedged in stale last_status=error without re-firing for a full cadence; re-arming next_run_at to 2026-08-27T05:34:36.746022-07:00 so it re-dispatches without force-run/resume
2026-08-27 05:35:36,847 WARNING cron.jobs: cron.persisted_error.recovered job='OpenCode Progress Monitor' id=40e9cabcac94 — recurring job wedged in stale last_status=error without re-firing for a full cadence; re-arming next_run_at to 2026-08-27T05:35:36.845529-07:00 so it re-dispatches without force-run/resume
2026-08-27 06:07:40,216 WARNING cron.jobs: cron.persisted_error.recovered job='OpenCode Dashboard Monitor' id=6628f170186e — recurring job wedged in stale last_status=error without re-firing for a full cadence; re-arming next_run_at to 2026-08-27T06:07:40.212826-07:00 so it re-dispatches without force-run/resume
2026-08-27 07:32:44,729 WARNING cron.jobs: cron.persisted_error.recovered job='OpenCode Dashboard Monitor' id=6628f170186e — recurring job wedged in stale last_status=error without re-firing for a full cadence; re-arming next_run_at to 2026-08-27T07:32:44.727168-07:00 so it re-dispatches without force-run/resume
2026-08-27 07:33:44,827 WARNING cron.jobs: cron.persisted_error.recovered job='OpenCode Dashboard Monitor' id=6628f170186e — recurring job wedged in stale last_status=error without re-firing for a full cadence; re-arming next_run_at to 2026-08-27T07:33:44.821347-07:00 so it re-dispatches without force-run/resume
2026-08-27 07:34:44,988 WARNING cron.jobs: cron.persisted_error.recovered job='OpenCode Dashboard Monitor' id=6628f170186e — recurring job wedged in stale last_status=error without re-firing for a full cadence; re-arming next_run_at to 2026-08-27T07:34:44.981792-07:00 so it re-dispatches without force-run/resume
2026-08-27 07:35:45,155 WARNING cron.jobs: cron.persisted_error.recovered job='OpenCode Dashboard Monitor' id=6628f170186e — recurring job wedged in stale last_status=error without re-firing for a full cadence; re-arming next_run_at to 2026-08-27T07:35:45.141223-07:00 so it re-dispatches without force-run/resume
2026-08-27 07:36:45,277 WARNING cron.jobs: cron.persisted_error.recovered job='OpenCode Dashboard Monitor' id=6628f170186e — recurring job wedged in stale last_status=error without re-firing for a full cadence; re-arming next_run_at to 2026-08-27T07:36:45.273780-07:00 so it re-dispatches without force-run/resume
2026-08-27 07:37:45,410 WARNING cron.jobs: cron.persisted_error.recovered job='OpenCode Dashboard Monitor' id=6628f170186e — recurring job wedged in stale last_status=error without re-firing for a full cadence; re-arming next_run_at to 2026-08-27T07:37:45.404621-07:00 so it re-dispatches without force-run/resume
2026-08-27 07:38:45,536 WARNING cron.jobs: cron.persisted_error.recovered job='OpenCode Dashboard Monitor' id=6628f170186e — recurring job wedged in stale last_status=error without re-firing for a full cadence; re-arming next_run_at to 2026-08-27T07:38:45.532288-07:00 so it re-dispatches without force-run/resume
2026-08-27 07:39:45,636 WARNING cron.jobs: cron.persisted_error.recovered job='OpenCode Dashboard Monitor' id=6628f170186e — recurring job wedged in stale last_status=error without re-firing for a full cadence; re-arming next_run_at to 2026-08-27T07:39:45.633762-07:00 so it re-dispatches without force-run/resume
2026-08-27 07:40:45,757 WARNING cron.jobs: cron.persisted_error.recovered job='OpenCode Dashboard Monitor' id=6628f170186e — recurring job wedged in stale last_status=error without re-firing for a full cadence; re-arming next_run_at to 2026-08-27T07:40:45.755405-07:00 so it re-dispatches without force-run/resume
2026-08-27 07:41:45,847 WARNING cron.jobs: cron.persisted_error.recovered job='OpenCode Dashboard Monitor' id=6628f170186e — recurring job wedged in stale last_status=error without re-firing for a full cadence; re-arming next_run_at to 2026-08-27T07:41:45.843140-07:00 so it re-dispatches without force-run/resume
2026-08-27 07:42:45,956 WARNING cron.jobs: cron.persisted_error.recovered job='OpenCode Dashboard Monitor' id=6628f170186e — recurring job wedged in stale last_status=error without re-firing for a full cadence; re-arming next_run_at to 2026-08-27T07:42:45.951648-07:00 so it re-dispatches without force-run/resume
2026-08-27 07:43:46,045 WARNING cron.jobs: cron.persisted_error.recovered job='OpenCode Dashboard Monitor' id=6628f170186e — recurring job wedged in stale last_status=error without re-firing for a full cadence; re-arming next_run_at to 2026-08-27T07:43:46.043621-07:00 so it re-dispatches without force-run/resume
2026-08-27 07:44:46,137 WARNING cron.jobs: cron.persisted_error.recovered job='OpenCode Dashboard Monitor' id=6628f170186e — recurring job wedged in stale last_status=error without re-firing for a full cadence; re-arming next_run_at to 2026-08-27T07:44:46.133935-07:00 so it re-dispatches without force-run/resume
2026-08-27 07:45:46,262 WARNING cron.jobs: cron.persisted_error.recovered job='OpenCode Dashboard Monitor' id=6628f170186e — recurring job wedged in stale last_status=error without re-firing for a full cadence; re-arming next_run_at to 2026-08-27T07:45:46.255362-07:00 so it re-dispatches without force-run/resume
2026-08-27 07:46:46,398 WARNING cron.jobs: cron.persisted_error.recovered job='OpenCode Dashboard Monitor' id=6628f170186e — recurring job wedged in stale last_status=error without re-firing for a full cadence; re-arming next_run_at to 2026-08-27T07:46:46.395600-07:00 so it re-dispatches without force-run/resume
2026-08-27 07:47:46,473 WARNING cron.jobs: cron.persisted_error.recovered job='OpenCode Dashboard Monitor' id=6628f170186e — recurring job wedged in stale last_status=error without re-firing for a full cadence; re-arming next_run_at to 2026-08-27T07:47:46.470795-07:00 so it re-dispatches without force-run/resume
2026-08-27 07:48:46,556 WARNING cron.jobs: cron.persisted_error.recovered job='OpenCode Dashboard Monitor' id=6628f170186e — recurring job wedged in stale last_status=error without re-firing for a full cadence; re-arming next_run_at to 2026-08-27T07:48:46.554010-07:00 so it re-dispatches without force-run/resume
2026-08-27 09:57:56,152 WARNING cron.jobs: cron.persisted_error.recovered job='OpenCode Progress Monitor' id=40e9cabcac94 — recurring job wedged in stale last_status=error without re-firing for a full cadence; re-arming next_run_at to 2026-08-27T09:57:56.149307-07:00 so it re-dispatches without force-run/resume
2026-08-27 09:58:56,310 WARNING cron.jobs: cron.persisted_error.recovered job='OpenCode Progress Monitor' id=40e9cabcac94 — recurring job wedged in stale last_status=error without re-firing for a full cadence; re-arming next_run_at to 2026-08-27T09:58:56.308455-07:00 so it re-dispatches without force-run/resume
2026-08-27 09:59:56,412 WARNING cron.jobs: cron.persisted_error.recovered job='OpenCode Progress Monitor' id=40e9cabcac94 — recurring job wedged in stale last_status=error without re-firing for a full cadence; re-arming next_run_at to 2026-08-27T09:59:56.410290-07:00 so it re-dispatches without force-run/resume
2026-08-27 10:00:56,555 WARNING cron.jobs: cron.persisted_error.recovered job='OpenCode Progress Monitor' id=40e9cabcac94 — recurring job wedged in stale last_status=error without re-firing for a full cadence; re-arming next_run_at to 2026-08-27T10:00:56.552021-07:00 so it re-dispatches without force-run/resume
2026-08-27 10:01:56,653 WARNING cron.jobs: cron.persisted_error.recovered job='OpenCode Progress Monitor' id=40e9cabcac94 — recurring job wedged in stale last_status=error without re-firing for a full cadence; re-arming next_run_at to 2026-08-27T10:01:56.651147-07:00 so it re-dispatches without force-run/resume
2026-08-27 10:02:56,744 WARNING cron.jobs: cron.persisted_error.recovered job='OpenCode Progress Monitor' id=40e9cabcac94 — recurring job wedged in stale last_status=error without re-firing for a full cadence; re-arming next_run_at to 2026-08-27T10:02:56.742408-07:00 so it re-dispatches without force-run/resume
2026-08-27 10:03:56,825 WARNING cron.jobs: cron.persisted_error.recovered job='OpenCode Progress Monitor' id=40e9cabcac94 — recurring job wedged in stale last_status=error without re-firing for a full cadence; re-arming next_run_at to 2026-08-27T10:03:56.821536-07:00 so it re-dispatches without force-run/resume
2026-08-27 10:04:56,924 WARNING cron.jobs: cron.persisted_error.recovered job='OpenCode Progress Monitor' id=40e9cabcac94 — recurring job wedged in stale last_status=error without re-firing for a full cadence; re-arming next_run_at to 2026-08-27T10:04:56.920386-07:00 so it re-dispatches without force-run/resume
2026-08-27 10:05:57,021 WARNING cron.jobs: cron.persisted_error.recovered job='OpenCode Progress Monitor' id=40e9cabcac94 — recurring job wedged in stale last_status=error without re-firing for a full cadence; re-arming next_run_at to 2026-08-27T10:05:57.019064-07:00 so it re-dispatches without force-run/resume
2026-08-27 10:06:57,123 WARNING cron.jobs: cron.persisted_error.recovered job='OpenCode Progress Monitor' id=40e9cabcac94 — recurring job wedged in stale last_status=error without re-firing for a full cadence; re-arming next_run_at to 2026-08-27T10:06:57.120961-07:00 so it re-dispatches without force-run/resume
2026-08-27 10:07:57,210 WARNING cron.jobs: cron.persisted_error.recovered job='OpenCode Progress Monitor' id=40e9cabcac94 — recurring job wedged in stale last_status=error without re-firing for a full cadence; re-arming next_run_at to 2026-08-27T10:07:57.207312-07:00 so it re-dispatches without force-run/resume
2026-08-27 10:35:58,726 WARNING cron.jobs: cron.persisted_error.recovered job='OpenCode Dashboard Monitor' id=6628f170186e — recurring job wedged in stale last_status=error without re-firing for a full cadence; re-arming next_run_at to 2026-08-27T10:35:58.722757-07:00 so it re-dispatches without force-run/resume
2026-08-27 10:53:00,156 WARNING cron.jobs: cron.persisted_error.recovered job='OpenCode Progress Monitor' id=40e9cabcac94 — recurring job wedged in stale last_status=error without re-firing for a full cadence; re-arming next_run_at to 2026-08-27T10:53:00.151470-07:00 so it re-dispatches without force-run/resume
2026-08-27 10:55:00,412 WARNING cron.jobs: cron.persisted_error.recovered job='OpenCode Progress Monitor' id=40e9cabcac94 — recurring job wedged in stale last_status=error without re-firing for a full cadence; re-arming next_run_at to 2026-08-27T10:55:00.406618-07:00 so it re-dispatches without force-run/resume
2026-08-27 10:57:00,636 WARNING cron.jobs: cron.persisted_error.recovered job='OpenCode Progress Monitor' id=40e9cabcac94 — recurring job wedged in stale last_status=error without re-firing for a full cadence; re-arming next_run_at to 2026-08-27T10:57:00.630627-07:00 so it re-dispatches without force-run/resume
2026-08-27 10:58:00,862 WARNING cron.jobs: cron.persisted_error.recovered job='OpenCode Progress Monitor' id=40e9cabcac94 — recurring job wedged in stale last_status=error without re-firing for a full cadence; re-arming next_run_at to 2026-08-27T10:58:00.859456-07:00 so it re-dispatches without force-run/resume
2026-08-27 10:59:00,945 WARNING cron.jobs: cron.persisted_error.recovered job='OpenCode Progress Monitor' id=40e9cabcac94 — recurring job wedged in stale last_status=error without re-firing for a full cadence; re-arming next_run_at to 2026-08-27T10:59:00.940054-07:00 so it re-dispatches without force-run/resume
2026-08-27 11:01:01,110 WARNING cron.jobs: cron.persisted_error.recovered job='OpenCode Progress Monitor' id=40e9cabcac94 — recurring job wedged in stale last_status=error without re-firing for a full cadence; re-arming next_run_at to 2026-08-27T11:01:01.108164-07:00 so it re-dispatches without force-run/resume
2026-08-27 11:02:01,208 WARNING cron.jobs: cron.persisted_error.recovered job='OpenCode Progress Monitor' id=40e9cabcac94 — recurring job wedged in stale last_status=error without re-firing for a full cadence; re-arming next_run_at to 2026-08-27T11:02:01.201203-07:00 so it re-dispatches without force-run/resume
2026-08-27 11:03:01,317 WARNING cron.jobs: cron.persisted_error.recovered job='OpenCode Progress Monitor' id=40e9cabcac94 — recurring job wedged in stale last_status=error without re-firing for a full cadence; re-arming next_run_at to 2026-08-27T11:03:01.309603-07:00 so it re-dispatches without force-run/resume
2026-08-27 11:04:01,431 WARNING cron.jobs: cron.persisted_error.recovered job='OpenCode Progress Monitor' id=40e9cabcac94 — recurring job wedged in stale last_status=error without re-firing for a full cadence; re-arming next_run_at to 2026-08-27T11:04:01.425670-07:00 so it re-dispatches without force-run/resume
2026-08-27 11:05:01,544 WARNING cron.jobs: cron.persisted_error.recovered job='OpenCode Progress Monitor' id=40e9cabcac94 — recurring job wedged in stale last_status=error without re-firing for a full cadence; re-arming next_run_at to 2026-08-27T11:05:01.542189-07:00 so it re-dispatches without force-run/resume
2026-08-27 11:06:01,619 WARNING cron.jobs: cron.persisted_error.recovered job='OpenCode Progress Monitor' id=40e9cabcac94 — recurring job wedged in stale last_status=error without re-firing for a full cadence; re-arming next_run_at to 2026-08-27T11:06:01.616455-07:00 so it re-dispatches without force-run/resume
2026-08-27 11:07:01,700 WARNING cron.jobs: cron.persisted_error.recovered job='OpenCode Progress Monitor' id=40e9cabcac94 — recurring job wedged in stale last_status=error without re-firing for a full cadence; re-arming next_run_at to 2026-08-27T11:07:01.696805-07:00 so it re-dispatches without force-run/resume
2026-08-27 11:08:01,774 WARNING cron.jobs: cron.persisted_error.recovered job='OpenCode Progress Monitor' id=40e9cabcac94 — recurring job wedged in stale last_status=error without re-firing for a full cadence; re-arming next_run_at to 2026-08-27T11:08:01.772005-07:00 so it re-dispatches without force-run/resume
2026-08-27 11:09:01,848 WARNING cron.jobs: cron.persisted_error.recovered job='OpenCode Progress Monitor' id=40e9cabcac94 — recurring job wedged in stale last_status=error without re-firing for a full cadence; re-arming next_run_at to 2026-08-27T11:09:01.846417-07:00 so it re-dispatches without force-run/resume
2026-08-27 11:10:01,919 WARNING cron.jobs: cron.persisted_error.recovered job='OpenCode Progress Monitor' id=40e9cabcac94 — recurring job wedged in stale last_status=error without re-firing for a full cadence; re-arming next_run_at to 2026-08-27T11:10:01.917490-07:00 so it re-dispatches without force-run/resume
2026-08-27 11:11:01,978 WARNING cron.jobs: cron.persisted_error.recovered job='OpenCode Progress Monitor' id=40e9cabcac94 — recurring job wedged in stale last_status=error without re-firing for a full cadence; re-arming next_run_at to 2026-08-27T11:11:01.975855-07:00 so it re-dispatches without force-run/resume
2026-08-27 11:12:02,050 WARNING cron.jobs: cron.persisted_error.recovered job='OpenCode Progress Monitor' id=40e9cabcac94 — recurring job wedged in stale last_status=error without re-firing for a full cadence; re-arming next_run_at to 2026-08-27T11:12:02.048062-07:00 so it re-dispatches without force-run/resume
2026-08-27 11:13:02,143 WARNING cron.jobs: cron.persisted_error.recovered job='OpenCode Progress Monitor' id=40e9cabcac94 — recurring job wedged in stale last_status=error without re-firing for a full cadence; re-arming next_run_at to 2026-08-27T11:13:02.141457-07:00 so it re-dispatches without force-run/resume
2026-08-27 11:14:02,218 WARNING cron.jobs: cron.persisted_error.recovered job='OpenCode Progress Monitor' id=40e9cabcac94 — recurring job wedged in stale last_status=error without re-firing for a full cadence; re-arming next_run_at to 2026-08-27T11:14:02.212451-07:00 so it re-dispatches without force-run/resume
2026-08-27 11:15:02,309 WARNING cron.jobs: cron.persisted_error.recovered job='OpenCode Progress Monitor' id=40e9cabcac94 — recurring job wedged in stale last_status=error without re-firing for a full cadence; re-arming next_run_at to 2026-08-27T11:15:02.303486-07:00 so it re-dispatches without force-run/resume
2026-08-27 11:16:02,445 WARNING cron.jobs: cron.persisted_error.recovered job='OpenCode Progress Monitor' id=40e9cabcac94 — recurring job wedged in stale last_status=error without re-firing for a full cadence; re-arming next_run_at to 2026-08-27T11:16:02.441979-07:00 so it re-dispatches without force-run/resume
2026-08-27 11:17:02,533 WARNING cron.jobs: cron.persisted_error.recovered job='OpenCode Progress Monitor' id=40e9cabcac94 — recurring job wedged in stale last_status=error without re-firing for a full cadence; re-arming next_run_at to 2026-08-27T11:17:02.529588-07:00 so it re-dispatches without force-run/resume
2026-08-27 11:18:02,609 WARNING cron.jobs: cron.persisted_error.recovered job='OpenCode Progress Monitor' id=40e9cabcac94 — recurring job wedged in stale last_status=error without re-firing for a full cadence; re-arming next_run_at to 2026-08-27T11:18:02.603774-07:00 so it re-dispatches without force-run/resume
2026-08-27 11:19:02,681 WARNING cron.jobs: cron.persisted_error.recovered job='OpenCode Progress Monitor' id=40e9cabcac94 — recurring job wedged in stale last_status=error without re-firing for a full cadence; re-arming next_run_at to 2026-08-27T11:19:02.678423-07:00 so it re-dispatches without force-run/resume
2026-08-27 11:20:02,798 WARNING cron.jobs: cron.persisted_error.recovered job='OpenCode Progress Monitor' id=40e9cabcac94 — recurring job wedged in stale last_status=error without re-firing for a full cadence; re-arming next_run_at to 2026-08-27T11:20:02.793955-07:00 so it re-dispatches without force-run/resume
2026-08-27 11:21:02,904 WARNING cron.jobs: cron.persisted_error.recovered job='OpenCode Progress Monitor' id=40e9cabcac94 — recurring job wedged in stale last_status=error without re-firing for a full cadence; re-arming next_run_at to 2026-08-27T11:21:02.901161-07:00 so it re-dispatches without force-run/resume
2026-08-27 11:22:02,873 WARNING agent.chat_completion_helpers: Inline non-streaming API call stale for 180s (threshold 180s). model=Qwen3.6-35B-A3B-Q4_K_M.gguf context=~28,419 tokens. Killing connection.
2026-08-27 11:22:02,875 WARNING [cron_97842ab6d078_20260827_111902] agent.conversation_loop: API call failed (attempt 1/3) error_type=TimeoutError thread=ThreadPoolExecutor-174_0:133309038311104 provider=custom base_url=http://10.1.1.10:8080/v1 model=Qwen3.6-35B-A3B-Q4_K_M.gguf summary=Non-streaming API call timed out after 180s with no response (threshold: 180s)
2026-08-27 11:22:02,876 WARNING [cron_97842ab6d078_20260827_111902] agent.conversation_loop: Retrying API call in 2.1580756996468997s (attempt 1/3) thread=ThreadPoolExecutor-174_0:133309038311104 provider=custom base_url=http://10.1.1.10:8080/v1 model=Qwen3.6-35B-A3B-Q4_K_M.gguf policy=default error=Non-streaming API call timed out after 180s with no response (threshold: 180s)
2026-08-27 11:22:03,014 WARNING cron.jobs: cron.persisted_error.recovered job='OpenCode Progress Monitor' id=40e9cabcac94 — recurring job wedged in stale last_status=error without re-firing for a full cadence; re-arming next_run_at to 2026-08-27T11:22:03.011335-07:00 so it re-dispatches without force-run/resume
2026-08-27 11:23:03,103 WARNING cron.jobs: cron.persisted_error.recovered job='OpenCode Dashboard Monitor' id=6628f170186e — recurring job wedged in stale last_status=error without re-firing for a full cadence; re-arming next_run_at to 2026-08-27T11:23:03.099424-07:00 so it re-dispatches without force-run/resume
2026-08-27 11:23:03,107 WARNING cron.jobs: cron.persisted_error.recovered job='OpenCode Progress Monitor' id=40e9cabcac94 — recurring job wedged in stale last_status=error without re-firing for a full cadence; re-arming next_run_at to 2026-08-27T11:23:03.099424-07:00 so it re-dispatches without force-run/resume
2026-08-27 11:24:03,233 WARNING cron.jobs: cron.persisted_error.recovered job='OpenCode Dashboard Monitor' id=6628f170186e — recurring job wedged in stale last_status=error without re-firing for a full cadence; re-arming next_run_at to 2026-08-27T11:24:03.230588-07:00 so it re-dispatches without force-run/resume
2026-08-27 11:24:03,233 WARNING cron.jobs: cron.persisted_error.recovered job='OpenCode Progress Monitor' id=40e9cabcac94 — recurring job wedged in stale last_status=error without re-firing for a full cadence; re-arming next_run_at to 2026-08-27T11:24:03.230588-07:00 so it re-dispatches without force-run/resume
2026-08-27 11:25:03,339 WARNING cron.jobs: cron.persisted_error.recovered job='OpenCode Dashboard Monitor' id=6628f170186e — recurring job wedged in stale last_status=error without re-firing for a full cadence; re-arming next_run_at to 2026-08-27T11:25:03.335554-07:00 so it re-dispatches without force-run/resume
2026-08-27 11:25:03,340 WARNING cron.jobs: cron.persisted_error.recovered job='OpenCode Progress Monitor' id=40e9cabcac94 — recurring job wedged in stale last_status=error without re-firing for a full cadence; re-arming next_run_at to 2026-08-27T11:25:03.335554-07:00 so it re-dispatches without force-run/resume
2026-08-27 11:25:05,087 WARNING agent.chat_completion_helpers: Inline non-streaming API call stale for 180s (threshold 180s). model=Qwen3.6-35B-A3B-Q4_K_M.gguf context=~28,419 tokens. Killing connection.
2026-08-27 11:25:05,098 WARNING [cron_97842ab6d078_20260827_111902] agent.conversation_loop: API call failed (attempt 2/3) error_type=TimeoutError thread=ThreadPoolExecutor-174_0:133309038311104 provider=custom base_url=http://10.1.1.10:8080/v1 model=Qwen3.6-35B-A3B-Q4_K_M.gguf summary=Non-streaming API call timed out after 180s with no response (threshold: 180s)
2026-08-27 11:25:05,101 WARNING [cron_97842ab6d078_20260827_111902] agent.auxiliary_client: resolve_provider_client: named custom provider 'llamaCPP' has no resolvable api_key — request will be sent with placeholder no-key-required and will 401 on auth-required endpoints
2026-08-27 11:26:03,438 WARNING cron.jobs: cron.persisted_error.recovered job='OpenCode Dashboard Monitor' id=6628f170186e — recurring job wedged in stale last_status=error without re-firing for a full cadence; re-arming next_run_at to 2026-08-27T11:26:03.435303-07:00 so it re-dispatches without force-run/resume
2026-08-27 11:26:03,440 WARNING cron.jobs: cron.persisted_error.recovered job='OpenCode Progress Monitor' id=40e9cabcac94 — recurring job wedged in stale last_status=error without re-firing for a full cadence; re-arming next_run_at to 2026-08-27T11:26:03.435303-07:00 so it re-dispatches without force-run/resume
2026-08-27 11:27:03,572 WARNING cron.jobs: cron.persisted_error.recovered job='OpenCode Dashboard Monitor' id=6628f170186e — recurring job wedged in stale last_status=error without re-firing for a full cadence; re-arming next_run_at to 2026-08-27T11:27:03.569348-07:00 so it re-dispatches without force-run/resume
2026-08-27 11:27:03,574 WARNING cron.jobs: cron.persisted_error.recovered job='OpenCode Progress Monitor' id=40e9cabcac94 — recurring job wedged in stale last_status=error without re-firing for a full cadence; re-arming next_run_at to 2026-08-27T11:27:03.569348-07:00 so it re-dispatches without force-run/resume
2026-08-27 11:28:05,149 WARNING agent.chat_completion_helpers: Inline non-streaming API call stale for 180s (threshold 180s). model=/models/Qwen3.6-35B-A3B-Q4_K_M.gguf context=~28,422 tokens. Killing connection.
2026-08-27 11:28:05,152 WARNING [cron_97842ab6d078_20260827_111902] agent.conversation_loop: API call failed (attempt 1/3) error_type=TimeoutError thread=ThreadPoolExecutor-174_0:133309038311104 provider=llamacpp base_url=http://10.1.1.10:8080/v1/ model=/models/Qwen3.6-35B-A3B-Q4_K_M.gguf summary=Non-streaming API call timed out after 180s with no response (threshold: 180s)
2026-08-27 11:28:05,152 WARNING [cron_97842ab6d078_20260827_111902] agent.conversation_loop: Retrying API call in 2.200288250051245s (attempt 1/3) thread=ThreadPoolExecutor-174_0:133309038311104 provider=llamacpp base_url=http://10.1.1.10:8080/v1/ model=/models/Qwen3.6-35B-A3B-Q4_K_M.gguf policy=default error=Non-streaming API call timed out after 180s with no response (threshold: 180s)
2026-08-27 11:31:07,364 WARNING agent.chat_completion_helpers: Inline non-streaming API call stale for 180s (threshold 180s). model=/models/Qwen3.6-35B-A3B-Q4_K_M.gguf context=~28,422 tokens. Killing connection.
2026-08-27 11:31:07,367 WARNING [cron_97842ab6d078_20260827_111902] agent.conversation_loop: API call failed (attempt 2/3) error_type=TimeoutError thread=ThreadPoolExecutor-174_0:133309038311104 provider=llamacpp base_url=http://10.1.1.10:8080/v1/ model=/models/Qwen3.6-35B-A3B-Q4_K_M.gguf summary=Non-streaming API call timed out after 180s with no response (threshold: 180s)
2026-08-27 11:31:07,367 WARNING [cron_97842ab6d078_20260827_111902] agent.conversation_loop: Retrying API call in 4.44881770975798s (attempt 2/3) thread=ThreadPoolExecutor-174_0:133309038311104 provider=llamacpp base_url=http://10.1.1.10:8080/v1/ model=/models/Qwen3.6-35B-A3B-Q4_K_M.gguf policy=default error=Non-streaming API call timed out after 180s with no response (threshold: 180s)
2026-08-27 11:34:11,983 WARNING agent.chat_completion_helpers: Inline non-streaming API call stale for 180s (threshold 180s). model=/models/Qwen3.6-35B-A3B-Q4_K_M.gguf context=~28,422 tokens. Killing connection.
2026-08-27 11:34:11,985 WARNING [cron_97842ab6d078_20260827_111902] agent.conversation_loop: API call failed (attempt 3/3) error_type=TimeoutError thread=ThreadPoolExecutor-174_0:133309038311104 provider=llamacpp base_url=http://10.1.1.10:8080/v1/ model=/models/Qwen3.6-35B-A3B-Q4_K_M.gguf summary=Non-streaming API call timed out after 180s with no response (threshold: 180s)
2026-08-27 11:34:11,988 ERROR [cron_97842ab6d078_20260827_111902] agent.conversation_loop: API call failed after 3 retries. Non-streaming API call timed out after 180s with no response (threshold: 180s) | provider=llamacpp model=/models/Qwen3.6-35B-A3B-Q4_K_M.gguf msgs=2 tokens=~13,172
2026-08-27 11:34:12,078 ERROR cron.scheduler: Job 'Personal Ops Intention Check' failed: RuntimeError: Non-streaming API call timed out after 180s with no response (threshold: 180s)
Traceback (most recent call last):
  File "/home/josh434/.hermes/hermes-agent/cron/scheduler.py", line 6264, in run_job
    raise RuntimeError(_err_text)
RuntimeError: Non-streaming API call timed out after 180s with no response (threshold: 180s)
2026-08-27 14:01:11,174 WARNING [cron_642af301f09e_20260827_140111] agent.conversation_loop: API call failed (attempt 1/3) error_type=APIConnectionError thread=ThreadPoolExecutor-176_0:133309023622848 provider=lmstudio base_url=http://127.0.0.1:1234/v1 model=stealth/ox-alpha summary=Connection error.
2026-08-27 14:01:11,175 WARNING [cron_642af301f09e_20260827_140111] agent.conversation_loop: Retrying API call in 2.8345704541172654s (attempt 1/3) thread=ThreadPoolExecutor-176_0:133309023622848 provider=lmstudio base_url=http://127.0.0.1:1234/v1 model=stealth/ox-alpha policy=default error=Connection error.
2026-08-27 14:01:14,199 WARNING [cron_642af301f09e_20260827_140111] agent.conversation_loop: API call failed (attempt 2/3) error_type=APIConnectionError thread=ThreadPoolExecutor-176_0:133309023622848 provider=lmstudio base_url=http://127.0.0.1:1234/v1 model=stealth/ox-alpha summary=Connection error.
2026-08-27 14:01:14,201 WARNING [cron_642af301f09e_20260827_140111] agent.auxiliary_client: resolve_provider_client: named custom provider 'llamaCPP' has no resolvable api_key — request will be sent with placeholder no-key-required and will 401 on auth-required endpoints
2026-08-27 14:04:14,258 WARNING agent.chat_completion_helpers: Inline non-streaming API call stale for 180s (threshold 180s). model=/models/Qwen3.6-35B-A3B-Q4_K_M.gguf context=~27,319 tokens. Killing connection.
2026-08-27 14:04:14,267 WARNING [cron_642af301f09e_20260827_140111] agent.conversation_loop: API call failed (attempt 1/3) error_type=TimeoutError thread=ThreadPoolExecutor-176_0:133309023622848 provider=llamacpp base_url=http://10.1.1.10:8080/v1/ model=/models/Qwen3.6-35B-A3B-Q4_K_M.gguf summary=Non-streaming API call timed out after 180s with no response (threshold: 180s)
2026-08-27 14:04:14,268 WARNING [cron_642af301f09e_20260827_140111] agent.conversation_loop: Retrying API call in 2.823542590729783s (attempt 1/3) thread=ThreadPoolExecutor-176_0:133309023622848 provider=llamacpp base_url=http://10.1.1.10:8080/v1/ model=/models/Qwen3.6-35B-A3B-Q4_K_M.gguf policy=default error=Non-streaming API call timed out after 180s with no response (threshold: 180s)
2026-08-27 14:06:48,862 WARNING tools.approval: Unknown approvals.mode 'auto' — defaulting to 'manual'. Valid values: manual, smart, off
2026-08-27 14:06:49,008 WARNING tools.approval: Unknown approvals.mode 'auto' — defaulting to 'manual'. Valid values: manual, smart, off
2026-08-27 14:06:49,227 WARNING tools.approval: Unknown approvals.mode 'auto' — defaulting to 'manual'. Valid values: manual, smart, off
2026-08-27 14:06:49,285 WARNING tools.approval: Unknown approvals.mode 'auto' — defaulting to 'manual'. Valid values: manual, smart, off
2026-08-27 14:06:49,349 WARNING tools.approval: Unknown approvals.mode 'auto' — defaulting to 'manual'. Valid values: manual, smart, off
2026-08-27 14:06:49,426 WARNING tools.approval: Unknown approvals.mode 'auto' — defaulting to 'manual'. Valid values: manual, smart, off
2026-08-27 14:19:12,147 WARNING [cron_40e9cabcac94_20260827_141912] agent.conversation_loop: API call failed (attempt 1/3) error_type=APIConnectionError thread=ThreadPoolExecutor-184_0:133309023622848 provider=lmstudio base_url=http://127.0.0.1:1234/v1 model=stealth/ox-alpha summary=Connection error.
2026-08-27 14:19:12,148 WARNING [cron_40e9cabcac94_20260827_141912] agent.conversation_loop: Retrying API call in 2.164910762647582s (attempt 1/3) thread=ThreadPoolExecutor-184_0:133309023622848 provider=lmstudio base_url=http://127.0.0.1:1234/v1 model=stealth/ox-alpha policy=default error=Connection error.
2026-08-27 14:19:14,386 WARNING [cron_40e9cabcac94_20260827_141912] agent.conversation_loop: API call failed (attempt 2/3) error_type=APIConnectionError thread=ThreadPoolExecutor-184_0:133309023622848 provider=lmstudio base_url=http://127.0.0.1:1234/v1 model=stealth/ox-alpha summary=Connection error.
2026-08-27 14:19:14,388 WARNING [cron_40e9cabcac94_20260827_141912] agent.auxiliary_client: resolve_provider_client: named custom provider 'llamaCPP' has no resolvable api_key — request will be sent with placeholder no-key-required and will 401 on auth-required endpoints
2026-08-27 14:21:39,414 WARNING tools.approval: Unknown approvals.mode 'auto' — defaulting to 'manual'. Valid values: manual, smart, off
2026-08-27 14:21:39,475 WARNING tools.approval: Unknown approvals.mode 'auto' — defaulting to 'manual'. Valid values: manual, smart, off
2026-08-27 14:22:21,010 WARNING tools.approval: Unknown approvals.mode 'auto' — defaulting to 'manual'. Valid values: manual, smart, off
2026-08-27 14:23:08,807 WARNING tools.approval: Unknown approvals.mode 'auto' — defaulting to 'manual'. Valid values: manual, smart, off
2026-08-27 14:23:08,873 WARNING tools.approval: Unknown approvals.mode 'auto' — defaulting to 'manual'. Valid values: manual, smart, off
2026-08-27 14:23:08,928 WARNING tools.approval: Unknown approvals.mode 'auto' — defaulting to 'manual'. Valid values: manual, smart, off
2026-08-27 14:23:35,620 WARNING tools.approval: Unknown approvals.mode 'auto' — defaulting to 'manual'. Valid values: manual, smart, off
2026-08-27 14:25:00,558 WARNING tools.approval: Unknown approvals.mode 'auto' — defaulting to 'manual'. Valid values: manual, smart, off
2026-08-27 14:25:00,662 WARNING tools.approval: Unknown approvals.mode 'auto' — defaulting to 'manual'. Valid values: manual, smart, off
2026-08-27 14:26:11,839 WARNING tools.approval: Unknown approvals.mode 'auto' — defaulting to 'manual'. Valid values: manual, smart, off
2026-08-27 14:26:11,880 WARNING [cron_40e9cabcac94_20260827_141912] agent.tool_executor: Tool terminal returned error (0.04s): {"output": "", "exit_code": -1, "error": "BLOCKED: Security scan — [MEDIUM] Schemeless URL in sink context: URL without explicit scheme passed to a command that downloads/executes content; [HIGH] Pipe
2026-08-27 14:26:11,887 WARNING tools.approval: Unknown approvals.mode 'auto' — defaulting to 'manual'. Valid values: manual, smart, off
2026-08-27 14:26:11,928 WARNING [cron_40e9cabcac94_20260827_141912] agent.tool_executor: Tool terminal returned error (0.04s): {"output": "", "exit_code": -1, "error": "BLOCKED: Security scan — [MEDIUM] Schemeless URL in sink context: URL without explicit scheme passed to a command that downloads/executes content; [HIGH] Pipe
2026-08-27 14:26:11,934 WARNING tools.approval: Unknown approvals.mode 'auto' — defaulting to 'manual'. Valid values: manual, smart, off
2026-08-27 14:26:11,986 WARNING [cron_40e9cabcac94_20260827_141912] agent.tool_executor: Tool terminal returned error (0.05s): {"output": "", "exit_code": -1, "error": "BLOCKED: Security scan — [MEDIUM] Schemeless URL in sink context: URL without explicit scheme passed to a command that downloads/executes content; [HIGH] Pipe
2026-08-27 14:26:11,994 WARNING tools.approval: Unknown approvals.mode 'auto' — defaulting to 'manual'. Valid values: manual, smart, off
2026-08-27 14:26:12,037 WARNING [cron_40e9cabcac94_20260827_141912] agent.tool_executor: Tool terminal returned error (0.05s): {"output": "", "exit_code": -1, "error": "BLOCKED: Security scan — [MEDIUM] Schemeless URL in sink context: URL without explicit scheme passed to a command that downloads/executes content; [HIGH] Pipe
2026-08-27 14:26:12,043 WARNING tools.approval: Unknown approvals.mode 'auto' — defaulting to 'manual'. Valid values: manual, smart, off
2026-08-27 14:26:12,088 WARNING [cron_40e9cabcac94_20260827_141912] agent.tool_executor: Tool terminal returned error (0.05s): {"output": "", "exit_code": -1, "error": "BLOCKED: Security scan — [MEDIUM] Schemeless URL in sink context: URL without explicit scheme passed to a command that downloads/executes content; [HIGH] Pipe
2026-08-27 14:26:28,994 WARNING tools.approval: Unknown approvals.mode 'auto' — defaulting to 'manual'. Valid values: manual, smart, off
2026-08-27 14:26:28,996 WARNING [cron_40e9cabcac94_20260827_141912] agent.tool_executor: Tool execute_code returned error (0.00s): {"status": "error", "error": "BLOCKED: execute_code runs arbitrary local Python (including subprocess calls that bypass shell-string approval checks). Cron jobs run without a user present to approve i
2026-08-27 14:26:45,618 WARNING tools.approval: Unknown approvals.mode 'auto' — defaulting to 'manual'. Valid values: manual, smart, off
2026-08-27 14:27:09,273 WARNING tools.approval: Unknown approvals.mode 'auto' — defaulting to 'manual'. Valid values: manual, smart, off
2026-08-27 14:27:09,398 WARNING [cron_40e9cabcac94_20260827_141912] agent.tool_executor: Tool terminal returned error (0.13s): {"output": "", "exit_code": 1, "error": null}
2026-08-27 14:27:09,407 WARNING tools.approval: Unknown approvals.mode 'auto' — defaulting to 'manual'. Valid values: manual, smart, off
2026-08-27 14:30:39,961 WARNING agent.chat_completion_helpers: Inline non-streaming API call stale for 180s (threshold 180s). model=/models/Qwen3.6-35B-A3B-Q4_K_M.gguf context=~59,886 tokens. Killing connection.
2026-08-27 14:30:39,965 WARNING [cron_40e9cabcac94_20260827_141912] agent.conversation_loop: API call failed (attempt 1/3) error_type=TimeoutError thread=ThreadPoolExecutor-184_0:133309023622848 provider=llamacpp base_url=http://10.1.1.10:8080/v1/ model=/models/Qwen3.6-35B-A3B-Q4_K_M.gguf summary=Non-streaming API call timed out after 180s with no response (threshold: 180s)
2026-08-27 14:30:39,965 WARNING [cron_40e9cabcac94_20260827_141912] agent.conversation_loop: Retrying API call in 2.6047113961040402s (attempt 1/3) thread=ThreadPoolExecutor-184_0:133309023622848 provider=llamacpp base_url=http://10.1.1.10:8080/v1/ model=/models/Qwen3.6-35B-A3B-Q4_K_M.gguf policy=default error=Non-streaming API call timed out after 180s with no response (threshold: 180s)
2026-08-27 14:33:42,776 WARNING agent.chat_completion_helpers: Inline non-streaming API call stale for 180s (threshold 180s). model=/models/Qwen3.6-35B-A3B-Q4_K_M.gguf context=~59,886 tokens. Killing connection.
2026-08-27 14:33:42,777 WARNING [cron_40e9cabcac94_20260827_141912] agent.conversation_loop: API call failed (attempt 2/3) error_type=TimeoutError thread=ThreadPoolExecutor-184_0:133309023622848 provider=llamacpp base_url=http://10.1.1.10:8080/v1/ model=/models/Qwen3.6-35B-A3B-Q4_K_M.gguf summary=Non-streaming API call timed out after 180s with no response (threshold: 180s)
2026-08-27 14:33:42,777 WARNING [cron_40e9cabcac94_20260827_141912] agent.conversation_loop: Retrying API call in 5.7627437478822605s (attempt 2/3) thread=ThreadPoolExecutor-184_0:133309023622848 provider=llamacpp base_url=http://10.1.1.10:8080/v1/ model=/models/Qwen3.6-35B-A3B-Q4_K_M.gguf policy=default error=Non-streaming API call timed out after 180s with no response (threshold: 180s)
2026-08-27 14:34:12,844 WARNING cron.jobs: cron.persisted_error.recovered job='OpenCode Dashboard Monitor' id=6628f170186e — recurring job wedged in stale last_status=error without re-firing for a full cadence; re-arming next_run_at to 2026-08-27T14:34:12.840622-07:00 so it re-dispatches without force-run/resume
2026-08-27 14:35:12,938 WARNING cron.jobs: cron.persisted_error.recovered job='OpenCode Dashboard Monitor' id=6628f170186e — recurring job wedged in stale last_status=error without re-firing for a full cadence; re-arming next_run_at to 2026-08-27T14:35:12.933170-07:00 so it re-dispatches without force-run/resume
2026-08-27 14:36:13,051 WARNING cron.jobs: cron.persisted_error.recovered job='OpenCode Dashboard Monitor' id=6628f170186e — recurring job wedged in stale last_status=error without re-firing for a full cadence; re-arming next_run_at to 2026-08-27T14:36:13.045755-07:00 so it re-dispatches without force-run/resume
2026-08-27 14:36:48,589 WARNING agent.chat_completion_helpers: Inline non-streaming API call stale for 180s (threshold 180s). model=/models/Qwen3.6-35B-A3B-Q4_K_M.gguf context=~59,886 tokens. Killing connection.
2026-08-27 14:36:48,591 WARNING [cron_40e9cabcac94_20260827_141912] agent.conversation_loop: API call failed (attempt 3/3) error_type=TimeoutError thread=ThreadPoolExecutor-184_0:133309023622848 provider=llamacpp base_url=http://10.1.1.10:8080/v1/ model=/models/Qwen3.6-35B-A3B-Q4_K_M.gguf summary=Non-streaming API call timed out after 180s with no response (threshold: 180s)
2026-08-27 14:36:48,594 ERROR [cron_40e9cabcac94_20260827_141912] agent.conversation_loop: API call failed after 3 retries. Non-streaming API call timed out after 180s with no response (threshold: 180s) | provider=llamacpp model=/models/Qwen3.6-35B-A3B-Q4_K_M.gguf msgs=59 tokens=~45,255
2026-08-27 14:36:48,759 ERROR cron.scheduler: Job 'OpenCode Progress Monitor' failed: RuntimeError: Non-streaming API call timed out after 180s with no response (threshold: 180s)
Traceback (most recent call last):
  File "/home/josh434/.hermes/hermes-agent/cron/scheduler.py", line 6264, in run_job
    raise RuntimeError(_err_text)
RuntimeError: Non-streaming API call timed out after 180s with no response (threshold: 180s)
2026-08-27 14:37:13,217 WARNING cron.jobs: cron.persisted_error.recovered job='OpenCode Dashboard Monitor' id=6628f170186e — recurring job wedged in stale last_status=error without re-firing for a full cadence; re-arming next_run_at to 2026-08-27T14:37:13.210991-07:00 so it re-dispatches without force-run/resume
2026-08-27 15:10:15,855 WARNING tools.registry: check_fn check_browser_back_requirements returned False; dependent tools will be unavailable this turn
2026-08-27 15:10:15,858 WARNING tools.registry: check_fn _browser_cdp_check returned False; dependent tools will be unavailable this turn
2026-08-27 15:10:15,861 WARNING tools.registry: check_fn check_browser_click_requirements returned False; dependent tools will be unavailable this turn
2026-08-27 15:10:15,863 WARNING tools.registry: check_fn check_browser_requirements returned False; dependent tools will be unavailable this turn
2026-08-27 15:10:15,865 WARNING tools.registry: check_fn _browser_dialog_check returned False; dependent tools will be unavailable this turn
2026-08-27 15:10:15,871 WARNING tools.registry: check_fn check_browser_navigate_requirements returned False; dependent tools will be unavailable this turn
2026-08-27 15:10:15,873 WARNING tools.registry: check_fn check_browser_press_requirements returned False; dependent tools will be unavailable this turn
2026-08-27 15:10:15,875 WARNING tools.registry: check_fn check_browser_scroll_requirements returned False; dependent tools will be unavailable this turn
2026-08-27 15:10:15,877 WARNING tools.registry: check_fn check_browser_snapshot_requirements returned False; dependent tools will be unavailable this turn
2026-08-27 15:10:15,878 WARNING tools.registry: check_fn check_browser_type_requirements returned False; dependent tools will be unavailable this turn
2026-08-27 15:10:15,879 WARNING tools.registry: check_fn check_browser_vision_requirements returned False; dependent tools will be unavailable this turn
2026-08-27 15:10:15,883 WARNING tools.registry: check_fn check_image_generation_requirements returned False; dependent tools will be unavailable this turn
2026-08-27 15:10:15,884 WARNING tools.registry: check_fn _check_kanban_mode returned False; dependent tools will be unavailable this turn
2026-08-27 15:10:15,884 WARNING tools.registry: check_fn _check_kanban_orchestrator_mode returned False; dependent tools will be unavailable this turn
2026-08-27 15:13:16,012 WARNING agent.chat_completion_helpers: Inline non-streaming API call stale for 180s (threshold 180s). model=Qwen3.6-35B-A3B-Q4_K_M.gguf context=~28,419 tokens. Killing connection.
2026-08-27 15:13:16,015 WARNING [cron_97842ab6d078_20260827_151015] agent.conversation_loop: API call failed (attempt 1/3) error_type=TimeoutError thread=ThreadPoolExecutor-214_0:133309055096512 provider=custom base_url=http://10.1.1.10:8080/v1 model=Qwen3.6-35B-A3B-Q4_K_M.gguf summary=Non-streaming API call timed out after 180s with no response (threshold: 180s)
2026-08-27 15:13:16,016 WARNING [cron_97842ab6d078_20260827_151015] agent.conversation_loop: Retrying API call in 2.627680807457133s (attempt 1/3) thread=ThreadPoolExecutor-214_0:133309055096512 provider=custom base_url=http://10.1.1.10:8080/v1 model=Qwen3.6-35B-A3B-Q4_K_M.gguf policy=default error=Non-streaming API call timed out after 180s with no response (threshold: 180s)
2026-08-27 15:16:18,824 WARNING agent.chat_completion_helpers: Inline non-streaming API call stale for 180s (threshold 180s). model=Qwen3.6-35B-A3B-Q4_K_M.gguf context=~28,419 tokens. Killing connection.
2026-08-27 15:16:18,826 WARNING [cron_97842ab6d078_20260827_151015] agent.conversation_loop: API call failed (attempt 2/3) error_type=TimeoutError thread=ThreadPoolExecutor-214_0:133309055096512 provider=custom base_url=http://10.1.1.10:8080/v1 model=Qwen3.6-35B-A3B-Q4_K_M.gguf summary=Non-streaming API call timed out after 180s with no response (threshold: 180s)
2026-08-27 15:16:18,827 WARNING [cron_97842ab6d078_20260827_151015] agent.auxiliary_client: resolve_provider_client: named custom provider 'llamaCPP' has no resolvable api_key — request will be sent with placeholder no-key-required and will 401 on auth-required endpoints
2026-08-27 15:19:18,851 WARNING agent.chat_completion_helpers: Inline non-streaming API call stale for 180s (threshold 180s). model=/models/Qwen3.6-35B-A3B-Q4_K_M.gguf context=~28,422 tokens. Killing connection.
2026-08-27 15:19:18,856 WARNING [cron_97842ab6d078_20260827_151015] agent.conversation_loop: API call failed (attempt 1/3) error_type=TimeoutError thread=ThreadPoolExecutor-214_0:133309055096512 provider=llamacpp base_url=http://10.1.1.10:8080/v1/ model=/models/Qwen3.6-35B-A3B-Q4_K_M.gguf summary=Non-streaming API call timed out after 180s with no response (threshold: 180s)
2026-08-27 15:19:18,856 WARNING [cron_97842ab6d078_20260827_151015] agent.conversation_loop: Retrying API call in 2.348518973726274s (attempt 1/3) thread=ThreadPoolExecutor-214_0:133309055096512 provider=llamacpp base_url=http://10.1.1.10:8080/v1/ model=/models/Qwen3.6-35B-A3B-Q4_K_M.gguf policy=default error=Non-streaming API call timed out after 180s with no response (threshold: 180s)
2026-08-27 15:21:21,194 WARNING tools.approval: Unknown approvals.mode 'auto' — defaulting to 'manual'. Valid values: manual, smart, off
2026-08-27 15:21:21,196 WARNING [cron_97842ab6d078_20260827_151015] agent.tool_executor: Tool execute_code returned error (0.00s): {"status": "error", "error": "BLOCKED: execute_code runs arbitrary local Python (including subprocess calls that bypass shell-string approval checks). Cron jobs run without a user present to approve i
2026-08-27 15:21:21,206 WARNING tools.approval: Unknown approvals.mode 'auto' — defaulting to 'manual'. Valid values: manual, smart, off
2026-08-27 15:21:21,207 WARNING [cron_97842ab6d078_20260827_151015] agent.tool_executor: Tool execute_code returned error (0.00s): {"status": "error", "error": "BLOCKED: execute_code runs arbitrary local Python (including subprocess calls that bypass shell-string approval checks). Cron jobs run without a user present to approve i
2026-08-27 15:21:50,098 WARNING [cron_97842ab6d078_20260827_151015] run_agent: Removed duplicate tool call: read_file
2026-08-27 15:21:50,098 WARNING [cron_97842ab6d078_20260827_151015] run_agent: Removed duplicate tool call: read_file
2026-08-27 15:21:50,130 WARNING tools.approval: Unknown approvals.mode 'auto' — defaulting to 'manual'. Valid values: manual, smart, off
2026-08-27 15:22:18,651 WARNING [cron_97842ab6d078_20260827_151015] agent.tool_executor: Tool read_file returned error (0.03s): {"content": "", "total_lines": 0, "file_size": 0, "truncated": false, "is_binary": false, "is_image": false, "error": "File not found: /home/josh434/.autognosia/personal-state.json", "similar_files": 
2026-08-27 15:22:18,671 WARNING tools.approval: Unknown approvals.mode 'auto' — defaulting to 'manual'. Valid values: manual, smart, off
2026-08-27 15:23:16,918 WARNING cron.jobs: cron.persisted_error.recovered job='OpenCode Dashboard Monitor' id=6628f170186e — recurring job wedged in stale last_status=error without re-firing for a full cadence; re-arming next_run_at to 2026-08-27T15:23:16.914355-07:00 so it re-dispatches without force-run/resume
2026-08-27 15:23:18,282 WARNING [cron_97842ab6d078_20260827_151015] agent.tool_executor: Tool read_file returned error (0.02s): {"content": "", "total_lines": 0, "file_size": 0, "truncated": false, "is_binary": false, "is_image": false, "error": "Cannot read '/home/josh434/.autognosia/personal-state': not a regular file (direc
2026-08-27 15:23:18,288 WARNING tools.approval: Unknown approvals.mode 'auto' — defaulting to 'manual'. Valid values: manual, smart, off
2026-08-27 15:23:30,904 WARNING tools.approval: Unknown approvals.mode 'auto' — defaulting to 'manual'. Valid values: manual, smart, off
2026-08-27 15:23:31,133 WARNING tools.approval: Unknown approvals.mode 'auto' — defaulting to 'manual'. Valid values: manual, smart, off
2026-08-27 15:24:06,471 WARNING tools.approval: Unknown approvals.mode 'auto' — defaulting to 'manual'. Valid values: manual, smart, off
2026-08-27 15:24:06,521 WARNING tools.approval: Unknown approvals.mode 'auto' — defaulting to 'manual'. Valid values: manual, smart, off
2026-08-27 15:24:06,588 WARNING tools.approval: Unknown approvals.mode 'auto' — defaulting to 'manual'. Valid values: manual, smart, off
2026-08-27 15:24:19,557 WARNING tools.approval: Unknown approvals.mode 'auto' — defaulting to 'manual'. Valid values: manual, smart, off
2026-08-27 16:26:21,226 WARNING cron.jobs: cron.persisted_error.recovered job='OpenCode Progress Monitor' id=40e9cabcac94 — recurring job wedged in stale last_status=error without re-firing for a full cadence; re-arming next_run_at to 2026-08-27T16:26:21.220004-07:00 so it re-dispatches without force-run/resume
2026-08-27 16:28:21,502 WARNING cron.jobs: cron.persisted_error.recovered job='OpenCode Progress Monitor' id=40e9cabcac94 — recurring job wedged in stale last_status=error without re-firing for a full cadence; re-arming next_run_at to 2026-08-27T16:28:21.496165-07:00 so it re-dispatches without force-run/resume
2026-08-27 16:29:21,830 WARNING cron.jobs: cron.persisted_error.recovered job='OpenCode Progress Monitor' id=40e9cabcac94 — recurring job wedged in stale last_status=error without re-firing for a full cadence; re-arming next_run_at to 2026-08-27T16:29:21.823055-07:00 so it re-dispatches without force-run/resume
2026-08-27 16:30:21,974 WARNING cron.jobs: cron.persisted_error.recovered job='OpenCode Progress Monitor' id=40e9cabcac94 — recurring job wedged in stale last_status=error without re-firing for a full cadence; re-arming next_run_at to 2026-08-27T16:30:21.966880-07:00 so it re-dispatches without force-run/resume
2026-08-27 16:31:22,129 WARNING cron.jobs: cron.persisted_error.recovered job='OpenCode Progress Monitor' id=40e9cabcac94 — recurring job wedged in stale last_status=error without re-firing for a full cadence; re-arming next_run_at to 2026-08-27T16:31:22.125254-07:00 so it re-dispatches without force-run/resume
2026-08-27 16:32:22,298 WARNING cron.jobs: cron.persisted_error.recovered job='OpenCode Progress Monitor' id=40e9cabcac94 — recurring job wedged in stale last_status=error without re-firing for a full cadence; re-arming next_run_at to 2026-08-27T16:32:22.294616-07:00 so it re-dispatches without force-run/resume
2026-08-27 16:33:22,448 WARNING cron.jobs: cron.persisted_error.recovered job='OpenCode Progress Monitor' id=40e9cabcac94 — recurring job wedged in stale last_status=error without re-firing for a full cadence; re-arming next_run_at to 2026-08-27T16:33:22.442702-07:00 so it re-dispatches without force-run/resume
2026-08-27 16:34:22,613 WARNING cron.jobs: cron.persisted_error.recovered job='OpenCode Progress Monitor' id=40e9cabcac94 — recurring job wedged in stale last_status=error without re-firing for a full cadence; re-arming next_run_at to 2026-08-27T16:34:22.607732-07:00 so it re-dispatches without force-run/resume
2026-08-27 16:35:22,753 WARNING cron.jobs: cron.persisted_error.recovered job='OpenCode Progress Monitor' id=40e9cabcac94 — recurring job wedged in stale last_status=error without re-firing for a full cadence; re-arming next_run_at to 2026-08-27T16:35:22.750058-07:00 so it re-dispatches without force-run/resume
2026-08-27 16:36:22,893 WARNING cron.jobs: cron.persisted_error.recovered job='OpenCode Progress Monitor' id=40e9cabcac94 — recurring job wedged in stale last_status=error without re-firing for a full cadence; re-arming next_run_at to 2026-08-27T16:36:22.889232-07:00 so it re-dispatches without force-run/resume
2026-08-27 16:37:23,062 WARNING cron.jobs: cron.persisted_error.recovered job='OpenCode Progress Monitor' id=40e9cabcac94 — recurring job wedged in stale last_status=error without re-firing for a full cadence; re-arming next_run_at to 2026-08-27T16:37:23.052063-07:00 so it re-dispatches without force-run/resume
2026-08-27 16:38:23,256 WARNING cron.jobs: cron.persisted_error.recovered job='OpenCode Progress Monitor' id=40e9cabcac94 — recurring job wedged in stale last_status=error without re-firing for a full cadence; re-arming next_run_at to 2026-08-27T16:38:23.250631-07:00 so it re-dispatches without force-run/resume
2026-08-27 16:39:23,424 WARNING cron.jobs: cron.persisted_error.recovered job='OpenCode Progress Monitor' id=40e9cabcac94 — recurring job wedged in stale last_status=error without re-firing for a full cadence; re-arming next_run_at to 2026-08-27T16:39:23.421611-07:00 so it re-dispatches without force-run/resume
2026-08-27 16:40:23,585 WARNING cron.jobs: cron.persisted_error.recovered job='OpenCode Progress Monitor' id=40e9cabcac94 — recurring job wedged in stale last_status=error without re-firing for a full cadence; re-arming next_run_at to 2026-08-27T16:40:23.580130-07:00 so it re-dispatches without force-run/resume
2026-08-27 16:41:23,813 WARNING cron.jobs: cron.persisted_error.recovered job='OpenCode Progress Monitor' id=40e9cabcac94 — recurring job wedged in stale last_status=error without re-firing for a full cadence; re-arming next_run_at to 2026-08-27T16:41:23.810052-07:00 so it re-dispatches without force-run/resume
2026-08-27 16:42:23,937 WARNING cron.jobs: cron.persisted_error.recovered job='OpenCode Progress Monitor' id=40e9cabcac94 — recurring job wedged in stale last_status=error without re-firing for a full cadence; re-arming next_run_at to 2026-08-27T16:42:23.933769-07:00 so it re-dispatches without force-run/resume
2026-08-27 16:43:24,072 WARNING cron.jobs: cron.persisted_error.recovered job='OpenCode Progress Monitor' id=40e9cabcac94 — recurring job wedged in stale last_status=error without re-firing for a full cadence; re-arming next_run_at to 2026-08-27T16:43:24.065949-07:00 so it re-dispatches without force-run/resume
2026-08-27 16:44:24,216 WARNING cron.jobs: cron.persisted_error.recovered job='OpenCode Progress Monitor' id=40e9cabcac94 — recurring job wedged in stale last_status=error without re-firing for a full cadence; re-arming next_run_at to 2026-08-27T16:44:24.213237-07:00 so it re-dispatches without force-run/resume
2026-08-27 16:45:24,349 WARNING cron.jobs: cron.persisted_error.recovered job='OpenCode Progress Monitor' id=40e9cabcac94 — recurring job wedged in stale last_status=error without re-firing for a full cadence; re-arming next_run_at to 2026-08-27T16:45:24.345972-07:00 so it re-dispatches without force-run/resume
2026-08-27 16:46:24,470 WARNING cron.jobs: cron.persisted_error.recovered job='OpenCode Progress Monitor' id=40e9cabcac94 — recurring job wedged in stale last_status=error without re-firing for a full cadence; re-arming next_run_at to 2026-08-27T16:46:24.467297-07:00 so it re-dispatches without force-run/resume
2026-08-27 16:47:24,583 WARNING cron.jobs: cron.persisted_error.recovered job='OpenCode Progress Monitor' id=40e9cabcac94 — recurring job wedged in stale last_status=error without re-firing for a full cadence; re-arming next_run_at to 2026-08-27T16:47:24.580582-07:00 so it re-dispatches without force-run/resume
2026-08-27 16:49:24,857 WARNING cron.jobs: cron.persisted_error.recovered job='OpenCode Progress Monitor' id=40e9cabcac94 — recurring job wedged in stale last_status=error without re-firing for a full cadence; re-arming next_run_at to 2026-08-27T16:49:24.851448-07:00 so it re-dispatches without force-run/resume
2026-08-27 16:51:25,242 WARNING cron.jobs: cron.persisted_error.recovered job='OpenCode Progress Monitor' id=40e9cabcac94 — recurring job wedged in stale last_status=error without re-firing for a full cadence; re-arming next_run_at to 2026-08-27T16:51:25.236771-07:00 so it re-dispatches without force-run/resume
2026-08-27 16:53:25,648 WARNING cron.jobs: cron.persisted_error.recovered job='OpenCode Progress Monitor' id=40e9cabcac94 — recurring job wedged in stale last_status=error without re-firing for a full cadence; re-arming next_run_at to 2026-08-27T16:53:25.645985-07:00 so it re-dispatches without force-run/resume
2026-08-27 16:54:25,920 WARNING cron.jobs: cron.persisted_error.recovered job='OpenCode Progress Monitor' id=40e9cabcac94 — recurring job wedged in stale last_status=error without re-firing for a full cadence; re-arming next_run_at to 2026-08-27T16:54:25.918341-07:00 so it re-dispatches without force-run/resume
2026-08-27 16:55:26,210 WARNING cron.jobs: cron.persisted_error.recovered job='OpenCode Progress Monitor' id=40e9cabcac94 — recurring job wedged in stale last_status=error without re-firing for a full cadence; re-arming next_run_at to 2026-08-27T16:55:26.208147-07:00 so it re-dispatches without force-run/resume
2026-08-27 16:56:26,340 WARNING cron.jobs: cron.persisted_error.recovered job='OpenCode Progress Monitor' id=40e9cabcac94 — recurring job wedged in stale last_status=error without re-firing for a full cadence; re-arming next_run_at to 2026-08-27T16:56:26.335002-07:00 so it re-dispatches without force-run/resume
2026-08-27 16:57:26,483 WARNING cron.jobs: cron.persisted_error.recovered job='OpenCode Progress Monitor' id=40e9cabcac94 — recurring job wedged in stale last_status=error without re-firing for a full cadence; re-arming next_run_at to 2026-08-27T16:57:26.476195-07:00 so it re-dispatches without force-run/resume
2026-08-27 16:58:26,670 WARNING cron.jobs: cron.persisted_error.recovered job='OpenCode Progress Monitor' id=40e9cabcac94 — recurring job wedged in stale last_status=error without re-firing for a full cadence; re-arming next_run_at to 2026-08-27T16:58:26.667369-07:00 so it re-dispatches without force-run/resume
2026-08-27 16:59:26,813 WARNING cron.jobs: cron.persisted_error.recovered job='OpenCode Progress Monitor' id=40e9cabcac94 — recurring job wedged in stale last_status=error without re-firing for a full cadence; re-arming next_run_at to 2026-08-27T16:59:26.807003-07:00 so it re-dispatches without force-run/resume
2026-08-27 17:00:26,967 WARNING cron.jobs: cron.persisted_error.recovered job='OpenCode Progress Monitor' id=40e9cabcac94 — recurring job wedged in stale last_status=error without re-firing for a full cadence; re-arming next_run_at to 2026-08-27T17:00:26.965196-07:00 so it re-dispatches without force-run/resume
2026-08-27 17:01:27,094 WARNING cron.jobs: cron.persisted_error.recovered job='OpenCode Progress Monitor' id=40e9cabcac94 — recurring job wedged in stale last_status=error without re-firing for a full cadence; re-arming next_run_at to 2026-08-27T17:01:27.092312-07:00 so it re-dispatches without force-run/resume
2026-08-27 17:02:27,260 WARNING cron.jobs: cron.persisted_error.recovered job='OpenCode Progress Monitor' id=40e9cabcac94 — recurring job wedged in stale last_status=error without re-firing for a full cadence; re-arming next_run_at to 2026-08-27T17:02:27.257528-07:00 so it re-dispatches without force-run/resume
2026-08-27 17:03:27,359 WARNING cron.jobs: cron.persisted_error.recovered job='OpenCode Progress Monitor' id=40e9cabcac94 — recurring job wedged in stale last_status=error without re-firing for a full cadence; re-arming next_run_at to 2026-08-27T17:03:27.352244-07:00 so it re-dispatches without force-run/resume
2026-08-27 17:04:27,480 WARNING cron.jobs: cron.persisted_error.recovered job='OpenCode Progress Monitor' id=40e9cabcac94 — recurring job wedged in stale last_status=error without re-firing for a full cadence; re-arming next_run_at to 2026-08-27T17:04:27.478111-07:00 so it re-dispatches without force-run/resume
2026-08-27 17:05:27,607 WARNING cron.jobs: cron.persisted_error.recovered job='OpenCode Progress Monitor' id=40e9cabcac94 — recurring job wedged in stale last_status=error without re-firing for a full cadence; re-arming next_run_at to 2026-08-27T17:05:27.603415-07:00 so it re-dispatches without force-run/resume
2026-08-27 17:06:27,698 WARNING cron.jobs: cron.persisted_error.recovered job='OpenCode Progress Monitor' id=40e9cabcac94 — recurring job wedged in stale last_status=error without re-firing for a full cadence; re-arming next_run_at to 2026-08-27T17:06:27.693619-07:00 so it re-dispatches without force-run/resume
2026-08-27 17:07:27,858 WARNING cron.jobs: cron.persisted_error.recovered job='OpenCode Progress Monitor' id=40e9cabcac94 — recurring job wedged in stale last_status=error without re-firing for a full cadence; re-arming next_run_at to 2026-08-27T17:07:27.852781-07:00 so it re-dispatches without force-run/resume
2026-08-27 17:08:27,981 WARNING cron.jobs: cron.persisted_error.recovered job='OpenCode Progress Monitor' id=40e9cabcac94 — recurring job wedged in stale last_status=error without re-firing for a full cadence; re-arming next_run_at to 2026-08-27T17:08:27.977260-07:00 so it re-dispatches without force-run/resume
2026-08-27 17:09:28,105 WARNING cron.jobs: cron.persisted_error.recovered job='OpenCode Progress Monitor' id=40e9cabcac94 — recurring job wedged in stale last_status=error without re-firing for a full cadence; re-arming next_run_at to 2026-08-27T17:09:28.102571-07:00 so it re-dispatches without force-run/resume
2026-08-27 17:11:28,274 WARNING cron.jobs: cron.persisted_error.recovered job='OpenCode Progress Monitor' id=40e9cabcac94 — recurring job wedged in stale last_status=error without re-firing for a full cadence; re-arming next_run_at to 2026-08-27T17:11:28.271005-07:00 so it re-dispatches without force-run/resume
2026-08-27 17:12:28,409 WARNING cron.jobs: cron.persisted_error.recovered job='OpenCode Progress Monitor' id=40e9cabcac94 — recurring job wedged in stale last_status=error without re-firing for a full cadence; re-arming next_run_at to 2026-08-27T17:12:28.406073-07:00 so it re-dispatches without force-run/resume
2026-08-27 17:13:28,529 WARNING cron.jobs: cron.persisted_error.recovered job='OpenCode Progress Monitor' id=40e9cabcac94 — recurring job wedged in stale last_status=error without re-firing for a full cadence; re-arming next_run_at to 2026-08-27T17:13:28.527337-07:00 so it re-dispatches without force-run/resume
2026-08-27 17:14:28,617 WARNING cron.jobs: cron.persisted_error.recovered job='OpenCode Progress Monitor' id=40e9cabcac94 — recurring job wedged in stale last_status=error without re-firing for a full cadence; re-arming next_run_at to 2026-08-27T17:14:28.610544-07:00 so it re-dispatches without force-run/resume
2026-08-27 17:15:28,754 WARNING cron.jobs: cron.persisted_error.recovered job='OpenCode Progress Monitor' id=40e9cabcac94 — recurring job wedged in stale last_status=error without re-firing for a full cadence; re-arming next_run_at to 2026-08-27T17:15:28.750708-07:00 so it re-dispatches without force-run/resume
2026-08-27 17:16:28,846 WARNING cron.jobs: cron.persisted_error.recovered job='OpenCode Progress Monitor' id=40e9cabcac94 — recurring job wedged in stale last_status=error without re-firing for a full cadence; re-arming next_run_at to 2026-08-27T17:16:28.844333-07:00 so it re-dispatches without force-run/resume
2026-08-27 17:17:28,956 WARNING cron.jobs: cron.persisted_error.recovered job='OpenCode Progress Monitor' id=40e9cabcac94 — recurring job wedged in stale last_status=error without re-firing for a full cadence; re-arming next_run_at to 2026-08-27T17:17:28.950193-07:00 so it re-dispatches without force-run/resume
2026-08-27 17:18:29,038 WARNING cron.jobs: cron.persisted_error.recovered job='OpenCode Progress Monitor' id=40e9cabcac94 — recurring job wedged in stale last_status=error without re-firing for a full cadence; re-arming next_run_at to 2026-08-27T17:18:29.035253-07:00 so it re-dispatches without force-run/resume
2026-08-27 17:19:29,123 WARNING cron.jobs: cron.persisted_error.recovered job='OpenCode Progress Monitor' id=40e9cabcac94 — recurring job wedged in stale last_status=error without re-firing for a full cadence; re-arming next_run_at to 2026-08-27T17:19:29.117443-07:00 so it re-dispatches without force-run/resume
2026-08-27 17:21:29,299 WARNING cron.jobs: cron.persisted_error.recovered job='OpenCode Progress Monitor' id=40e9cabcac94 — recurring job wedged in stale last_status=error without re-firing for a full cadence; re-arming next_run_at to 2026-08-27T17:21:29.297483-07:00 so it re-dispatches without force-run/resume
2026-08-27 17:22:29,512 WARNING cron.jobs: cron.persisted_error.recovered job='OpenCode Progress Monitor' id=40e9cabcac94 — recurring job wedged in stale last_status=error without re-firing for a full cadence; re-arming next_run_at to 2026-08-27T17:22:29.509004-07:00 so it re-dispatches without force-run/resume
2026-08-27 17:23:29,628 WARNING cron.jobs: cron.persisted_error.recovered job='OpenCode Progress Monitor' id=40e9cabcac94 — recurring job wedged in stale last_status=error without re-firing for a full cadence; re-arming next_run_at to 2026-08-27T17:23:29.621837-07:00 so it re-dispatches without force-run/resume
2026-08-27 17:24:29,751 WARNING cron.jobs: cron.persisted_error.recovered job='OpenCode Progress Monitor' id=40e9cabcac94 — recurring job wedged in stale last_status=error without re-firing for a full cadence; re-arming next_run_at to 2026-08-27T17:24:29.746459-07:00 so it re-dispatches without force-run/resume
2026-08-27 17:25:29,870 WARNING cron.jobs: cron.persisted_error.recovered job='OpenCode Progress Monitor' id=40e9cabcac94 — recurring job wedged in stale last_status=error without re-firing for a full cadence; re-arming next_run_at to 2026-08-27T17:25:29.864653-07:00 so it re-dispatches without force-run/resume
2026-08-27 17:26:30,039 WARNING cron.jobs: cron.persisted_error.recovered job='OpenCode Progress Monitor' id=40e9cabcac94 — recurring job wedged in stale last_status=error without re-firing for a full cadence; re-arming next_run_at to 2026-08-27T17:26:30.033282-07:00 so it re-dispatches without force-run/resume
2026-08-27 17:27:30,151 WARNING cron.jobs: cron.persisted_error.recovered job='OpenCode Progress Monitor' id=40e9cabcac94 — recurring job wedged in stale last_status=error without re-firing for a full cadence; re-arming next_run_at to 2026-08-27T17:27:30.145691-07:00 so it re-dispatches without force-run/resume
2026-08-27 17:28:30,273 WARNING cron.jobs: cron.persisted_error.recovered job='OpenCode Progress Monitor' id=40e9cabcac94 — recurring job wedged in stale last_status=error without re-firing for a full cadence; re-arming next_run_at to 2026-08-27T17:28:30.265876-07:00 so it re-dispatches without force-run/resume
2026-08-27 17:29:30,398 WARNING cron.jobs: cron.persisted_error.recovered job='OpenCode Progress Monitor' id=40e9cabcac94 — recurring job wedged in stale last_status=error without re-firing for a full cadence; re-arming next_run_at to 2026-08-27T17:29:30.392989-07:00 so it re-dispatches without force-run/resume
2026-08-27 17:30:30,499 WARNING cron.jobs: cron.persisted_error.recovered job='OpenCode Progress Monitor' id=40e9cabcac94 — recurring job wedged in stale last_status=error without re-firing for a full cadence; re-arming next_run_at to 2026-08-27T17:30:30.494649-07:00 so it re-dispatches without force-run/resume
2026-08-27 17:31:30,600 WARNING cron.jobs: cron.persisted_error.recovered job='OpenCode Progress Monitor' id=40e9cabcac94 — recurring job wedged in stale last_status=error without re-firing for a full cadence; re-arming next_run_at to 2026-08-27T17:31:30.597472-07:00 so it re-dispatches without force-run/resume
2026-08-27 17:32:30,697 WARNING cron.jobs: cron.persisted_error.recovered job='OpenCode Progress Monitor' id=40e9cabcac94 — recurring job wedged in stale last_status=error without re-firing for a full cadence; re-arming next_run_at to 2026-08-27T17:32:30.692880-07:00 so it re-dispatches without force-run/resume
2026-08-27 17:33:30,796 WARNING cron.jobs: cron.persisted_error.recovered job='OpenCode Progress Monitor' id=40e9cabcac94 — recurring job wedged in stale last_status=error without re-firing for a full cadence; re-arming next_run_at to 2026-08-27T17:33:30.790751-07:00 so it re-dispatches without force-run/resume
2026-08-27 17:34:30,904 WARNING cron.jobs: cron.persisted_error.recovered job='OpenCode Progress Monitor' id=40e9cabcac94 — recurring job wedged in stale last_status=error without re-firing for a full cadence; re-arming next_run_at to 2026-08-27T17:34:30.898573-07:00 so it re-dispatches without force-run/resume
2026-08-27 17:35:31,017 WARNING cron.jobs: cron.persisted_error.recovered job='OpenCode Progress Monitor' id=40e9cabcac94 — recurring job wedged in stale last_status=error without re-firing for a full cadence; re-arming next_run_at to 2026-08-27T17:35:31.015128-07:00 so it re-dispatches without force-run/resume
2026-08-27 17:36:31,100 WARNING cron.jobs: cron.persisted_error.recovered job='OpenCode Progress Monitor' id=40e9cabcac94 — recurring job wedged in stale last_status=error without re-firing for a full cadence; re-arming next_run_at to 2026-08-27T17:36:31.096368-07:00 so it re-dispatches without force-run/resume
2026-08-27 17:37:31,267 WARNING cron.jobs: cron.persisted_error.recovered job='OpenCode Progress Monitor' id=40e9cabcac94 — recurring job wedged in stale last_status=error without re-firing for a full cadence; re-arming next_run_at to 2026-08-27T17:37:31.263278-07:00 so it re-dispatches without force-run/resume
2026-08-27 17:38:31,384 WARNING cron.jobs: cron.persisted_error.recovered job='OpenCode Progress Monitor' id=40e9cabcac94 — recurring job wedged in stale last_status=error without re-firing for a full cadence; re-arming next_run_at to 2026-08-27T17:38:31.380596-07:00 so it re-dispatches without force-run/resume
2026-08-27 17:39:31,495 WARNING cron.jobs: cron.persisted_error.recovered job='OpenCode Progress Monitor' id=40e9cabcac94 — recurring job wedged in stale last_status=error without re-firing for a full cadence; re-arming next_run_at to 2026-08-27T17:39:31.488716-07:00 so it re-dispatches without force-run/resume
2026-08-27 17:40:31,617 WARNING cron.jobs: cron.persisted_error.recovered job='OpenCode Progress Monitor' id=40e9cabcac94 — recurring job wedged in stale last_status=error without re-firing for a full cadence; re-arming next_run_at to 2026-08-27T17:40:31.613544-07:00 so it re-dispatches without force-run/resume
2026-08-27 17:41:31,754 WARNING cron.jobs: cron.persisted_error.recovered job='OpenCode Progress Monitor' id=40e9cabcac94 — recurring job wedged in stale last_status=error without re-firing for a full cadence; re-arming next_run_at to 2026-08-27T17:41:31.751485-07:00 so it re-dispatches without force-run/resume
2026-08-27 17:42:31,863 WARNING cron.jobs: cron.persisted_error.recovered job='OpenCode Progress Monitor' id=40e9cabcac94 — recurring job wedged in stale last_status=error without re-firing for a full cadence; re-arming next_run_at to 2026-08-27T17:42:31.859947-07:00 so it re-dispatches without force-run/resume
2026-08-27 17:43:31,964 WARNING cron.jobs: cron.persisted_error.recovered job='OpenCode Progress Monitor' id=40e9cabcac94 — recurring job wedged in stale last_status=error without re-firing for a full cadence; re-arming next_run_at to 2026-08-27T17:43:31.961004-07:00 so it re-dispatches without force-run/resume
2026-08-27 17:44:32,056 WARNING cron.jobs: cron.persisted_error.recovered job='OpenCode Progress Monitor' id=40e9cabcac94 — recurring job wedged in stale last_status=error without re-firing for a full cadence; re-arming next_run_at to 2026-08-27T17:44:32.051817-07:00 so it re-dispatches without force-run/resume
2026-08-27 17:45:32,158 WARNING cron.jobs: cron.persisted_error.recovered job='OpenCode Progress Monitor' id=40e9cabcac94 — recurring job wedged in stale last_status=error without re-firing for a full cadence; re-arming next_run_at to 2026-08-27T17:45:32.154460-07:00 so it re-dispatches without force-run/resume
2026-08-27 17:46:32,266 WARNING cron.jobs: cron.persisted_error.recovered job='OpenCode Progress Monitor' id=40e9cabcac94 — recurring job wedged in stale last_status=error without re-firing for a full cadence; re-arming next_run_at to 2026-08-27T17:46:32.261270-07:00 so it re-dispatches without force-run/resume
2026-08-27 17:47:32,377 WARNING cron.jobs: cron.persisted_error.recovered job='OpenCode Progress Monitor' id=40e9cabcac94 — recurring job wedged in stale last_status=error without re-firing for a full cadence; re-arming next_run_at to 2026-08-27T17:47:32.373937-07:00 so it re-dispatches without force-run/resume
2026-08-27 17:48:32,469 WARNING cron.jobs: cron.persisted_error.recovered job='OpenCode Progress Monitor' id=40e9cabcac94 — recurring job wedged in stale last_status=error without re-firing for a full cadence; re-arming next_run_at to 2026-08-27T17:48:32.466330-07:00 so it re-dispatches without force-run/resume
2026-08-27 17:49:32,547 WARNING cron.jobs: cron.persisted_error.recovered job='OpenCode Progress Monitor' id=40e9cabcac94 — recurring job wedged in stale last_status=error without re-firing for a full cadence; re-arming next_run_at to 2026-08-27T17:49:32.543709-07:00 so it re-dispatches without force-run/resume
2026-08-27 18:23:34,591 WARNING agent.chat_completion_helpers: Inline non-streaming API call stale for 180s (threshold 180s). model=/models/Qwen3.6-35B-A3B-Q4_K_M.gguf context=~28,474 tokens. Killing connection.
2026-08-27 18:23:34,593 WARNING [cron_40e9cabcac94_20260827_182034] agent.conversation_loop: API call failed (attempt 1/3) error_type=TimeoutError thread=ThreadPoolExecutor-230_0:133309055096512 provider=custom base_url=http://10.1.1.10:8080/v1 model=/models/Qwen3.6-35B-A3B-Q4_K_M.gguf summary=Non-streaming API call timed out after 180s with no response (threshold: 180s)
2026-08-27 18:23:34,594 WARNING [cron_40e9cabcac94_20260827_182034] agent.conversation_loop: Retrying API call in 2.2991051486495473s (attempt 1/3) thread=ThreadPoolExecutor-230_0:133309055096512 provider=custom base_url=http://10.1.1.10:8080/v1 model=/models/Qwen3.6-35B-A3B-Q4_K_M.gguf policy=default error=Non-streaming API call timed out after 180s with no response (threshold: 180s)
2026-08-27 18:26:37,003 WARNING agent.chat_completion_helpers: Inline non-streaming API call stale for 180s (threshold 180s). model=/models/Qwen3.6-35B-A3B-Q4_K_M.gguf context=~28,474 tokens. Killing connection.
2026-08-27 18:26:37,006 WARNING [cron_40e9cabcac94_20260827_182034] agent.conversation_loop: API call failed (attempt 2/3) error_type=TimeoutError thread=ThreadPoolExecutor-230_0:133309055096512 provider=custom base_url=http://10.1.1.10:8080/v1 model=/models/Qwen3.6-35B-A3B-Q4_K_M.gguf summary=Non-streaming API call timed out after 180s with no response (threshold: 180s)
2026-08-27 18:26:37,007 WARNING [cron_40e9cabcac94_20260827_182034] agent.auxiliary_client: resolve_provider_client: named custom provider 'llamaCPP' has no resolvable api_key — request will be sent with placeholder no-key-required and will 401 on auth-required endpoints
2026-08-27 18:29:37,031 WARNING agent.chat_completion_helpers: Inline non-streaming API call stale for 180s (threshold 180s). model=/models/Qwen3.6-35B-A3B-Q4_K_M.gguf context=~28,474 tokens. Killing connection.
2026-08-27 18:29:37,042 WARNING [cron_40e9cabcac94_20260827_182034] agent.conversation_loop: API call failed (attempt 1/3) error_type=TimeoutError thread=ThreadPoolExecutor-230_0:133309055096512 provider=llamacpp base_url=http://10.1.1.10:8080/v1/ model=/models/Qwen3.6-35B-A3B-Q4_K_M.gguf summary=Non-streaming API call timed out after 180s with no response (threshold: 180s)
2026-08-27 18:29:37,042 WARNING [cron_40e9cabcac94_20260827_182034] agent.conversation_loop: Retrying API call in 2.6921598798708994s (attempt 1/3) thread=ThreadPoolExecutor-230_0:133309055096512 provider=llamacpp base_url=http://10.1.1.10:8080/v1/ model=/models/Qwen3.6-35B-A3B-Q4_K_M.gguf policy=default error=Non-streaming API call timed out after 180s with no response (threshold: 180s)
2026-08-27 18:32:39,851 WARNING agent.chat_completion_helpers: Inline non-streaming API call stale for 180s (threshold 180s). model=/models/Qwen3.6-35B-A3B-Q4_K_M.gguf context=~28,474 tokens. Killing connection.
2026-08-27 18:32:39,854 WARNING [cron_40e9cabcac94_20260827_182034] agent.conversation_loop: API call failed (attempt 2/3) error_type=TimeoutError thread=ThreadPoolExecutor-230_0:133309055096512 provider=llamacpp base_url=http://10.1.1.10:8080/v1/ model=/models/Qwen3.6-35B-A3B-Q4_K_M.gguf summary=Non-streaming API call timed out after 180s with no response (threshold: 180s)
2026-08-27 18:32:39,854 WARNING [cron_40e9cabcac94_20260827_182034] agent.conversation_loop: Retrying API call in 5.698457775845446s (attempt 2/3) thread=ThreadPoolExecutor-230_0:133309055096512 provider=llamacpp base_url=http://10.1.1.10:8080/v1/ model=/models/Qwen3.6-35B-A3B-Q4_K_M.gguf policy=default error=Non-streaming API call timed out after 180s with no response (threshold: 180s)
2026-08-27 18:35:45,673 WARNING agent.chat_completion_helpers: Inline non-streaming API call stale for 180s (threshold 180s). model=/models/Qwen3.6-35B-A3B-Q4_K_M.gguf context=~28,474 tokens. Killing connection.
2026-08-27 18:35:45,685 WARNING [cron_40e9cabcac94_20260827_182034] agent.conversation_loop: API call failed (attempt 3/3) error_type=TimeoutError thread=ThreadPoolExecutor-230_0:133309055096512 provider=llamacpp base_url=http://10.1.1.10:8080/v1/ model=/models/Qwen3.6-35B-A3B-Q4_K_M.gguf summary=Non-streaming API call timed out after 180s with no response (threshold: 180s)
2026-08-27 18:35:45,686 ERROR [cron_40e9cabcac94_20260827_182034] agent.conversation_loop: API call failed after 3 retries. Non-streaming API call timed out after 180s with no response (threshold: 180s) | provider=llamacpp model=/models/Qwen3.6-35B-A3B-Q4_K_M.gguf msgs=2 tokens=~13,225
2026-08-27 18:35:45,774 ERROR cron.scheduler: Job 'OpenCode Progress Monitor' failed: RuntimeError: Non-streaming API call timed out after 180s with no response (threshold: 180s)
Traceback (most recent call last):
  File "/home/josh434/.hermes/hermes-agent/cron/scheduler.py", line 6264, in run_job
    raise RuntimeError(_err_text)
RuntimeError: Non-streaming API call timed out after 180s with no response (threshold: 180s)
2026-08-27 19:09:37,744 WARNING tools.registry: check_fn check_browser_back_requirements returned False; dependent tools will be unavailable this turn
2026-08-27 19:09:37,745 WARNING tools.registry: check_fn _browser_cdp_check returned False; dependent tools will be unavailable this turn
2026-08-27 19:09:37,747 WARNING tools.registry: check_fn check_browser_click_requirements returned False; dependent tools will be unavailable this turn
2026-08-27 19:09:37,748 WARNING tools.registry: check_fn check_browser_requirements returned False; dependent tools will be unavailable this turn
2026-08-27 19:09:37,750 WARNING tools.registry: check_fn _browser_dialog_check returned False; dependent tools will be unavailable this turn
2026-08-27 19:09:37,754 WARNING tools.registry: check_fn check_browser_navigate_requirements returned False; dependent tools will be unavailable this turn
2026-08-27 19:09:37,755 WARNING tools.registry: check_fn check_browser_press_requirements returned False; dependent tools will be unavailable this turn
2026-08-27 19:09:37,756 WARNING tools.registry: check_fn check_browser_scroll_requirements returned False; dependent tools will be unavailable this turn
2026-08-27 19:09:37,757 WARNING tools.registry: check_fn check_browser_snapshot_requirements returned False; dependent tools will be unavailable this turn
2026-08-27 19:09:37,759 WARNING tools.registry: check_fn check_browser_type_requirements returned False; dependent tools will be unavailable this turn
2026-08-27 19:09:37,760 WARNING tools.registry: check_fn check_browser_vision_requirements returned False; dependent tools will be unavailable this turn
2026-08-27 19:09:37,762 WARNING tools.registry: check_fn check_image_generation_requirements returned False; dependent tools will be unavailable this turn
2026-08-27 19:09:37,763 WARNING tools.registry: check_fn _check_kanban_mode returned False; dependent tools will be unavailable this turn
2026-08-27 19:09:37,763 WARNING tools.registry: check_fn _check_kanban_orchestrator_mode returned False; dependent tools will be unavailable this turn
2026-08-27 19:12:37,893 WARNING agent.chat_completion_helpers: Inline non-streaming API call stale for 180s (threshold 180s). model=Qwen3.6-35B-A3B-Q4_K_M.gguf context=~28,419 tokens. Killing connection.
2026-08-27 19:12:37,896 WARNING [cron_97842ab6d078_20260827_190937] agent.conversation_loop: API call failed (attempt 1/3) error_type=TimeoutError thread=ThreadPoolExecutor-232_0:133309055096512 provider=custom base_url=http://10.1.1.10:8080/v1 model=Qwen3.6-35B-A3B-Q4_K_M.gguf summary=Non-streaming API call timed out after 180s with no response (threshold: 180s)
2026-08-27 19:12:37,896 WARNING [cron_97842ab6d078_20260827_190937] agent.conversation_loop: Retrying API call in 2.5397260984756316s (attempt 1/3) thread=ThreadPoolExecutor-232_0:133309055096512 provider=custom base_url=http://10.1.1.10:8080/v1 model=Qwen3.6-35B-A3B-Q4_K_M.gguf policy=default error=Non-streaming API call timed out after 180s with no response (threshold: 180s)
2026-08-27 19:14:37,036 WARNING tools.approval: Unknown approvals.mode 'auto' — defaulting to 'manual'. Valid values: manual, smart, off
2026-08-27 19:14:37,039 WARNING [cron_97842ab6d078_20260827_190937] agent.tool_executor: Tool execute_code returned error (0.00s): {"status": "error", "error": "BLOCKED: execute_code runs arbitrary local Python (including subprocess calls that bypass shell-string approval checks). Cron jobs run without a user present to approve i
2026-08-27 19:16:40,164 WARNING tools.approval: Unknown approvals.mode 'auto' — defaulting to 'manual'. Valid values: manual, smart, off
2026-08-27 19:17:07,606 WARNING tools.approval: Unknown approvals.mode 'auto' — defaulting to 'manual'. Valid values: manual, smart, off
2026-08-27 22:26:31,051 WARNING tools.approval: Unknown approvals.mode 'auto' — defaulting to 'manual'. Valid values: manual, smart, off
2026-08-27 22:27:05,638 WARNING tools.approval: Unknown approvals.mode 'auto' — defaulting to 'manual'. Valid values: manual, smart, off
2026-08-27 22:27:05,805 WARNING tools.approval: Unknown approvals.mode 'auto' — defaulting to 'manual'. Valid values: manual, smart, off
2026-08-27 22:27:21,692 WARNING tools.approval: Unknown approvals.mode 'auto' — defaulting to 'manual'. Valid values: manual, smart, off
2026-08-27 22:27:21,784 WARNING tools.approval: Unknown approvals.mode 'auto' — defaulting to 'manual'. Valid values: manual, smart, off
2026-08-27 22:27:36,558 WARNING tools.approval: Unknown approvals.mode 'auto' — defaulting to 'manual'. Valid values: manual, smart, off
2026-08-27 22:27:36,642 WARNING tools.approval: Unknown approvals.mode 'auto' — defaulting to 'manual'. Valid values: manual, smart, off
2026-08-27 23:00:16,000 WARNING tools.approval: Unknown approvals.mode 'auto' — defaulting to 'manual'. Valid values: manual, smart, off
2026-08-27 23:00:37,081 WARNING tools.registry: check_fn check_browser_back_requirements returned False; dependent tools will be unavailable this turn
2026-08-27 23:00:37,083 WARNING tools.registry: check_fn _browser_cdp_check returned False; dependent tools will be unavailable this turn
2026-08-27 23:00:37,085 WARNING tools.registry: check_fn check_browser_click_requirements returned False; dependent tools will be unavailable this turn
2026-08-27 23:00:37,087 WARNING tools.registry: check_fn check_browser_requirements returned False; dependent tools will be unavailable this turn
2026-08-27 23:00:37,089 WARNING tools.registry: check_fn _browser_dialog_check returned False; dependent tools will be unavailable this turn
2026-08-27 23:00:37,096 WARNING tools.registry: check_fn check_browser_navigate_requirements returned False; dependent tools will be unavailable this turn
2026-08-27 23:00:37,098 WARNING tools.registry: check_fn check_browser_press_requirements returned False; dependent tools will be unavailable this turn
2026-08-27 23:00:37,100 WARNING tools.registry: check_fn check_browser_scroll_requirements returned False; dependent tools will be unavailable this turn
2026-08-27 23:00:37,101 WARNING tools.registry: check_fn check_browser_snapshot_requirements returned False; dependent tools will be unavailable this turn
2026-08-27 23:00:37,103 WARNING tools.registry: check_fn check_browser_type_requirements returned False; dependent tools will be unavailable this turn
2026-08-27 23:00:37,105 WARNING tools.registry: check_fn check_browser_vision_requirements returned False; dependent tools will be unavailable this turn
2026-08-27 23:00:37,109 WARNING tools.registry: check_fn check_image_generation_requirements returned False; dependent tools will be unavailable this turn
2026-08-27 23:00:57,385 WARNING [20260827_230037_6e9095] agent.conversation_loop: API call failed (attempt 1/3) error_type=RateLimitError thread=ThreadPoolExecutor-256_0:133308428035776 provider=nous base_url=https://inference-api.nousresearch.com/v1 model=meituan/longcat-2.0:free summary=HTTP 429: The requested model is temporarily at capacity upstream. This is not your API key's rate limit — please retry shortly.
2026-08-27 23:00:57,385 WARNING [20260827_230037_6e9095] agent.conversation_loop: Retrying API call in 2.569410385064633s (attempt 1/3) thread=ThreadPoolExecutor-256_0:133308428035776 provider=nous base_url=https://inference-api.nousresearch.com/v1 model=meituan/longcat-2.0:free policy=default error=Error code: 429 - {'status': 429, 'message': "The requested model is temporarily at capacity upstream. This is not your API key's rate limit — please retry shortly."}
2026-08-27 23:00:59,232 WARNING [20260827_230037_c4a01b] agent.conversation_loop: API call failed (attempt 1/3) error_type=RateLimitError thread=ThreadPoolExecutor-255_0:133308436428480 provider=nous base_url=https://inference-api.nousresearch.com/v1 model=meituan/longcat-2.0:free summary=HTTP 429: The requested model is temporarily at capacity upstream. This is not your API key's rate limit — please retry shortly.
2026-08-27 23:00:59,232 WARNING [20260827_230037_c4a01b] agent.conversation_loop: Retrying API call in 2.095446644290726s (attempt 1/3) thread=ThreadPoolExecutor-255_0:133308436428480 provider=nous base_url=https://inference-api.nousresearch.com/v1 model=meituan/longcat-2.0:free policy=default error=Error code: 429 - {'status': 429, 'message': "The requested model is temporarily at capacity upstream. This is not your API key's rate limit — please retry shortly."}
2026-08-27 23:01:59,992 WARNING tools.web_tools: web_extract backend 'tavily' failed all 3 URL(s) ({"detail":{"error":"This request exceeds this API key's set usage limit. You can increase its limit on the Tavily dashboard."}}); one-shot keyless rescue
2026-08-27 23:02:12,535 WARNING tools.web_tools: web_extract backend 'tavily' failed all 3 URL(s) ({"detail":{"error":"This request exceeds this API key's set usage limit. You can increase its limit on the Tavily dashboard."}}); one-shot keyless rescue
2026-08-27 23:02:12,548 WARNING tools.web_tools: web_extract backend 'tavily' failed all 2 URL(s) ({"detail":{"error":"This request exceeds this API key's set usage limit. You can increase its limit on the Tavily dashboard."}}); one-shot keyless rescue
2026-08-27 23:02:13,559 WARNING [20260827_230037_6e9095] agent.tool_executor: Tool web_extract returned error (0.57s): {
  "results": [
    {
      "url": "https://scholar.google.com/citations?user=warren+meck+time+perception",
      "title": "",
      "content": "",
      "error": "{\"detail\":{\"error\":\"This reque
2026-08-27 23:02:24,037 WARNING tools.web_tools: web_extract backend 'tavily' failed all 3 URL(s) ({"detail":{"error":"This request exceeds this API key's set usage limit. You can increase its limit on the Tavily dashboard."}}); one-shot keyless rescue
2026-08-27 23:02:24,052 WARNING tools.web_tools: web_extract backend 'tavily' failed all 2 URL(s) ({"detail":{"error":"This request exceeds this API key's set usage limit. You can increase its limit on the Tavily dashboard."}}); one-shot keyless rescue
2026-08-27 23:02:24,309 WARNING [20260827_230037_6e9095] agent.tool_executor: Tool web_extract returned error (0.54s): {
  "results": [
    {
      "url": "https://en.wikipedia.org/wiki/Scalar_expectancy",
      "title": "",
      "content": "",
      "error": "{\"detail\":{\"error\":\"This request exceeds this API ke
2026-08-27 23:02:24,318 WARNING [20260827_230037_6e9095] agent.tool_executor: Tool web_extract returned error (0.56s): {
  "results": [
    {
      "url": "https://en.wikipedia.org/wiki/Flow_(psychology)",
      "title": "",
      "content": "",
      "error": "{\"detail\":{\"error\":\"This request exceeds this API ke
2026-08-27 23:03:56,954 WARNING tools.approval: Unknown approvals.mode 'auto' — defaulting to 'manual'. Valid values: manual, smart, off
2026-08-27 23:03:56,956 WARNING [20260827_230037_6e9095] agent.tool_executor: Tool execute_code returned error (0.01s): {"status": "error", "error": "BLOCKED: execute_code runs arbitrary local Python (including subprocess calls that bypass shell-string approval checks). Cron jobs run without a user present to approve i
2026-08-27 23:04:38,449 WARNING tools.web_tools: web_extract backend 'tavily' failed all 3 URL(s) ({"detail":{"error":"This request exceeds this API key's set usage limit. You can increase its limit on the Tavily dashboard."}}); one-shot keyless rescue
2026-08-27 23:04:38,717 WARNING [20260827_230037_6e9095] agent.tool_executor: Tool web_extract returned error (0.56s): {
  "results": [
    {
      "url": "https://en.wikipedia.org/wiki/Time_perception",
      "title": "",
      "content": "",
      "error": "{\"detail\":{\"error\":\"This request exceeds this API key'
2026-08-27 23:04:57,771 WARNING [20260827_230037_6e9095] agent.conversation_loop: API call failed (attempt 1/3) error_type=RateLimitError thread=ThreadPoolExecutor-256_0:133308428035776 provider=nous base_url=https://inference-api.nousresearch.com/v1 model=meituan/longcat-2.0:free summary=HTTP 429: The requested model is temporarily at capacity upstream. This is not your API key's rate limit — please retry shortly.
2026-08-27 23:04:57,771 WARNING [20260827_230037_6e9095] agent.conversation_loop: Retrying API call in 2.00011124052076s (attempt 1/3) thread=ThreadPoolExecutor-256_0:133308428035776 provider=nous base_url=https://inference-api.nousresearch.com/v1 model=meituan/longcat-2.0:free policy=default error=Error code: 429 - {'status': 429, 'message': "The requested model is temporarily at capacity upstream. This is not your API key's rate limit — please retry shortly."}
2026-08-27 23:05:15,643 WARNING tools.approval: Unknown approvals.mode 'auto' — defaulting to 'manual'. Valid values: manual, smart, off
2026-08-27 23:05:15,841 WARNING [20260827_230037_6e9095] agent.tool_executor: Tool terminal returned error (0.29s): {"output": "", "exit_code": -1, "error": "BLOCKED: Command flagged as dangerous (script execution via heredoc) but cron jobs run without a user present to approve it. Find an alternative approach that
2026-08-27 23:05:57,036 WARNING tools.approval: Unknown approvals.mode 'auto' — defaulting to 'manual'. Valid values: manual, smart, off
2026-08-27 23:05:57,041 WARNING [20260827_230037_6e9095] agent.tool_executor: Tool terminal returned error (0.01s): {"output": "", "exit_code": -1, "error": "BLOCKED: Command flagged as dangerous (script execution via -e/-c flag) but cron jobs run without a user present to approve it. Find an alternative approach t
2026-08-27 23:06:20,967 WARNING tools.web_tools: web_extract backend 'tavily' failed all 3 URL(s) ({"detail":{"error":"This request exceeds this API key's set usage limit. You can increase its limit on the Tavily dashboard."}}); one-shot keyless rescue
2026-08-27 23:06:21,213 WARNING [20260827_230037_6e9095] agent.tool_executor: Tool web_extract returned error (0.58s): {
  "results": [
    {
      "url": "https://pubmed.ncbi.nlm.nih.gov/?term=time+perception+review+2023+2024&filter=dates.2023%2C2024",
      "title": "",
      "content": "",
      "error": "{\"detail
2026-08-27 23:07:00,626 WARNING tools.approval: Unknown approvals.mode 'auto' — defaulting to 'manual'. Valid values: manual, smart, off
2026-08-27 23:07:00,771 WARNING [20260827_230037_6e9095] agent.tool_executor: Tool terminal returned error (0.15s): {"output": "Traceback (most recent call last):\n  File \"/home/josh434/research_time_perception.py\", line 3, in <module>\n    from hermes_tools import web_search\nModuleNotFoundError: No module named
2026-08-27 23:07:36,998 WARNING tools.web_tools: web_extract backend 'tavily' failed all 3 URL(s) ({"detail":{"error":"This request exceeds this API key's set usage limit. You can increase its limit on the Tavily dashboard."}}); one-shot keyless rescue
2026-08-27 23:07:37,026 WARNING [cron_a5e01552e0f7_20260827_230005] agent.tool_executor: sequential tool delegate_task timed out after 420.0s
2026-08-27 23:07:37,027 WARNING [cron_a5e01552e0f7_20260827_230005] agent.tool_executor: Tool delegate_task returned error (420.00s): Error executing tool 'delegate_task': timed out after 420.0s
2026-08-27 23:07:37,237 WARNING [20260827_230037_6e9095] agent.tool_executor: Tool web_extract returned error (0.55s): {
  "results": [
    {
      "url": "https://pubmed.ncbi.nlm.nih.gov/?term=time+perception+review+2023+2024&filter=dates.2023%2C2024",
      "title": "",
      "content": "",
      "error": "{\"detail
2026-08-27 23:07:58,552 WARNING [cron_a5e01552e0f7_20260827_230005] agent.conversation_loop: API call failed (attempt 1/3) error_type=RateLimitError thread=ThreadPoolExecutor-251_0:133309055096512 provider=nous base_url=https://inference-api.nousresearch.com/v1 model=meituan/longcat-2.0:free summary=HTTP 429: The requested model is temporarily at capacity upstream. This is not your API key's rate limit — please retry shortly.
2026-08-27 23:07:58,552 WARNING [cron_a5e01552e0f7_20260827_230005] agent.conversation_loop: Retrying API call in 2.776788893372768s (attempt 1/3) thread=ThreadPoolExecutor-251_0:133309055096512 provider=nous base_url=https://inference-api.nousresearch.com/v1 model=meituan/longcat-2.0:free policy=default error=Error code: 429 - {'status': 429, 'message': "The requested model is temporarily at capacity upstream. This is not your API key's rate limit — please retry shortly."}
2026-08-27 23:08:12,297 WARNING tools.web_tools: web_extract backend 'tavily' failed all 3 URL(s) ({"detail":{"error":"This request exceeds this API key's set usage limit. You can increase its limit on the Tavily dashboard."}}); one-shot keyless rescue
2026-08-27 23:08:12,545 WARNING [cron_a5e01552e0f7_20260827_230005] agent.tool_executor: Tool web_extract returned error (0.56s): {
  "results": [
    {
      "url": "https://plato.stanford.edu/entries/time-perception/",
      "title": "",
      "content": "",
      "error": "{\"detail\":{\"error\":\"This request exceeds this AP
2026-08-27 23:08:12,552 WARNING [cron_a5e01552e0f7_20260827_230005] tools.registry: check_fn check_browser_back_requirements returned False; dependent tools will be unavailable this turn
2026-08-27 23:08:12,554 WARNING [cron_a5e01552e0f7_20260827_230005] tools.registry: check_fn _browser_cdp_check returned False; dependent tools will be unavailable this turn
2026-08-27 23:08:12,556 WARNING [cron_a5e01552e0f7_20260827_230005] tools.registry: check_fn check_browser_click_requirements returned False; dependent tools will be unavailable this turn
2026-08-27 23:08:12,558 WARNING [cron_a5e01552e0f7_20260827_230005] tools.registry: check_fn check_browser_requirements returned False; dependent tools will be unavailable this turn
2026-08-27 23:08:12,561 WARNING [cron_a5e01552e0f7_20260827_230005] tools.registry: check_fn _browser_dialog_check returned False; dependent tools will be unavailable this turn
2026-08-27 23:08:12,565 WARNING [cron_a5e01552e0f7_20260827_230005] tools.registry: check_fn check_browser_navigate_requirements returned False; dependent tools will be unavailable this turn
2026-08-27 23:08:12,566 WARNING [cron_a5e01552e0f7_20260827_230005] tools.registry: check_fn check_browser_press_requirements returned False; dependent tools will be unavailable this turn
2026-08-27 23:08:12,567 WARNING [cron_a5e01552e0f7_20260827_230005] tools.registry: check_fn check_browser_scroll_requirements returned False; dependent tools will be unavailable this turn
2026-08-27 23:08:12,567 WARNING [cron_a5e01552e0f7_20260827_230005] tools.registry: check_fn check_browser_snapshot_requirements returned False; dependent tools will be unavailable this turn
2026-08-27 23:08:12,568 WARNING [cron_a5e01552e0f7_20260827_230005] tools.registry: check_fn check_browser_type_requirements returned False; dependent tools will be unavailable this turn
2026-08-27 23:08:12,569 WARNING [cron_a5e01552e0f7_20260827_230005] tools.registry: check_fn check_browser_vision_requirements returned False; dependent tools will be unavailable this turn
2026-08-27 23:08:12,571 WARNING [cron_a5e01552e0f7_20260827_230005] tools.registry: check_fn check_image_generation_requirements returned False; dependent tools will be unavailable this turn
2026-08-27 23:08:12,572 WARNING [cron_a5e01552e0f7_20260827_230005] tools.registry: check_fn _check_kanban_mode returned False; dependent tools will be unavailable this turn
2026-08-27 23:08:12,572 WARNING [cron_a5e01552e0f7_20260827_230005] tools.registry: check_fn _check_kanban_orchestrator_mode returned False; dependent tools will be unavailable this turn
2026-08-27 23:08:34,776 WARNING tools.web_tools: web_extract backend 'tavily' failed all 3 URL(s) ({"detail":{"error":"This request exceeds this API key's set usage limit. You can increase its limit on the Tavily dashboard."}}); one-shot keyless rescue
2026-08-27 23:08:35,008 WARNING [20260827_230037_6e9095] agent.tool_executor: Tool web_extract returned error (0.57s): {
  "results": [
    {
      "url": "https://pubmed.ncbi.nlm.nih.gov/?term=time+perception+review+2023+2024&filter=dates.2023%2C2024",
      "title": "",
      "content": "",
      "error": "{\"detail
2026-08-27 23:08:45,017 WARNING [20260827_230037_6e9095] agent.conversation_loop: API call failed (attempt 1/3) error_type=RateLimitError thread=ThreadPoolExecutor-256_0:133308428035776 provider=nous base_url=https://inference-api.nousresearch.com/v1 model=meituan/longcat-2.0:free summary=HTTP 429: Hold up for a bit, you've exceeded the rate limit on your API key.
2026-08-27 23:08:45,019 WARNING [20260827_230037_6e9095] agent.auxiliary_client: resolve_provider_client: named custom provider 'llamaCPP' has no resolvable api_key — request will be sent with placeholder no-key-required and will 401 on auth-required endpoints
2026-08-27 23:09:11,554 WARNING tools.web_tools: web_extract backend 'tavily' failed all 3 URL(s) ({"detail":{"error":"This request exceeds this API key's set usage limit. You can increase its limit on the Tavily dashboard."}}); one-shot keyless rescue
2026-08-27 23:09:11,801 WARNING [cron_a5e01552e0f7_20260827_230005] agent.tool_executor: Tool web_extract returned error (0.63s): {
  "results": [
    {
      "url": "https://en.wikipedia.org/wiki/Time_perception",
      "title": "",
      "content": "",
      "error": "{\"detail\":{\"error\":\"This request exceeds this API key'
2026-08-27 23:09:42,095 WARNING tools.web_tools: web_extract backend 'tavily' failed all 3 URL(s) ({"detail":{"error":"This request exceeds this API key's set usage limit. You can increase its limit on the Tavily dashboard."}}); one-shot keyless rescue
2026-08-27 23:09:42,342 WARNING [cron_a5e01552e0f7_20260827_230005] agent.tool_executor: Tool web_extract returned error (0.54s): {
  "results": [
    {
      "url": "https://www.ncbi.nlm.nih.gov/pmc/articles/PMC4042024/",
      "title": "",
      "content": "",
      "error": "{\"detail\":{\"error\":\"This request exceeds this 
2026-08-27 23:10:32,081 WARNING tools.web_tools: web_extract backend 'tavily' failed all 2 URL(s) ({"detail":{"error":"This request exceeds this API key's set usage limit. You can increase its limit on the Tavily dashboard."}}); one-shot keyless rescue
2026-08-27 23:10:32,322 WARNING [cron_a5e01552e0f7_20260827_230005] agent.tool_executor: Tool web_extract returned error (0.63s): {
  "results": [
    {
      "url": "https://plato.stanford.edu/entries/time-perception/",
      "title": "",
      "content": "",
      "error": "{\"detail\":{\"error\":\"This request exceeds this AP
2026-08-27 23:10:56,573 WARNING tools.approval: Unknown approvals.mode 'auto' — defaulting to 'manual'. Valid values: manual, smart, off
2026-08-27 23:11:45,070 WARNING agent.chat_completion_helpers: Inline non-streaming API call stale for 180s (threshold 180s). model=/models/Qwen3.6-35B-A3B-Q4_K_M.gguf context=~94,941 tokens. Killing connection.
2026-08-27 23:11:45,075 WARNING [20260827_230037_6e9095] agent.conversation_loop: API call failed (attempt 1/3) error_type=TimeoutError thread=ThreadPoolExecutor-256_0:133308428035776 provider=llamacpp base_url=http://10.1.1.10:8080/v1/ model=/models/Qwen3.6-35B-A3B-Q4_K_M.gguf summary=Non-streaming API call timed out after 180s with no response (threshold: 180s)
2026-08-27 23:11:45,076 WARNING [20260827_230037_6e9095] agent.conversation_loop: Retrying API call in 2.2417040090429157s (attempt 1/3) thread=ThreadPoolExecutor-256_0:133308428035776 provider=llamacpp base_url=http://10.1.1.10:8080/v1/ model=/models/Qwen3.6-35B-A3B-Q4_K_M.gguf policy=default error=Non-streaming API call timed out after 180s with no response (threshold: 180s)
2026-08-27 23:11:51,499 WARNING tools.approval: Unknown approvals.mode 'auto' — defaulting to 'manual'. Valid values: manual, smart, off
2026-08-27 23:11:56,231 WARNING [cron_a5e01552e0f7_20260827_230005] agent.conversation_loop: API call failed (attempt 1/3) error_type=RateLimitError thread=ThreadPoolExecutor-251_0:133309055096512 provider=nous base_url=https://inference-api.nousresearch.com/v1 model=meituan/longcat-2.0:free summary=HTTP 429: The requested model is temporarily at capacity upstream. This is not your API key's rate limit — please retry shortly.
2026-08-27 23:11:56,231 WARNING [cron_a5e01552e0f7_20260827_230005] agent.conversation_loop: Retrying API call in 2.402875181180784s (attempt 1/3) thread=ThreadPoolExecutor-251_0:133309055096512 provider=nous base_url=https://inference-api.nousresearch.com/v1 model=meituan/longcat-2.0:free policy=default error=Error code: 429 - {'status': 429, 'message': "The requested model is temporarily at capacity upstream. This is not your API key's rate limit — please retry shortly."}
2026-08-27 23:12:33,286 WARNING tools.approval: Unknown approvals.mode 'auto' — defaulting to 'manual'. Valid values: manual, smart, off
2026-08-27 23:12:56,065 WARNING tools.approval: Unknown approvals.mode 'auto' — defaulting to 'manual'. Valid values: manual, smart, off
2026-08-27 23:13:16,242 WARNING tools.approval: Unknown approvals.mode 'auto' — defaulting to 'manual'. Valid values: manual, smart, off
2026-08-27 23:13:36,372 WARNING tools.approval: Unknown approvals.mode 'auto' — defaulting to 'manual'. Valid values: manual, smart, off
2026-08-27 23:13:58,244 WARNING tools.approval: Unknown approvals.mode 'auto' — defaulting to 'manual'. Valid values: manual, smart, off
2026-08-27 23:14:19,597 WARNING tools.approval: Unknown approvals.mode 'auto' — defaulting to 'manual'. Valid values: manual, smart, off
2026-08-27 23:14:21,865 WARNING [20260827_230037_6e9095] agent.conversation_loop: API call failed (attempt 2/3) error_type=InternalServerError thread=ThreadPoolExecutor-256_0:133308428035776 provider=llamacpp base_url=http://10.1.1.10:8080/v1/ model=/models/Qwen3.6-35B-A3B-Q4_K_M.gguf summary=HTTP 500: Context size has been exceeded.
2026-08-27 23:14:21,873 WARNING agent.auxiliary_client: resolve_provider_client: named custom provider 'llamaCPP' has no resolvable api_key — request will be sent with placeholder no-key-required and will 401 on auth-required endpoints
2026-08-27 23:14:44,956 WARNING tools.approval: Unknown approvals.mode 'auto' — defaulting to 'manual'. Valid values: manual, smart, off
2026-08-27 23:15:07,970 WARNING tools.approval: Unknown approvals.mode 'auto' — defaulting to 'manual'. Valid values: manual, smart, off
2026-08-27 23:16:03,595 WARNING tools.approval: Unknown approvals.mode 'auto' — defaulting to 'manual'. Valid values: manual, smart, off
2026-08-27 23:16:26,000 WARNING tools.approval: Unknown approvals.mode 'auto' — defaulting to 'manual'. Valid values: manual, smart, off
2026-08-27 23:17:03,152 WARNING tools.approval: Unknown approvals.mode 'auto' — defaulting to 'manual'. Valid values: manual, smart, off
2026-08-27 23:17:30,400 WARNING tools.approval: Unknown approvals.mode 'auto' — defaulting to 'manual'. Valid values: manual, smart, off
2026-08-27 23:17:30,815 WARNING [cron_a5e01552e0f7_20260827_230005] agent.conversation_loop: API call failed (attempt 1/3) error_type=RateLimitError thread=ThreadPoolExecutor-251_0:133309055096512 provider=nous base_url=https://inference-api.nousresearch.com/v1 model=meituan/longcat-2.0:free summary=HTTP 429: Hold up for a bit, you've exceeded the rate limit on your API key.
2026-08-27 23:17:30,822 WARNING [cron_a5e01552e0f7_20260827_230005] agent.auxiliary_client: resolve_provider_client: named custom provider 'llamaCPP' has no resolvable api_key — request will be sent with placeholder no-key-required and will 401 on auth-required endpoints
2026-08-27 23:19:21,150 WARNING agent.chat_completion_helpers: Inline non-streaming API call stale for 180s (threshold 180s). model=/models/Qwen3.6-35B-A3B-Q4_K_M.gguf context=~42,030 tokens. Killing connection.
2026-08-27 23:19:21,152 WARNING [20260827_230037_6e9095] agent.conversation_loop: API call failed (attempt 1/3) error_type=TimeoutError thread=ThreadPoolExecutor-256_0:133308428035776 provider=llamacpp base_url=http://10.1.1.10:8080/v1/ model=/models/Qwen3.6-35B-A3B-Q4_K_M.gguf summary=Non-streaming API call timed out after 180s with no response (threshold: 180s)
2026-08-27 23:19:21,152 WARNING [20260827_230037_6e9095] agent.conversation_loop: Retrying API call in 2.4707422707055566s (attempt 1/3) thread=ThreadPoolExecutor-256_0:133308428035776 provider=llamacpp base_url=http://10.1.1.10:8080/v1/ model=/models/Qwen3.6-35B-A3B-Q4_K_M.gguf policy=default error=Non-streaming API call timed out after 180s with no response (threshold: 180s)
2026-08-27 23:21:30,840 WARNING agent.chat_completion_helpers: Inline non-streaming API call stale for 240s (threshold 240s). model=/models/Qwen3.6-35B-A3B-Q4_K_M.gguf context=~104,368 tokens. Killing connection.
2026-08-27 23:21:30,842 WARNING [cron_a5e01552e0f7_20260827_230005] agent.conversation_loop: API call failed (attempt 1/3) error_type=TimeoutError thread=ThreadPoolExecutor-251_0:133309055096512 provider=llamacpp base_url=http://10.1.1.10:8080/v1/ model=/models/Qwen3.6-35B-A3B-Q4_K_M.gguf summary=Non-streaming API call timed out after 240s with no response (threshold: 240s)
2026-08-27 23:21:30,842 WARNING [cron_a5e01552e0f7_20260827_230005] agent.conversation_loop: Retrying API call in 2.7171651651320463s (attempt 1/3) thread=ThreadPoolExecutor-251_0:133309055096512 provider=llamacpp base_url=http://10.1.1.10:8080/v1/ model=/models/Qwen3.6-35B-A3B-Q4_K_M.gguf policy=default error=Non-streaming API call timed out after 240s with no response (threshold: 240s)
2026-08-27 23:22:23,763 WARNING agent.chat_completion_helpers: Inline non-streaming API call stale for 180s (threshold 180s). model=/models/Qwen3.6-35B-A3B-Q4_K_M.gguf context=~42,030 tokens. Killing connection.
2026-08-27 23:22:23,764 WARNING [20260827_230037_6e9095] agent.conversation_loop: API call failed (attempt 2/3) error_type=TimeoutError thread=ThreadPoolExecutor-256_0:133308428035776 provider=llamacpp base_url=http://10.1.1.10:8080/v1/ model=/models/Qwen3.6-35B-A3B-Q4_K_M.gguf summary=Non-streaming API call timed out after 180s with no response (threshold: 180s)
2026-08-27 23:22:23,764 WARNING [20260827_230037_6e9095] agent.conversation_loop: Retrying API call in 4.077144006766751s (attempt 2/3) thread=ThreadPoolExecutor-256_0:133308428035776 provider=llamacpp base_url=http://10.1.1.10:8080/v1/ model=/models/Qwen3.6-35B-A3B-Q4_K_M.gguf policy=default error=Non-streaming API call timed out after 180s with no response (threshold: 180s)
2026-08-27 23:27:00,249 WARNING [cron_a5e01552e0f7_20260827_230005] agent.tool_executor: Tool tool_call returned error (0.00s): {"error": "'mcp__gbrain__sync' is not a deferrable tool. If it appears in the model-facing tools list already, call it directly instead of via tool_call."}
2026-08-27 23:27:06,943 WARNING tools.approval: Unknown approvals.mode 'auto' — defaulting to 'manual'. Valid values: manual, smart, off
2026-08-27 23:27:17,638 WARNING [20260827_230037_6e9095] agent.conversation_loop: API call failed (attempt 1/3) error_type=APIConnectionError thread=ThreadPoolExecutor-256_0:133308428035776 provider=llamacpp base_url=http://10.1.1.10:8080/v1/ model=/models/Qwen3.6-35B-A3B-Q4_K_M.gguf summary=Connection error.
2026-08-27 23:27:17,638 WARNING [20260827_230037_6e9095] agent.conversation_loop: Retrying API call in 2.0552411695400234s (attempt 1/3) thread=ThreadPoolExecutor-256_0:133308428035776 provider=llamacpp base_url=http://10.1.1.10:8080/v1/ model=/models/Qwen3.6-35B-A3B-Q4_K_M.gguf policy=default error=Connection error.
2026-08-27 23:27:19,893 WARNING [20260827_230037_6e9095] run_agent: Detected closed shared OpenAI client; recreated before use (chat_completion_request) thread=ThreadPoolExecutor-256_0:133308428035776 provider=llamacpp base_url=http://10.1.1.10:8080/v1/ model=/models/Qwen3.6-35B-A3B-Q4_K_M.gguf
2026-08-27 23:30:17,171 WARNING tools.approval: Unknown approvals.mode 'auto' — defaulting to 'manual'. Valid values: manual, smart, off
2026-08-27 23:30:19,890 WARNING agent.chat_completion_helpers: Inline non-streaming API call stale for 180s (threshold 180s). model=/models/Qwen3.6-35B-A3B-Q4_K_M.gguf context=~47,076 tokens. Killing connection.
2026-08-27 23:30:19,892 WARNING [20260827_230037_6e9095] agent.conversation_loop: API call failed (attempt 2/3) error_type=TimeoutError thread=ThreadPoolExecutor-256_0:133308428035776 provider=llamacpp base_url=http://10.1.1.10:8080/v1/ model=/models/Qwen3.6-35B-A3B-Q4_K_M.gguf summary=Non-streaming API call timed out after 180s with no response (threshold: 180s)
2026-08-27 23:30:19,892 WARNING [20260827_230037_6e9095] agent.conversation_loop: Retrying API call in 5.537088043781962s (attempt 2/3) thread=ThreadPoolExecutor-256_0:133308428035776 provider=llamacpp base_url=http://10.1.1.10:8080/v1/ model=/models/Qwen3.6-35B-A3B-Q4_K_M.gguf policy=default error=Non-streaming API call timed out after 180s with no response (threshold: 180s)
2026-08-27 23:30:55,870 WARNING tools.approval: Unknown approvals.mode 'auto' — defaulting to 'manual'. Valid values: manual, smart, off
2026-08-27 23:30:59,453 WARNING [20260827_233049_a85a88] agent.conversation_loop: API call failed (attempt 1/3) error_type=RateLimitError thread=ThreadPoolExecutor-348_0:133307991746240 provider=nous base_url=https://inference-api.nousresearch.com/v1 model=meituan/longcat-2.0:free summary=HTTP 429: The requested model is temporarily at capacity upstream. This is not your API key's rate limit — please retry shortly.
2026-08-27 23:30:59,453 WARNING [20260827_233049_a85a88] agent.conversation_loop: Retrying API call in 2.1657970720766793s (attempt 1/3) thread=ThreadPoolExecutor-348_0:133307991746240 provider=nous base_url=https://inference-api.nousresearch.com/v1 model=meituan/longcat-2.0:free policy=default error=Error code: 429 - {'status': 429, 'message': "The requested model is temporarily at capacity upstream. This is not your API key's rate limit — please retry shortly."}
2026-08-27 23:31:05,767 WARNING [20260827_230037_6e9095] run_agent: Session DB append_message failed: 'NoneType' object has no attribute 'execute'
2026-08-27 23:31:05,768 WARNING [20260827_230037_6e9095] run_agent: Session DB append_message failed: 'NoneType' object has no attribute 'execute'
2026-08-27 23:31:16,727 WARNING tools.web_tools: web_extract backend 'tavily' failed all 2 URL(s) ({"detail":{"error":"This request exceeds this API key's set usage limit. You can increase its limit on the Tavily dashboard."}}); one-shot keyless rescue
2026-08-27 23:31:17,394 WARNING tools.web_tools: web_extract backend 'tavily' failed all 2 URL(s) ({"detail":{"error":"This request exceeds this API key's set usage limit. You can increase its limit on the Tavily dashboard."}}); one-shot keyless rescue
2026-08-27 23:31:17,663 WARNING [20260827_233049_82a81f] agent.tool_executor: Tool web_extract returned error (0.57s): {
  "results": [
    {
      "url": "https://www.babbel.com/en/magazine/the-bilingual-brain",
      "title": "",
      "content": "",
      "error": "{\"detail\":{\"error\":\"This request exceeds this
2026-08-27 23:31:18,064 WARNING tools.web_tools: web_extract backend 'tavily' failed all 2 URL(s) ({"detail":{"error":"This request exceeds this API key's set usage limit. You can increase its limit on the Tavily dashboard."}}); one-shot keyless rescue
2026-08-27 23:31:18,095 WARNING tools.web_tools: web_extract backend 'tavily' failed all 2 URL(s) ({"detail":{"error":"This request exceeds this API key's set usage limit. You can increase its limit on the Tavily dashboard."}}); one-shot keyless rescue
2026-08-27 23:31:18,317 WARNING [20260827_233049_32223e] agent.tool_executor: Tool web_extract returned error (0.57s): {
  "results": [
    {
      "url": "https://en.wikipedia.org/wiki/Genie_(feral_child)",
      "title": "",
      "content": "",
      "error": "{\"detail\":{\"error\":\"This request exceeds this API 
2026-08-27 23:31:18,380 WARNING [20260827_233049_7659a2] agent.tool_executor: Tool web_extract returned error (0.60s): {
  "results": [
    {
      "url": "https://en.wikipedia.org/wiki/Statistical_learning",
      "title": "",
      "content": "",
      "error": "{\"detail\":{\"error\":\"This request exceeds this API
2026-08-27 23:31:20,062 WARNING tools.web_tools: web_extract backend 'tavily' failed all 3 URL(s) ({"detail":{"error":"This request exceeds this API key's set usage limit. You can increase its limit on the Tavily dashboard."}}); one-shot keyless rescue
2026-08-27 23:31:20,325 WARNING [20260827_233049_a85a88] agent.tool_executor: Tool web_extract returned error (0.56s): {
  "results": [
    {
      "url": "https://en.m.wikipedia.org/wiki/Broca%27s_area",
      "title": "",
      "content": "",
      "error": "{\"detail\":{\"error\":\"This request exceeds this API key
2026-08-27 23:31:28,802 WARNING tools.web_tools: web_extract backend 'tavily' failed all 3 URL(s) ({"detail":{"error":"This request exceeds this API key's set usage limit. You can increase its limit on the Tavily dashboard."}}); one-shot keyless rescue
2026-08-27 23:31:29,056 WARNING [20260827_233049_da1fba] agent.tool_executor: Tool web_extract returned error (0.54s): {
  "results": [
    {
      "url": "https://en.wikipedia.org/wiki/Sign_language",
      "title": "",
      "content": "",
      "error": "{\"detail\":{\"error\":\"This request exceeds this API key's 
2026-08-27 23:31:29,242 WARNING tools.web_tools: web_extract backend 'tavily' failed all 2 URL(s) ({"detail":{"error":"This request exceeds this API key's set usage limit. You can increase its limit on the Tavily dashboard."}}); one-shot keyless rescue
2026-08-27 23:31:29,540 WARNING [20260827_233049_7659a2] agent.tool_executor: Tool web_extract returned error (0.70s): {
  "results": [
    {
      "url": "https://www.psychologytoday.com/us/blog/oscar-the-cat/201604/statistical-learning-and-language-acquisition",
      "title": "",
      "content": "",
      "error":
2026-08-27 23:31:30,906 WARNING tools.web_tools: web_extract backend 'tavily' failed all 3 URL(s) ({"detail":{"error":"This request exceeds this API key's set usage limit. You can increase its limit on the Tavily dashboard."}}); one-shot keyless rescue
2026-08-27 23:31:31,164 WARNING [20260827_233049_0d162b] agent.tool_executor: Tool web_extract returned error (0.60s): {
  "results": [
    {
      "url": "https://en.wikipedia.org/wiki/Connectionism",
      "title": "",
      "content": "",
      "error": "{\"detail\":{\"error\":\"This request exceeds this API key's 
2026-08-27 23:31:33,404 WARNING [20260827_233049_dfc335] agent.conversation_loop: API call failed (attempt 1/3) error_type=RateLimitError thread=ThreadPoolExecutor-353_0:133307958175424 provider=nous base_url=https://inference-api.nousresearch.com/v1 model=meituan/longcat-2.0:free summary=HTTP 429: Hold up for a bit, you've exceeded the rate limit on your API key.
2026-08-27 23:31:33,408 WARNING [20260827_233049_dfc335] agent.auxiliary_client: resolve_provider_client: named custom provider 'llamaCPP' has no resolvable api_key — request will be sent with placeholder no-key-required and will 401 on auth-required endpoints
2026-08-27 23:31:35,485 WARNING [20260827_233049_32223e] agent.conversation_loop: API call failed (attempt 1/3) error_type=RateLimitError thread=ThreadPoolExecutor-352_0:133307966568128 provider=nous base_url=https://inference-api.nousresearch.com/v1 model=meituan/longcat-2.0:free summary=HTTP 429: Hold up for a bit, you've exceeded the rate limit on your API key.
2026-08-27 23:31:35,486 WARNING [20260827_233049_32223e] agent.auxiliary_client: resolve_provider_client: named custom provider 'llamaCPP' has no resolvable api_key — request will be sent with placeholder no-key-required and will 401 on auth-required endpoints
2026-08-27 23:31:38,154 WARNING [20260827_233049_da1fba] agent.conversation_loop: API call failed (attempt 1/3) error_type=RateLimitError thread=ThreadPoolExecutor-351_0:133307974960832 provider=nous base_url=https://inference-api.nousresearch.com/v1 model=meituan/longcat-2.0:free summary=HTTP 429: Hold up for a bit, you've exceeded the rate limit on your API key.
2026-08-27 23:31:38,154 WARNING [20260827_233049_da1fba] agent.auxiliary_client: resolve_provider_client: named custom provider 'llamaCPP' has no resolvable api_key — request will be sent with placeholder no-key-required and will 401 on auth-required endpoints
2026-08-27 23:31:38,883 WARNING tools.web_tools: web_extract backend 'tavily' failed all 3 URL(s) ({"detail":{"error":"This request exceeds this API key's set usage limit. You can increase its limit on the Tavily dashboard."}}); one-shot keyless rescue
2026-08-27 23:31:39,124 WARNING [20260827_233049_4eeca5] agent.tool_executor: Tool web_extract returned error (0.58s): {
  "results": [
    {
      "url": "https://en.m.wikipedia.org/wiki/Universal_grammar",
      "title": "",
      "content": "",
      "error": "{\"detail\":{\"error\":\"This request exceeds this API 
2026-08-27 23:31:39,349 WARNING [20260827_233049_4eeca5] agent.conversation_loop: API call failed (attempt 1/3) error_type=RateLimitError thread=ThreadPoolExecutor-346_0:133308100851392 provider=nous base_url=https://inference-api.nousresearch.com/v1 model=meituan/longcat-2.0:free summary=HTTP 429: Hold up for a bit, you've exceeded the rate limit on your API key.
2026-08-27 23:31:39,352 WARNING [20260827_233049_4eeca5] agent.auxiliary_client: resolve_provider_client: named custom provider 'llamaCPP' has no resolvable api_key — request will be sent with placeholder no-key-required and will 401 on auth-required endpoints
2026-08-27 23:31:39,663 WARNING [20260827_233049_7659a2] agent.conversation_loop: API call failed (attempt 1/3) error_type=RateLimitError thread=ThreadPoolExecutor-347_0:133308092458688 provider=nous base_url=https://inference-api.nousresearch.com/v1 model=meituan/longcat-2.0:free summary=HTTP 429: Hold up for a bit, you've exceeded the rate limit on your API key.
2026-08-27 23:31:39,664 WARNING [20260827_233049_7659a2] agent.auxiliary_client: resolve_provider_client: named custom provider 'llamaCPP' has no resolvable api_key — request will be sent with placeholder no-key-required and will 401 on auth-required endpoints
2026-08-27 23:31:40,550 WARNING tools.web_tools: web_extract backend 'tavily' failed all 3 URL(s) ({"detail":{"error":"This request exceeds this API key's set usage limit. You can increase its limit on the Tavily dashboard."}}); one-shot keyless rescue
2026-08-27 23:31:40,706 WARNING tools.web_tools: web_extract backend 'tavily' failed all 3 URL(s) ({"detail":{"error":"This request exceeds this API key's set usage limit. You can increase its limit on the Tavily dashboard."}}); one-shot keyless rescue
2026-08-27 23:31:40,790 WARNING [20260827_233049_0d162b] agent.tool_executor: Tool web_extract returned error (0.57s): {
  "results": [
    {
      "url": "https://www.sciencedirect.com/science/article/pii/S0010027719301558",
      "title": "",
      "content": "",
      "error": "{\"detail\":{\"error\":\"This request
2026-08-27 23:31:40,942 WARNING [20260827_233049_82a81f] agent.tool_executor: Tool web_extract returned error (0.67s): {
  "results": [
    {
      "url": "https://en.wikipedia.org/wiki/Critical_period_hypothesis",
      "title": "",
      "content": "",
      "error": "{\"detail\":{\"error\":\"This request exceeds th
2026-08-27 23:31:40,987 WARNING tools.approval: Unknown approvals.mode 'auto' — defaulting to 'manual'. Valid values: manual, smart, off
2026-08-27 23:31:40,988 WARNING [20260827_233049_a85a88] agent.tool_executor: Tool execute_code returned error (0.00s): {"status": "error", "error": "BLOCKED: execute_code runs arbitrary local Python (including subprocess calls that bypass shell-string approval checks). Cron jobs run without a user present to approve i
2026-08-27 23:31:41,139 WARNING [20260827_233049_82a81f] agent.conversation_loop: API call failed (attempt 1/3) error_type=RateLimitError thread=ThreadPoolExecutor-349_0:133308000138944 provider=nous base_url=https://inference-api.nousresearch.com/v1 model=meituan/longcat-2.0:free summary=HTTP 429: Hold up for a bit, you've exceeded the rate limit on your API key.
2026-08-27 23:31:41,141 WARNING [20260827_233049_82a81f] agent.auxiliary_client: resolve_provider_client: named custom provider 'llamaCPP' has no resolvable api_key — request will be sent with placeholder no-key-required and will 401 on auth-required endpoints
2026-08-27 23:31:42,095 WARNING [20260827_233049_0d162b] agent.conversation_loop: API call failed (attempt 1/3) error_type=RateLimitError thread=ThreadPoolExecutor-350_0:133307983353536 provider=nous base_url=https://inference-api.nousresearch.com/v1 model=meituan/longcat-2.0:free summary=HTTP 429: Hold up for a bit, you've exceeded the rate limit on your API key.
2026-08-27 23:31:42,096 WARNING [20260827_233049_0d162b] agent.auxiliary_client: resolve_provider_client: named custom provider 'llamaCPP' has no resolvable api_key — request will be sent with placeholder no-key-required and will 401 on auth-required endpoints
2026-08-27 23:31:42,249 WARNING [20260827_233049_a85a88] agent.conversation_loop: API call failed (attempt 1/3) error_type=RateLimitError thread=ThreadPoolExecutor-348_0:133307991746240 provider=nous base_url=https://inference-api.nousresearch.com/v1 model=meituan/longcat-2.0:free summary=HTTP 429: Hold up for a bit, you've exceeded the rate limit on your API key.
2026-08-27 23:31:42,250 WARNING [20260827_233049_a85a88] agent.auxiliary_client: resolve_provider_client: named custom provider 'llamaCPP' has no resolvable api_key — request will be sent with placeholder no-key-required and will 401 on auth-required endpoints
2026-08-27 23:34:24,255 WARNING agent.chat_completion_helpers: Inline non-streaming API call stale for 180s (threshold 180s). model=Qwen3.6-35B-A3B-Q4_K_M.gguf context=~28,578 tokens. Killing connection.
2026-08-27 23:34:24,256 WARNING [cron_97842ab6d078_20260827_232807] agent.conversation_loop: API call failed (attempt 1/3) error_type=TimeoutError thread=ThreadPoolExecutor-340_0:133308444821184 provider=custom base_url=http://10.1.1.10:8080/v1 model=Qwen3.6-35B-A3B-Q4_K_M.gguf summary=Non-streaming API call timed out after 180s with no response (threshold: 180s)
2026-08-27 23:34:24,256 WARNING [cron_97842ab6d078_20260827_232807] agent.conversation_loop: Retrying API call in 2.506275038532883s (attempt 1/3) thread=ThreadPoolExecutor-340_0:133308444821184 provider=custom base_url=http://10.1.1.10:8080/v1 model=Qwen3.6-35B-A3B-Q4_K_M.gguf policy=default error=Non-streaming API call timed out after 180s with no response (threshold: 180s)
2026-08-27 23:34:33,439 WARNING agent.chat_completion_helpers: Inline non-streaming API call stale for 180s (threshold 180s). model=/models/Qwen3.6-35B-A3B-Q4_K_M.gguf context=~34,257 tokens. Killing connection.
2026-08-27 23:34:33,440 WARNING [20260827_233049_dfc335] agent.conversation_loop: API call failed (attempt 1/3) error_type=TimeoutError thread=ThreadPoolExecutor-353_0:133307958175424 provider=llamacpp base_url=http://10.1.1.10:8080/v1/ model=/models/Qwen3.6-35B-A3B-Q4_K_M.gguf summary=Non-streaming API call timed out after 180s with no response (threshold: 180s)
2026-08-27 23:34:33,441 WARNING [20260827_233049_dfc335] agent.conversation_loop: Retrying API call in 2.91572643028943s (attempt 1/3) thread=ThreadPoolExecutor-353_0:133307958175424 provider=llamacpp base_url=http://10.1.1.10:8080/v1/ model=/models/Qwen3.6-35B-A3B-Q4_K_M.gguf policy=default error=Non-streaming API call timed out after 180s with no response (threshold: 180s)
2026-08-27 23:34:35,507 WARNING agent.chat_completion_helpers: Inline non-streaming API call stale for 180s (threshold 180s). model=/models/Qwen3.6-35B-A3B-Q4_K_M.gguf context=~31,796 tokens. Killing connection.
2026-08-27 23:34:35,509 WARNING [20260827_233049_32223e] agent.conversation_loop: API call failed (attempt 1/3) error_type=TimeoutError thread=ThreadPoolExecutor-352_0:133307966568128 provider=llamacpp base_url=http://10.1.1.10:8080/v1/ model=/models/Qwen3.6-35B-A3B-Q4_K_M.gguf summary=Non-streaming API call timed out after 180s with no response (threshold: 180s)
2026-08-27 23:34:35,509 WARNING [20260827_233049_32223e] agent.conversation_loop: Retrying API call in 2.6415151125173715s (attempt 1/3) thread=ThreadPoolExecutor-352_0:133307966568128 provider=llamacpp base_url=http://10.1.1.10:8080/v1/ model=/models/Qwen3.6-35B-A3B-Q4_K_M.gguf policy=default error=Non-streaming API call timed out after 180s with no response (threshold: 180s)
2026-08-27 23:34:38,176 WARNING agent.chat_completion_helpers: Inline non-streaming API call stale for 180s (threshold 180s). model=/models/Qwen3.6-35B-A3B-Q4_K_M.gguf context=~31,746 tokens. Killing connection.
2026-08-27 23:34:38,177 WARNING [20260827_233049_da1fba] agent.conversation_loop: API call failed (attempt 1/3) error_type=TimeoutError thread=ThreadPoolExecutor-351_0:133307974960832 provider=llamacpp base_url=http://10.1.1.10:8080/v1/ model=/models/Qwen3.6-35B-A3B-Q4_K_M.gguf summary=Non-streaming API call timed out after 180s with no response (threshold: 180s)
2026-08-27 23:34:38,177 WARNING [20260827_233049_da1fba] agent.conversation_loop: Retrying API call in 2.0321745281888024s (attempt 1/3) thread=ThreadPoolExecutor-351_0:133307974960832 provider=llamacpp base_url=http://10.1.1.10:8080/v1/ model=/models/Qwen3.6-35B-A3B-Q4_K_M.gguf policy=default error=Non-streaming API call timed out after 180s with no response (threshold: 180s)
2026-08-27 23:34:39,364 WARNING agent.chat_completion_helpers: Inline non-streaming API call stale for 180s (threshold 180s). model=/models/Qwen3.6-35B-A3B-Q4_K_M.gguf context=~38,462 tokens. Killing connection.
2026-08-27 23:34:39,365 WARNING [20260827_233049_4eeca5] agent.conversation_loop: API call failed (attempt 1/3) error_type=TimeoutError thread=ThreadPoolExecutor-346_0:133308100851392 provider=llamacpp base_url=http://10.1.1.10:8080/v1/ model=/models/Qwen3.6-35B-A3B-Q4_K_M.gguf summary=Non-streaming API call timed out after 180s with no response (threshold: 180s)
2026-08-27 23:34:39,365 WARNING [20260827_233049_4eeca5] agent.conversation_loop: Retrying API call in 2.5258392875946645s (attempt 1/3) thread=ThreadPoolExecutor-346_0:133308100851392 provider=llamacpp base_url=http://10.1.1.10:8080/v1/ model=/models/Qwen3.6-35B-A3B-Q4_K_M.gguf policy=default error=Non-streaming API call timed out after 180s with no response (threshold: 180s)
2026-08-27 23:34:39,678 WARNING agent.chat_completion_helpers: Inline non-streaming API call stale for 180s (threshold 180s). model=/models/Qwen3.6-35B-A3B-Q4_K_M.gguf context=~31,012 tokens. Killing connection.
2026-08-27 23:34:39,679 WARNING [20260827_233049_7659a2] agent.conversation_loop: API call failed (attempt 1/3) error_type=TimeoutError thread=ThreadPoolExecutor-347_0:133308092458688 provider=llamacpp base_url=http://10.1.1.10:8080/v1/ model=/models/Qwen3.6-35B-A3B-Q4_K_M.gguf summary=Non-streaming API call timed out after 180s with no response (threshold: 180s)
2026-08-27 23:34:39,679 WARNING [20260827_233049_7659a2] agent.conversation_loop: Retrying API call in 2.6149740717666825s (attempt 1/3) thread=ThreadPoolExecutor-347_0:133308092458688 provider=llamacpp base_url=http://10.1.1.10:8080/v1/ model=/models/Qwen3.6-35B-A3B-Q4_K_M.gguf policy=default error=Non-streaming API call timed out after 180s with no response (threshold: 180s)
2026-08-27 23:34:41,163 WARNING agent.chat_completion_helpers: Inline non-streaming API call stale for 180s (threshold 180s). model=/models/Qwen3.6-35B-A3B-Q4_K_M.gguf context=~39,583 tokens. Killing connection.
2026-08-27 23:34:41,164 WARNING [20260827_233049_82a81f] agent.conversation_loop: API call failed (attempt 1/3) error_type=TimeoutError thread=ThreadPoolExecutor-349_0:133308000138944 provider=llamacpp base_url=http://10.1.1.10:8080/v1/ model=/models/Qwen3.6-35B-A3B-Q4_K_M.gguf summary=Non-streaming API call timed out after 180s with no response (threshold: 180s)
2026-08-27 23:34:41,164 WARNING [20260827_233049_82a81f] agent.conversation_loop: Retrying API call in 2.132415373287386s (attempt 1/3) thread=ThreadPoolExecutor-349_0:133308000138944 provider=llamacpp base_url=http://10.1.1.10:8080/v1/ model=/models/Qwen3.6-35B-A3B-Q4_K_M.gguf policy=default error=Non-streaming API call timed out after 180s with no response (threshold: 180s)
2026-08-27 23:34:42,108 WARNING agent.chat_completion_helpers: Inline non-streaming API call stale for 180s (threshold 180s). model=/models/Qwen3.6-35B-A3B-Q4_K_M.gguf context=~34,333 tokens. Killing connection.
2026-08-27 23:34:42,109 WARNING [20260827_233049_0d162b] agent.conversation_loop: API call failed (attempt 1/3) error_type=TimeoutError thread=ThreadPoolExecutor-350_0:133307983353536 provider=llamacpp base_url=http://10.1.1.10:8080/v1/ model=/models/Qwen3.6-35B-A3B-Q4_K_M.gguf summary=Non-streaming API call timed out after 180s with no response (threshold: 180s)
2026-08-27 23:34:42,110 WARNING [20260827_233049_0d162b] agent.conversation_loop: Retrying API call in 2.7494144145372674s (attempt 1/3) thread=ThreadPoolExecutor-350_0:133307983353536 provider=llamacpp base_url=http://10.1.1.10:8080/v1/ model=/models/Qwen3.6-35B-A3B-Q4_K_M.gguf policy=default error=Non-streaming API call timed out after 180s with no response (threshold: 180s)
2026-08-27 23:34:42,264 WARNING agent.chat_completion_helpers: Inline non-streaming API call stale for 180s (threshold 180s). model=/models/Qwen3.6-35B-A3B-Q4_K_M.gguf context=~34,440 tokens. Killing connection.
2026-08-27 23:34:42,265 WARNING [20260827_233049_a85a88] agent.conversation_loop: API call failed (attempt 1/3) error_type=TimeoutError thread=ThreadPoolExecutor-348_0:133307991746240 provider=llamacpp base_url=http://10.1.1.10:8080/v1/ model=/models/Qwen3.6-35B-A3B-Q4_K_M.gguf summary=Non-streaming API call timed out after 180s with no response (threshold: 180s)
2026-08-27 23:34:42,265 WARNING [20260827_233049_a85a88] agent.conversation_loop: Retrying API call in 2.5314026056864165s (attempt 1/3) thread=ThreadPoolExecutor-348_0:133307991746240 provider=llamacpp base_url=http://10.1.1.10:8080/v1/ model=/models/Qwen3.6-35B-A3B-Q4_K_M.gguf policy=default error=Non-streaming API call timed out after 180s with no response (threshold: 180s)
2026-08-27 23:37:26,868 WARNING agent.chat_completion_helpers: Inline non-streaming API call stale for 180s (threshold 180s). model=Qwen3.6-35B-A3B-Q4_K_M.gguf context=~28,578 tokens. Killing connection.
2026-08-27 23:37:26,871 WARNING [cron_97842ab6d078_20260827_232807] agent.conversation_loop: API call failed (attempt 2/3) error_type=TimeoutError thread=ThreadPoolExecutor-340_0:133308444821184 provider=custom base_url=http://10.1.1.10:8080/v1 model=Qwen3.6-35B-A3B-Q4_K_M.gguf summary=Non-streaming API call timed out after 180s with no response (threshold: 180s)
2026-08-27 23:37:26,871 WARNING [cron_97842ab6d078_20260827_232807] agent.auxiliary_client: resolve_provider_client: named custom provider 'llamaCPP' has no resolvable api_key — request will be sent with placeholder no-key-required and will 401 on auth-required endpoints
2026-08-27 23:37:36,447 WARNING agent.chat_completion_helpers: Inline non-streaming API call stale for 180s (threshold 180s). model=/models/Qwen3.6-35B-A3B-Q4_K_M.gguf context=~34,257 tokens. Killing connection.
2026-08-27 23:37:36,449 WARNING [20260827_233049_dfc335] agent.conversation_loop: API call failed (attempt 2/3) error_type=TimeoutError thread=ThreadPoolExecutor-353_0:133307958175424 provider=llamacpp base_url=http://10.1.1.10:8080/v1/ model=/models/Qwen3.6-35B-A3B-Q4_K_M.gguf summary=Non-streaming API call timed out after 180s with no response (threshold: 180s)
2026-08-27 23:37:36,449 WARNING [20260827_233049_dfc335] agent.conversation_loop: Retrying API call in 4.337501084225216s (attempt 2/3) thread=ThreadPoolExecutor-353_0:133307958175424 provider=llamacpp base_url=http://10.1.1.10:8080/v1/ model=/models/Qwen3.6-35B-A3B-Q4_K_M.gguf policy=default error=Non-streaming API call timed out after 180s with no response (threshold: 180s)
2026-08-27 23:37:38,317 WARNING agent.chat_completion_helpers: Inline non-streaming API call stale for 180s (threshold 180s). model=/models/Qwen3.6-35B-A3B-Q4_K_M.gguf context=~31,796 tokens. Killing connection.
2026-08-27 23:37:38,320 WARNING [20260827_233049_32223e] agent.conversation_loop: API call failed (attempt 2/3) error_type=TimeoutError thread=ThreadPoolExecutor-352_0:133307966568128 provider=llamacpp base_url=http://10.1.1.10:8080/v1/ model=/models/Qwen3.6-35B-A3B-Q4_K_M.gguf summary=Non-streaming API call timed out after 180s with no response (threshold: 180s)
2026-08-27 23:37:38,321 WARNING [20260827_233049_32223e] agent.conversation_loop: Retrying API call in 5.737558250616409s (attempt 2/3) thread=ThreadPoolExecutor-352_0:133307966568128 provider=llamacpp base_url=http://10.1.1.10:8080/v1/ model=/models/Qwen3.6-35B-A3B-Q4_K_M.gguf policy=default error=Non-streaming API call timed out after 180s with no response (threshold: 180s)
2026-08-27 23:37:40,383 WARNING agent.chat_completion_helpers: Inline non-streaming API call stale for 180s (threshold 180s). model=/models/Qwen3.6-35B-A3B-Q4_K_M.gguf context=~31,746 tokens. Killing connection.
2026-08-27 23:37:40,385 WARNING [20260827_233049_da1fba] agent.conversation_loop: API call failed (attempt 2/3) error_type=TimeoutError thread=ThreadPoolExecutor-351_0:133307974960832 provider=llamacpp base_url=http://10.1.1.10:8080/v1/ model=/models/Qwen3.6-35B-A3B-Q4_K_M.gguf summary=Non-streaming API call timed out after 180s with no response (threshold: 180s)
2026-08-27 23:37:40,385 WARNING [20260827_233049_da1fba] agent.conversation_loop: Retrying API call in 5.514871309072737s (attempt 2/3) thread=ThreadPoolExecutor-351_0:133307974960832 provider=llamacpp base_url=http://10.1.1.10:8080/v1/ model=/models/Qwen3.6-35B-A3B-Q4_K_M.gguf policy=default error=Non-streaming API call timed out after 180s with no response (threshold: 180s)
2026-08-27 23:37:41,974 WARNING agent.chat_completion_helpers: Inline non-streaming API call stale for 180s (threshold 180s). model=/models/Qwen3.6-35B-A3B-Q4_K_M.gguf context=~38,462 tokens. Killing connection.
2026-08-27 23:37:41,975 WARNING [20260827_233049_4eeca5] agent.conversation_loop: API call failed (attempt 2/3) error_type=TimeoutError thread=ThreadPoolExecutor-346_0:133308100851392 provider=llamacpp base_url=http://10.1.1.10:8080/v1/ model=/models/Qwen3.6-35B-A3B-Q4_K_M.gguf summary=Non-streaming API call timed out after 180s with no response (threshold: 180s)
2026-08-27 23:37:41,976 WARNING [20260827_233049_4eeca5] agent.conversation_loop: Retrying API call in 4.03962809030997s (attempt 2/3) thread=ThreadPoolExecutor-346_0:133308100851392 provider=llamacpp base_url=http://10.1.1.10:8080/v1/ model=/models/Qwen3.6-35B-A3B-Q4_K_M.gguf policy=default error=Non-streaming API call timed out after 180s with no response (threshold: 180s)
2026-08-27 23:37:42,486 WARNING agent.chat_completion_helpers: Inline non-streaming API call stale for 180s (threshold 180s). model=/models/Qwen3.6-35B-A3B-Q4_K_M.gguf context=~31,012 tokens. Killing connection.
2026-08-27 23:37:42,487 WARNING [20260827_233049_7659a2] agent.conversation_loop: API call failed (attempt 2/3) error_type=TimeoutError thread=ThreadPoolExecutor-347_0:133308092458688 provider=llamacpp base_url=http://10.1.1.10:8080/v1/ model=/models/Qwen3.6-35B-A3B-Q4_K_M.gguf summary=Non-streaming API call timed out after 180s with no response (threshold: 180s)
2026-08-27 23:37:42,487 WARNING [20260827_233049_7659a2] agent.conversation_loop: Retrying API call in 5.300796096623848s (attempt 2/3) thread=ThreadPoolExecutor-347_0:133308092458688 provider=llamacpp base_url=http://10.1.1.10:8080/v1/ model=/models/Qwen3.6-35B-A3B-Q4_K_M.gguf policy=default error=Non-streaming API call timed out after 180s with no response (threshold: 180s)
2026-08-27 23:37:43,371 WARNING agent.chat_completion_helpers: Inline non-streaming API call stale for 180s (threshold 180s). model=/models/Qwen3.6-35B-A3B-Q4_K_M.gguf context=~39,583 tokens. Killing connection.
2026-08-27 23:37:43,372 WARNING [20260827_233049_82a81f] agent.conversation_loop: API call failed (attempt 2/3) error_type=TimeoutError thread=ThreadPoolExecutor-349_0:133308000138944 provider=llamacpp base_url=http://10.1.1.10:8080/v1/ model=/models/Qwen3.6-35B-A3B-Q4_K_M.gguf summary=Non-streaming API call timed out after 180s with no response (threshold: 180s)
2026-08-27 23:37:43,373 WARNING [20260827_233049_82a81f] agent.conversation_loop: Retrying API call in 4.396227355582243s (attempt 2/3) thread=ThreadPoolExecutor-349_0:133308000138944 provider=llamacpp base_url=http://10.1.1.10:8080/v1/ model=/models/Qwen3.6-35B-A3B-Q4_K_M.gguf policy=default error=Non-streaming API call timed out after 180s with no response (threshold: 180s)
2026-08-27 23:37:44,874 WARNING agent.chat_completion_helpers: Inline non-streaming API call stale for 180s (threshold 180s). model=/models/Qwen3.6-35B-A3B-Q4_K_M.gguf context=~34,440 tokens. Killing connection.
2026-08-27 23:37:44,876 WARNING [20260827_233049_a85a88] agent.conversation_loop: API call failed (attempt 2/3) error_type=TimeoutError thread=ThreadPoolExecutor-348_0:133307991746240 provider=llamacpp base_url=http://10.1.1.10:8080/v1/ model=/models/Qwen3.6-35B-A3B-Q4_K_M.gguf summary=Non-streaming API call timed out after 180s with no response (threshold: 180s)
2026-08-27 23:37:44,876 WARNING [20260827_233049_a85a88] agent.conversation_loop: Retrying API call in 4.958214781651411s (attempt 2/3) thread=ThreadPoolExecutor-348_0:133307991746240 provider=llamacpp base_url=http://10.1.1.10:8080/v1/ model=/models/Qwen3.6-35B-A3B-Q4_K_M.gguf policy=default error=Non-streaming API call timed out after 180s with no response (threshold: 180s)
2026-08-27 23:37:44,918 WARNING agent.chat_completion_helpers: Inline non-streaming API call stale for 180s (threshold 180s). model=/models/Qwen3.6-35B-A3B-Q4_K_M.gguf context=~34,333 tokens. Killing connection.
2026-08-27 23:37:44,921 WARNING [20260827_233049_0d162b] agent.conversation_loop: API call failed (attempt 2/3) error_type=TimeoutError thread=ThreadPoolExecutor-350_0:133307983353536 provider=llamacpp base_url=http://10.1.1.10:8080/v1/ model=/models/Qwen3.6-35B-A3B-Q4_K_M.gguf summary=Non-streaming API call timed out after 180s with no response (threshold: 180s)
2026-08-27 23:37:44,921 WARNING [20260827_233049_0d162b] agent.conversation_loop: Retrying API call in 5.6822745469741776s (attempt 2/3) thread=ThreadPoolExecutor-350_0:133307983353536 provider=llamacpp base_url=http://10.1.1.10:8080/v1/ model=/models/Qwen3.6-35B-A3B-Q4_K_M.gguf policy=default error=Non-streaming API call timed out after 180s with no response (threshold: 180s)
2026-08-27 23:37:49,284 WARNING [cron_1d578cbabe84_20260827_233007] agent.tool_executor: sequential tool delegate_task timed out after 420.0s
2026-08-27 23:37:49,285 WARNING [cron_1d578cbabe84_20260827_233007] agent.tool_executor: Tool delegate_task returned error (420.00s): Error executing tool 'delegate_task': timed out after 420.0s
2026-08-27 23:38:31,022 WARNING tools.web_tools: web_extract backend 'tavily' failed all 4 URL(s) ({"detail":{"error":"This request exceeds this API key's set usage limit. You can increase its limit on the Tavily dashboard."}}); one-shot keyless rescue
2026-08-27 23:38:46,704 WARNING tools.web_tools: web_extract backend 'tavily' failed all 4 URL(s) ({"detail":{"error":"This request exceeds this API key's set usage limit. You can increase its limit on the Tavily dashboard."}}); one-shot keyless rescue
2026-08-27 23:38:46,949 WARNING [cron_1d578cbabe84_20260827_233007] agent.tool_executor: Tool web_extract returned error (0.61s): {
  "results": [
    {
      "url": "https://plato.stanford.edu/entries/innateness-language/",
      "title": "",
      "content": "",
      "error": "{\"detail\":{\"error\":\"This request exceeds thi
2026-08-27 23:39:10,261 WARNING tools.web_tools: web_extract backend 'tavily' failed all 4 URL(s) ({"detail":{"error":"This request exceeds this API key's set usage limit. You can increase its limit on the Tavily dashboard."}}); one-shot keyless rescue
2026-08-27 23:39:10,489 WARNING [cron_1d578cbabe84_20260827_233007] agent.tool_executor: Tool web_extract returned error (0.57s): {
  "results": [
    {
      "url": "https://www.nature.com/articles/381699a0",
      "title": "",
      "content": "",
      "error": "{\"detail\":{\"error\":\"This request exceeds this API key's set
2026-08-27 23:40:19,540 WARNING tools.web_tools: web_extract backend 'tavily' failed all 4 URL(s) ({"detail":{"error":"This request exceeds this API key's set usage limit. You can increase its limit on the Tavily dashboard."}}); one-shot keyless rescue
2026-08-27 23:40:19,781 WARNING [cron_1d578cbabe84_20260827_233007] agent.tool_executor: Tool web_extract returned error (0.53s): {
  "results": [
    {
      "url": "https://en.wikipedia.org/wiki/Language_acquisition",
      "title": "",
      "content": "",
      "error": "{\"detail\":{\"error\":\"This request exceeds this API
2026-08-27 23:40:26,902 WARNING agent.chat_completion_helpers: Inline non-streaming API call stale for 180s (threshold 180s). model=/models/Qwen3.6-35B-A3B-Q4_K_M.gguf context=~28,581 tokens. Killing connection.
2026-08-27 23:40:26,904 WARNING [cron_97842ab6d078_20260827_232807] agent.conversation_loop: API call failed (attempt 1/3) error_type=TimeoutError thread=ThreadPoolExecutor-340_0:133308444821184 provider=llamacpp base_url=http://10.1.1.10:8080/v1/ model=/models/Qwen3.6-35B-A3B-Q4_K_M.gguf summary=Non-streaming API call timed out after 180s with no response (threshold: 180s)
2026-08-27 23:40:26,904 WARNING [cron_97842ab6d078_20260827_232807] agent.conversation_loop: Retrying API call in 2.9650589802265768s (attempt 1/3) thread=ThreadPoolExecutor-340_0:133308444821184 provider=llamacpp base_url=http://10.1.1.10:8080/v1/ model=/models/Qwen3.6-35B-A3B-Q4_K_M.gguf policy=default error=Non-streaming API call timed out after 180s with no response (threshold: 180s)
2026-08-27 23:40:40,860 WARNING agent.chat_completion_helpers: Inline non-streaming API call stale for 180s (threshold 180s). model=/models/Qwen3.6-35B-A3B-Q4_K_M.gguf context=~34,257 tokens. Killing connection.
2026-08-27 23:40:40,862 WARNING [20260827_233049_dfc335] agent.conversation_loop: API call failed (attempt 3/3) error_type=TimeoutError thread=ThreadPoolExecutor-353_0:133307958175424 provider=llamacpp base_url=http://10.1.1.10:8080/v1/ model=/models/Qwen3.6-35B-A3B-Q4_K_M.gguf summary=Non-streaming API call timed out after 180s with no response (threshold: 180s)
2026-08-27 23:40:40,863 ERROR [20260827_233049_dfc335] agent.conversation_loop: [subagent-6] API call failed after 3 retries. Non-streaming API call timed out after 180s with no response (threshold: 180s) | provider=llamacpp model=/models/Qwen3.6-35B-A3B-Q4_K_M.gguf msgs=18 tokens=~21,649
2026-08-27 23:40:45,996 WARNING agent.chat_completion_helpers: Inline non-streaming API call stale for 180s (threshold 180s). model=/models/Qwen3.6-35B-A3B-Q4_K_M.gguf context=~31,746 tokens. Killing connection.
2026-08-27 23:40:46,005 WARNING [20260827_233049_da1fba] agent.conversation_loop: API call failed (attempt 3/3) error_type=TimeoutError thread=ThreadPoolExecutor-351_0:133307974960832 provider=llamacpp base_url=http://10.1.1.10:8080/v1/ model=/models/Qwen3.6-35B-A3B-Q4_K_M.gguf summary=Non-streaming API call timed out after 180s with no response (threshold: 180s)
2026-08-27 23:40:46,011 ERROR [20260827_233049_da1fba] agent.conversation_loop: [subagent-4] API call failed after 3 retries. Non-streaming API call timed out after 180s with no response (threshold: 180s) | provider=llamacpp model=/models/Qwen3.6-35B-A3B-Q4_K_M.gguf msgs=18 tokens=~19,105
2026-08-27 23:40:46,415 WARNING agent.chat_completion_helpers: Inline non-streaming API call stale for 180s (threshold 180s). model=/models/Qwen3.6-35B-A3B-Q4_K_M.gguf context=~38,462 tokens. Killing connection.
2026-08-27 23:40:46,421 WARNING [20260827_233049_4eeca5] agent.conversation_loop: API call failed (attempt 3/3) error_type=TimeoutError thread=ThreadPoolExecutor-346_0:133308100851392 provider=llamacpp base_url=http://10.1.1.10:8080/v1/ model=/models/Qwen3.6-35B-A3B-Q4_K_M.gguf summary=Non-streaming API call timed out after 180s with no response (threshold: 180s)
2026-08-27 23:40:46,422 ERROR [20260827_233049_4eeca5] agent.conversation_loop: [subagent-0] API call failed after 3 retries. Non-streaming API call timed out after 180s with no response (threshold: 180s) | provider=llamacpp model=/models/Qwen3.6-35B-A3B-Q4_K_M.gguf msgs=21 tokens=~25,920
2026-08-27 23:40:47,789 WARNING agent.chat_completion_helpers: Inline non-streaming API call stale for 180s (threshold 180s). model=/models/Qwen3.6-35B-A3B-Q4_K_M.gguf context=~39,583 tokens. Killing connection.
2026-08-27 23:40:47,790 WARNING [20260827_233049_82a81f] agent.conversation_loop: API call failed (attempt 3/3) error_type=TimeoutError thread=ThreadPoolExecutor-349_0:133308000138944 provider=llamacpp base_url=http://10.1.1.10:8080/v1/ model=/models/Qwen3.6-35B-A3B-Q4_K_M.gguf summary=Non-streaming API call timed out after 180s with no response (threshold: 180s)
2026-08-27 23:40:47,793 ERROR [20260827_233049_82a81f] agent.conversation_loop: [subagent-3] API call failed after 3 retries. Non-streaming API call timed out after 180s with no response (threshold: 180s) | provider=llamacpp model=/models/Qwen3.6-35B-A3B-Q4_K_M.gguf msgs=25 tokens=~27,161
2026-08-27 23:40:47,904 WARNING agent.chat_completion_helpers: Inline non-streaming API call stale for 180s (threshold 180s). model=/models/Qwen3.6-35B-A3B-Q4_K_M.gguf context=~31,012 tokens. Killing connection.
2026-08-27 23:40:47,910 WARNING [20260827_233049_7659a2] agent.conversation_loop: API call failed (attempt 3/3) error_type=TimeoutError thread=ThreadPoolExecutor-347_0:133308092458688 provider=llamacpp base_url=http://10.1.1.10:8080/v1/ model=/models/Qwen3.6-35B-A3B-Q4_K_M.gguf summary=Non-streaming API call timed out after 180s with no response (threshold: 180s)
2026-08-27 23:40:47,910 ERROR [20260827_233049_7659a2] agent.conversation_loop: [subagent-1] API call failed after 3 retries. Non-streaming API call timed out after 180s with no response (threshold: 180s) | provider=llamacpp model=/models/Qwen3.6-35B-A3B-Q4_K_M.gguf msgs=17 tokens=~18,385
2026-08-27 23:40:49,885 WARNING agent.chat_completion_helpers: Inline non-streaming API call stale for 180s (threshold 180s). model=/models/Qwen3.6-35B-A3B-Q4_K_M.gguf context=~34,440 tokens. Killing connection.
2026-08-27 23:40:49,887 WARNING [20260827_233049_a85a88] agent.conversation_loop: API call failed (attempt 3/3) error_type=TimeoutError thread=ThreadPoolExecutor-348_0:133307991746240 provider=llamacpp base_url=http://10.1.1.10:8080/v1/ model=/models/Qwen3.6-35B-A3B-Q4_K_M.gguf summary=Non-streaming API call timed out after 180s with no response (threshold: 180s)
2026-08-27 23:40:49,889 ERROR [20260827_233049_a85a88] agent.conversation_loop: [subagent-2] API call failed after 3 retries. Non-streaming API call timed out after 180s with no response (threshold: 180s) | provider=llamacpp model=/models/Qwen3.6-35B-A3B-Q4_K_M.gguf msgs=20 tokens=~21,845
2026-08-27 23:40:50,731 WARNING agent.chat_completion_helpers: Inline non-streaming API call stale for 180s (threshold 180s). model=/models/Qwen3.6-35B-A3B-Q4_K_M.gguf context=~34,333 tokens. Killing connection.
2026-08-27 23:40:50,733 WARNING [20260827_233049_0d162b] agent.conversation_loop: API call failed (attempt 3/3) error_type=TimeoutError thread=ThreadPoolExecutor-350_0:133307983353536 provider=llamacpp base_url=http://10.1.1.10:8080/v1/ model=/models/Qwen3.6-35B-A3B-Q4_K_M.gguf summary=Non-streaming API call timed out after 180s with no response (threshold: 180s)
2026-08-27 23:40:50,735 ERROR [20260827_233049_0d162b] agent.conversation_loop: [subagent-5] API call failed after 3 retries. Non-streaming API call timed out after 180s with no response (threshold: 180s) | provider=llamacpp model=/models/Qwen3.6-35B-A3B-Q4_K_M.gguf msgs=20 tokens=~21,811
2026-08-27 23:41:03,718 WARNING tools.approval: Unknown approvals.mode 'auto' — defaulting to 'manual'. Valid values: manual, smart, off
2026-08-27 23:41:17,229 WARNING tools.approval: Unknown approvals.mode 'auto' — defaulting to 'manual'. Valid values: manual, smart, off
2026-08-27 23:41:27,289 WARNING tools.approval: Unknown approvals.mode 'auto' — defaulting to 'manual'. Valid values: manual, smart, off
2026-08-27 23:41:37,179 WARNING tools.approval: Unknown approvals.mode 'auto' — defaulting to 'manual'. Valid values: manual, smart, off
2026-08-27 23:41:45,258 WARNING tools.approval: Unknown approvals.mode 'auto' — defaulting to 'manual'. Valid values: manual, smart, off
2026-08-27 23:41:55,944 WARNING tools.approval: Unknown approvals.mode 'auto' — defaulting to 'manual'. Valid values: manual, smart, off
2026-08-27 23:42:06,032 WARNING tools.approval: Unknown approvals.mode 'auto' — defaulting to 'manual'. Valid values: manual, smart, off
2026-08-27 23:42:17,990 WARNING tools.approval: Unknown approvals.mode 'auto' — defaulting to 'manual'. Valid values: manual, smart, off
2026-08-27 23:42:28,939 WARNING tools.approval: Unknown approvals.mode 'auto' — defaulting to 'manual'. Valid values: manual, smart, off
2026-08-27 23:42:37,381 WARNING tools.approval: Unknown approvals.mode 'auto' — defaulting to 'manual'. Valid values: manual, smart, off
2026-08-27 23:42:37,385 WARNING [20260827_233049_32223e] agent.tool_executor: Tool terminal returned error (0.01s): {"output": "", "exit_code": -1, "error": "BLOCKED: Command flagged as dangerous (script execution via -e/-c flag) but cron jobs run without a user present to approve it. Find an alternative approach t
2026-08-27 23:42:37,391 WARNING tools.approval: Unknown approvals.mode 'auto' — defaulting to 'manual'. Valid values: manual, smart, off
2026-08-27 23:42:37,396 WARNING [20260827_233049_32223e] agent.tool_executor: Tool terminal returned error (0.01s): {"output": "", "exit_code": -1, "error": "BLOCKED: Command flagged as dangerous (script execution via -e/-c flag) but cron jobs run without a user present to approve it. Find an alternative approach t
2026-08-27 23:42:43,042 WARNING tools.approval: Unknown approvals.mode 'auto' — defaulting to 'manual'. Valid values: manual, smart, off
2026-08-27 23:42:45,237 WARNING tools.approval: Unknown approvals.mode 'auto' — defaulting to 'manual'. Valid values: manual, smart, off
2026-08-27 23:42:45,241 WARNING [20260827_233049_32223e] agent.tool_executor: Tool execute_code returned error (0.01s): {"status": "error", "error": "BLOCKED: execute_code runs arbitrary local Python (including subprocess calls that bypass shell-string approval checks). Cron jobs run without a user present to approve i
2026-08-27 23:42:52,722 WARNING tools.approval: Unknown approvals.mode 'auto' — defaulting to 'manual'. Valid values: manual, smart, off
2026-08-27 23:43:01,780 WARNING tools.approval: Unknown approvals.mode 'auto' — defaulting to 'manual'. Valid values: manual, smart, off
2026-08-27 23:43:05,157 WARNING tools.approval: Unknown approvals.mode 'auto' — defaulting to 'manual'. Valid values: manual, smart, off
2026-08-27 23:43:15,398 WARNING tools.approval: Unknown approvals.mode 'auto' — defaulting to 'manual'. Valid values: manual, smart, off
2026-08-27 23:43:27,343 WARNING tools.approval: Unknown approvals.mode 'auto' — defaulting to 'manual'. Valid values: manual, smart, off
2026-08-27 23:43:39,939 WARNING tools.approval: Unknown approvals.mode 'auto' — defaulting to 'manual'. Valid values: manual, smart, off
2026-08-27 23:43:55,060 WARNING tools.approval: Unknown approvals.mode 'auto' — defaulting to 'manual'. Valid values: manual, smart, off
2026-08-27 23:43:56,863 WARNING tools.approval: Unknown approvals.mode 'auto' — defaulting to 'manual'. Valid values: manual, smart, off
2026-08-27 23:44:05,071 WARNING tools.approval: Unknown approvals.mode 'auto' — defaulting to 'manual'. Valid values: manual, smart, off
2026-08-27 23:44:16,747 WARNING tools.approval: Unknown approvals.mode 'auto' — defaulting to 'manual'. Valid values: manual, smart, off
2026-08-27 23:44:30,818 WARNING tools.approval: Unknown approvals.mode 'auto' — defaulting to 'manual'. Valid values: manual, smart, off
2026-08-27 23:44:40,390 WARNING tools.approval: Unknown approvals.mode 'auto' — defaulting to 'manual'. Valid values: manual, smart, off
2026-08-27 23:44:51,168 WARNING tools.approval: Unknown approvals.mode 'auto' — defaulting to 'manual'. Valid values: manual, smart, off
2026-08-27 23:45:15,798 WARNING tools.web_tools: web_extract backend 'tavily' failed all 1 URL(s) ({"detail":{"error":"This request exceeds this API key's set usage limit. You can increase its limit on the Tavily dashboard."}}); one-shot keyless rescue
2026-08-27 23:45:16,075 WARNING [20260827_233049_32223e] agent.tool_executor: Tool web_extract returned error (0.71s): {
  "results": [
    {
      "url": "https://en.wikipedia.org/wiki/Critical_period_hypothesis",
      "title": "",
      "content": "",
      "error": "{\"detail\":{\"error\":\"This request exceeds th
2026-08-27 23:45:17,778 WARNING tools.approval: Unknown approvals.mode 'auto' — defaulting to 'manual'. Valid values: manual, smart, off
2026-08-27 23:45:40,702 WARNING tools.approval: Unknown approvals.mode 'auto' — defaulting to 'manual'. Valid values: manual, smart, off
2026-08-27 23:46:55,429 WARNING tools.approval: Unknown approvals.mode 'auto' — defaulting to 'manual'. Valid values: manual, smart, off
2026-08-27 23:48:10,584 WARNING tools.approval: Unknown approvals.mode 'auto' — defaulting to 'manual'. Valid values: manual, smart, off
2026-08-27 23:48:44,665 WARNING tools.approval: Unknown approvals.mode 'auto' — defaulting to 'manual'. Valid values: manual, smart, off
2026-08-27 23:49:13,939 WARNING tools.approval: Unknown approvals.mode 'auto' — defaulting to 'manual'. Valid values: manual, smart, off
2026-08-27 23:49:30,462 WARNING tools.approval: Unknown approvals.mode 'auto' — defaulting to 'manual'. Valid values: manual, smart, off
2026-08-27 23:49:30,466 WARNING [20260827_233049_32223e] agent.tool_executor: Tool execute_code returned error (0.01s): {"status": "error", "error": "BLOCKED: execute_code runs arbitrary local Python (including subprocess calls that bypass shell-string approval checks). Cron jobs run without a user present to approve i
2026-08-27 23:49:36,861 WARNING tools.approval: Unknown approvals.mode 'auto' — defaulting to 'manual'. Valid values: manual, smart, off
2026-08-27 23:49:40,931 WARNING tools.approval: Unknown approvals.mode 'auto' — defaulting to 'manual'. Valid values: manual, smart, off
2026-08-27 23:50:06,128 WARNING tools.approval: Unknown approvals.mode 'auto' — defaulting to 'manual'. Valid values: manual, smart, off
2026-08-27 23:50:51,910 WARNING tools.approval: Unknown approvals.mode 'auto' — defaulting to 'manual'. Valid values: manual, smart, off
2026-08-27 23:51:02,656 WARNING tools.approval: Unknown approvals.mode 'auto' — defaulting to 'manual'. Valid values: manual, smart, off
2026-08-27 23:51:32,420 WARNING tools.approval: Unknown approvals.mode 'auto' — defaulting to 'manual'. Valid values: manual, smart, off
2026-08-27 23:51:46,514 WARNING [20260827_233049_32223e] agent.conversation_loop: API call failed (attempt 1/3) error_type=APIConnectionError thread=ThreadPoolExecutor-352_0:133307966568128 provider=llamacpp base_url=http://10.1.1.10:8080/v1/ model=/models/Qwen3.6-35B-A3B-Q4_K_M.gguf summary=Connection error.
2026-08-27 23:51:46,515 WARNING [20260827_233049_32223e] agent.conversation_loop: Retrying API call in 2.707872699070041s (attempt 1/3) thread=ThreadPoolExecutor-352_0:133307966568128 provider=llamacpp base_url=http://10.1.1.10:8080/v1/ model=/models/Qwen3.6-35B-A3B-Q4_K_M.gguf policy=default error=Connection error.
2026-08-27 23:51:49,374 WARNING [20260827_233049_32223e] run_agent: Detected closed shared OpenAI client; recreated before use (chat_completion_request) thread=ThreadPoolExecutor-352_0:133307966568128 provider=llamacpp base_url=http://10.1.1.10:8080/v1/ model=/models/Qwen3.6-35B-A3B-Q4_K_M.gguf
2026-08-27 23:54:49,374 WARNING agent.chat_completion_helpers: Inline non-streaming API call stale for 180s (threshold 180s). model=/models/Qwen3.6-35B-A3B-Q4_K_M.gguf context=~96,179 tokens. Killing connection.
2026-08-27 23:54:49,380 WARNING [20260827_233049_32223e] agent.conversation_loop: API call failed (attempt 2/3) error_type=TimeoutError thread=ThreadPoolExecutor-352_0:133307966568128 provider=llamacpp base_url=http://10.1.1.10:8080/v1/ model=/models/Qwen3.6-35B-A3B-Q4_K_M.gguf summary=Non-streaming API call timed out after 180s with no response (threshold: 180s)
2026-08-27 23:54:49,380 WARNING [20260827_233049_32223e] agent.conversation_loop: Retrying API call in 5.148952938062649s (attempt 2/3) thread=ThreadPoolExecutor-352_0:133307966568128 provider=llamacpp base_url=http://10.1.1.10:8080/v1/ model=/models/Qwen3.6-35B-A3B-Q4_K_M.gguf policy=default error=Non-streaming API call timed out after 180s with no response (threshold: 180s)
2026-08-27 23:55:08,489 WARNING [20260827_233049_32223e] run_agent: Session DB append_message failed: 'NoneType' object has no attribute 'execute'
2026-08-27 23:55:08,489 WARNING [20260827_233049_32223e] run_agent: Session DB append_message failed: 'NoneType' object has no attribute 'execute'
2026-08-28 00:30:18,449 WARNING tools.approval: Unknown approvals.mode 'auto' — defaulting to 'manual'. Valid values: manual, smart, off
2026-08-28 00:31:04,525 WARNING tools.web_tools: web_extract backend 'tavily' failed all 3 URL(s) ({"detail":{"error":"This request exceeds this API key's set usage limit. You can increase its limit on the Tavily dashboard."}}); one-shot keyless rescue
2026-08-28 00:31:45,393 WARNING tools.web_tools: web_extract backend 'tavily' failed all 3 URL(s) ({"detail":{"error":"This request exceeds this API key's set usage limit. You can increase its limit on the Tavily dashboard."}}); one-shot keyless rescue
2026-08-28 00:31:45,648 WARNING [20260828_003033_01023e] agent.tool_executor: Tool web_extract returned error (0.54s): {
  "results": [
    {
      "url": "https://en.wikipedia.org/wiki/Artificial_grammar_learning",
      "title": "",
      "content": "",
      "error": "{\"detail\":{\"error\":\"This request exceeds t
2026-08-28 00:32:31,349 WARNING tools.web_tools: web_extract backend 'tavily' failed all 2 URL(s) ({"detail":{"error":"This request exceeds this API key's set usage limit. You can increase its limit on the Tavily dashboard."}}); one-shot keyless rescue
2026-08-28 00:32:31,596 WARNING [20260828_003033_01023e] agent.tool_executor: Tool web_extract returned error (0.65s): {
  "results": [
    {
      "url": "https://www.ncbi.nlm.nih.gov/pmc/articles/PMC5783538/",
      "title": "",
      "content": "",
      "error": "{\"detail\":{\"error\":\"This request exceeds this 
2026-08-28 00:35:22,026 WARNING tools.approval: Unknown approvals.mode 'auto' — defaulting to 'manual'. Valid values: manual, smart, off
2026-08-28 00:35:53,601 WARNING tools.approval: Unknown approvals.mode 'auto' — defaulting to 'manual'. Valid values: manual, smart, off
2026-08-28 00:36:21,299 WARNING tools.approval: Unknown approvals.mode 'auto' — defaulting to 'manual'. Valid values: manual, smart, off
2026-08-28 00:37:03,978 WARNING tools.approval: Unknown approvals.mode 'auto' — defaulting to 'manual'. Valid values: manual, smart, off
2026-08-28 00:37:35,755 WARNING tools.approval: Unknown approvals.mode 'auto' — defaulting to 'manual'. Valid values: manual, smart, off
2026-08-28 00:38:06,176 WARNING tools.approval: Unknown approvals.mode 'auto' — defaulting to 'manual'. Valid values: manual, smart, off
2026-08-28 00:38:45,172 WARNING tools.approval: Unknown approvals.mode 'auto' — defaulting to 'manual'. Valid values: manual, smart, off
2026-08-28 00:39:18,020 WARNING tools.approval: Unknown approvals.mode 'auto' — defaulting to 'manual'. Valid values: manual, smart, off
2026-08-28 00:40:32,290 WARNING tools.approval: Unknown approvals.mode 'auto' — defaulting to 'manual'. Valid values: manual, smart, off
2026-08-28 00:40:44,420 WARNING tools.approval: Unknown approvals.mode 'auto' — defaulting to 'manual'. Valid values: manual, smart, off
2026-08-28 00:41:03,301 WARNING tools.approval: Unknown approvals.mode 'auto' — defaulting to 'manual'. Valid values: manual, smart, off
2026-08-28 00:41:12,590 WARNING tools.approval: Unknown approvals.mode 'auto' — defaulting to 'manual'. Valid values: manual, smart, off
2026-08-28 01:00:20,696 WARNING tools.approval: Unknown approvals.mode 'auto' — defaulting to 'manual'. Valid values: manual, smart, off
2026-08-28 01:00:55,227 WARNING [20260828_010044_14d10c] agent.conversation_loop: API call failed (attempt 1/3) error_type=RateLimitError thread=ThreadPoolExecutor-500_0:133308444821184 provider=nous base_url=https://inference-api.nousresearch.com/v1 model=meituan/longcat-2.0:free summary=HTTP 429: The requested model is temporarily at capacity upstream. This is not your API key's rate limit — please retry shortly.
2026-08-28 01:00:55,228 WARNING [20260828_010044_14d10c] agent.conversation_loop: Retrying API call in 2.9859495273665546s (attempt 1/3) thread=ThreadPoolExecutor-500_0:133308444821184 provider=nous base_url=https://inference-api.nousresearch.com/v1 model=meituan/longcat-2.0:free policy=default error=Error code: 429 - {'status': 429, 'message': "The requested model is temporarily at capacity upstream. This is not your API key's rate limit — please retry shortly."}
2026-08-28 01:00:55,406 WARNING [20260828_010044_5a0188] agent.conversation_loop: API call failed (attempt 1/3) error_type=RateLimitError thread=ThreadPoolExecutor-501_0:133308436428480 provider=nous base_url=https://inference-api.nousresearch.com/v1 model=meituan/longcat-2.0:free summary=HTTP 429: The requested model is temporarily at capacity upstream. This is not your API key's rate limit — please retry shortly.
2026-08-28 01:00:55,406 WARNING [20260828_010044_5a0188] agent.conversation_loop: Retrying API call in 2.975617247709229s (attempt 1/3) thread=ThreadPoolExecutor-501_0:133308436428480 provider=nous base_url=https://inference-api.nousresearch.com/v1 model=meituan/longcat-2.0:free policy=default error=Error code: 429 - {'status': 429, 'message': "The requested model is temporarily at capacity upstream. This is not your API key's rate limit — please retry shortly."}
2026-08-28 01:00:57,841 WARNING [20260828_010044_95694c] agent.conversation_loop: API call failed (attempt 1/3) error_type=RateLimitError thread=ThreadPoolExecutor-502_0:133308428035776 provider=nous base_url=https://inference-api.nousresearch.com/v1 model=meituan/longcat-2.0:free summary=HTTP 429: The requested model is temporarily at capacity upstream. This is not your API key's rate limit — please retry shortly.
2026-08-28 01:00:57,841 WARNING [20260828_010044_95694c] agent.conversation_loop: Retrying API call in 2.780480533133686s (attempt 1/3) thread=ThreadPoolExecutor-502_0:133308428035776 provider=nous base_url=https://inference-api.nousresearch.com/v1 model=meituan/longcat-2.0:free policy=default error=Error code: 429 - {'status': 429, 'message': "The requested model is temporarily at capacity upstream. This is not your API key's rate limit — please retry shortly."}
2026-08-28 01:00:59,319 WARNING [20260828_010044_14d10c] agent.conversation_loop: API call failed (attempt 2/3) error_type=RateLimitError thread=ThreadPoolExecutor-500_0:133308444821184 provider=nous base_url=https://inference-api.nousresearch.com/v1 model=meituan/longcat-2.0:free summary=HTTP 429: The requested model is temporarily at capacity upstream. This is not your API key's rate limit — please retry shortly.
2026-08-28 01:00:59,321 WARNING [20260828_010044_14d10c] agent.auxiliary_client: resolve_provider_client: named custom provider 'llamaCPP' has no resolvable api_key — request will be sent with placeholder no-key-required and will 401 on auth-required endpoints
2026-08-28 01:00:59,508 WARNING [20260828_010044_5a0188] agent.conversation_loop: API call failed (attempt 2/3) error_type=RateLimitError thread=ThreadPoolExecutor-501_0:133308436428480 provider=nous base_url=https://inference-api.nousresearch.com/v1 model=meituan/longcat-2.0:free summary=HTTP 429: The requested model is temporarily at capacity upstream. This is not your API key's rate limit — please retry shortly.
2026-08-28 01:00:59,511 WARNING [20260828_010044_5a0188] agent.auxiliary_client: resolve_provider_client: named custom provider 'llamaCPP' has no resolvable api_key — request will be sent with placeholder no-key-required and will 401 on auth-required endpoints
2026-08-28 01:02:54,139 WARNING model_tools: coerce_tool_args: failed to parse string as JSON for expected type list: Expecting ',' delimiter: line 1 column 162 (char 161)
2026-08-28 01:02:54,140 WARNING model_tools: coerce_tool_args: web_extract.urls looks like a JSON array string but could not be parsed — model may have emitted a JSON-encoded string instead of a native array. Falling back to single-element list.
2026-08-28 01:02:54,142 WARNING tools.url_safety: Blocked request — unsupported URL scheme: <empty>
2026-08-28 01:02:54,393 WARNING [20260828_010044_95694c] agent.tool_executor: Tool web_extract returned error (0.01s): {
  "results": [
    {
      "url": "[\"https://www.ncbi.nlm.nih.gov/pmc/articles/PMC3367200/\", \"https://www.nature.com/articles/nrn2573\", \"https://www.cell.com/neuron/fulltext/S0896-6273(05)00807
2026-08-28 01:02:56,404 WARNING [20260828_010044_95694c] agent.conversation_loop: API call failed (attempt 1/3) error_type=RateLimitError thread=ThreadPoolExecutor-502_0:133308428035776 provider=nous base_url=https://inference-api.nousresearch.com/v1 model=meituan/longcat-2.0:free summary=HTTP 429: The requested model is temporarily at capacity upstream. This is not your API key's rate limit — please retry shortly.
2026-08-28 01:02:56,404 WARNING [20260828_010044_95694c] agent.conversation_loop: Retrying API call in 2.7285918699184406s (attempt 1/3) thread=ThreadPoolExecutor-502_0:133308428035776 provider=nous base_url=https://inference-api.nousresearch.com/v1 model=meituan/longcat-2.0:free policy=default error=Error code: 429 - {'status': 429, 'message': "The requested model is temporarily at capacity upstream. This is not your API key's rate limit — please retry shortly."}
2026-08-28 01:03:59,416 WARNING agent.chat_completion_helpers: Inline non-streaming API call stale for 180s (threshold 180s). model=/models/Qwen3.6-35B-A3B-Q4_K_M.gguf context=~24,422 tokens. Killing connection.
2026-08-28 01:03:59,420 WARNING [20260828_010044_14d10c] agent.conversation_loop: API call failed (attempt 1/3) error_type=TimeoutError thread=ThreadPoolExecutor-500_0:133308444821184 provider=llamacpp base_url=http://10.1.1.10:8080/v1/ model=/models/Qwen3.6-35B-A3B-Q4_K_M.gguf summary=Non-streaming API call timed out after 180s with no response (threshold: 180s)
2026-08-28 01:03:59,420 WARNING [20260828_010044_14d10c] agent.conversation_loop: Retrying API call in 2.442838083456734s (attempt 1/3) thread=ThreadPoolExecutor-500_0:133308444821184 provider=llamacpp base_url=http://10.1.1.10:8080/v1/ model=/models/Qwen3.6-35B-A3B-Q4_K_M.gguf policy=default error=Non-streaming API call timed out after 180s with no response (threshold: 180s)
2026-08-28 01:03:59,566 WARNING agent.chat_completion_helpers: Inline non-streaming API call stale for 180s (threshold 180s). model=/models/Qwen3.6-35B-A3B-Q4_K_M.gguf context=~24,454 tokens. Killing connection.
2026-08-28 01:03:59,568 WARNING [20260828_010044_5a0188] agent.conversation_loop: API call failed (attempt 1/3) error_type=TimeoutError thread=ThreadPoolExecutor-501_0:133308436428480 provider=llamacpp base_url=http://10.1.1.10:8080/v1/ model=/models/Qwen3.6-35B-A3B-Q4_K_M.gguf summary=Non-streaming API call timed out after 180s with no response (threshold: 180s)
2026-08-28 01:03:59,569 WARNING [20260828_010044_5a0188] agent.conversation_loop: Retrying API call in 2.278766986105381s (attempt 1/3) thread=ThreadPoolExecutor-501_0:133308436428480 provider=llamacpp base_url=http://10.1.1.10:8080/v1/ model=/models/Qwen3.6-35B-A3B-Q4_K_M.gguf policy=default error=Non-streaming API call timed out after 180s with no response (threshold: 180s)
2026-08-28 01:04:05,497 WARNING [20260828_010044_95694c] agent.tool_executor: Tool web_search returned error (0.00s): {"error": "Blocked web_search: this turn has already made 50 web searches, the per-turn limit. This looks like a runaway search loop. Work with the results you already have and give the user your answ
2026-08-28 01:04:05,502 WARNING [20260828_010044_95694c] agent.tool_executor: Tool web_search returned error (0.00s): {"error": "Blocked web_search: this turn has already made 50 web searches, the per-turn limit. This looks like a runaway search loop. Work with the results you already have and give the user your answ
2026-08-28 01:07:44,467 WARNING [cron_a5e01552e0f7_20260828_010014] agent.tool_executor: sequential tool delegate_task timed out after 420.0s
2026-08-28 01:07:44,470 WARNING [cron_a5e01552e0f7_20260828_010014] agent.tool_executor: Tool delegate_task returned error (420.00s): Error executing tool 'delegate_task': timed out after 420.0s
2026-08-28 01:07:49,147 WARNING tools.web_tools: web_extract backend 'tavily' failed all 4 URL(s) ({"detail":{"error":"This request exceeds this API key's set usage limit. You can increase its limit on the Tavily dashboard."}}); one-shot keyless rescue
2026-08-28 01:07:49,381 WARNING [20260828_010044_14d10c] agent.tool_executor: Tool web_extract returned error (0.53s): {
  "results": [
    {
      "url": "https://en.wikipedia.org/wiki/Neural_oscillation",
      "title": "",
      "content": "",
      "error": "{\"detail\":{\"error\":\"This request exceeds this API k
2026-08-28 01:07:55,091 WARNING tools.approval: Unknown approvals.mode 'auto' — defaulting to 'manual'. Valid values: manual, smart, off
2026-08-28 01:07:55,094 WARNING [cron_a5e01552e0f7_20260828_010014] agent.tool_executor: Tool execute_code returned error (0.00s): {"status": "error", "error": "BLOCKED: execute_code runs arbitrary local Python (including subprocess calls that bypass shell-string approval checks). Cron jobs run without a user present to approve i
2026-08-28 01:08:27,418 WARNING tools.approval: Unknown approvals.mode 'auto' — defaulting to 'manual'. Valid values: manual, smart, off
2026-08-28 01:09:01,261 WARNING tools.web_tools: web_extract backend 'tavily' failed all 3 URL(s) ({"detail":{"error":"This request exceeds this API key's set usage limit. You can increase its limit on the Tavily dashboard."}}); one-shot keyless rescue
2026-08-28 01:09:01,498 WARNING [cron_a5e01552e0f7_20260828_010014] agent.tool_executor: Tool web_extract returned error (0.61s): {
  "results": [
    {
      "url": "https://en.wikipedia.org/wiki/Neural_oscillation",
      "title": "",
      "content": "",
      "error": "{\"detail\":{\"error\":\"This request exceeds this API k
2026-08-28 01:09:05,757 WARNING tools.approval: Unknown approvals.mode 'auto' — defaulting to 'manual'. Valid values: manual, smart, off
2026-08-28 01:09:14,700 WARNING tools.web_tools: web_extract backend 'tavily' failed all 3 URL(s) ({"detail":{"error":"This request exceeds this API key's set usage limit. You can increase its limit on the Tavily dashboard."}}); one-shot keyless rescue
2026-08-28 01:09:14,948 WARNING [20260828_010044_5a0188] agent.tool_executor: Tool web_extract returned error (0.57s): {
  "results": [
    {
      "url": "https://en.wikipedia.org/wiki/Neural_oscillation",
      "title": "",
      "content": "",
      "error": "{\"detail\":{\"error\":\"This request exceeds this API k
2026-08-28 01:09:23,714 WARNING tools.approval: Unknown approvals.mode 'auto' — defaulting to 'manual'. Valid values: manual, smart, off
2026-08-28 01:09:31,807 WARNING tools.approval: Unknown approvals.mode 'auto' — defaulting to 'manual'. Valid values: manual, smart, off
2026-08-28 01:09:31,810 WARNING [20260828_010044_14d10c] agent.tool_executor: Tool execute_code returned error (0.00s): {"status": "error", "error": "BLOCKED: execute_code runs arbitrary local Python (including subprocess calls that bypass shell-string approval checks). Cron jobs run without a user present to approve i
2026-08-28 01:09:32,622 WARNING tools.approval: Unknown approvals.mode 'auto' — defaulting to 'manual'. Valid values: manual, smart, off
2026-08-28 01:09:41,775 WARNING tools.approval: Unknown approvals.mode 'auto' — defaulting to 'manual'. Valid values: manual, smart, off
2026-08-28 01:09:56,111 WARNING tools.approval: Unknown approvals.mode 'auto' — defaulting to 'manual'. Valid values: manual, smart, off
2026-08-28 01:09:59,114 WARNING tools.approval: Unknown approvals.mode 'auto' — defaulting to 'manual'. Valid values: manual, smart, off
2026-08-28 01:09:59,964 WARNING tools.web_tools: web_extract backend 'tavily' failed all 3 URL(s) ({"detail":{"error":"This request exceeds this API key's set usage limit. You can increase its limit on the Tavily dashboard."}}); one-shot keyless rescue
2026-08-28 01:09:59,987 WARNING tools.approval: Unknown approvals.mode 'auto' — defaulting to 'manual'. Valid values: manual, smart, off
2026-08-28 01:10:00,223 WARNING [20260828_010044_5a0188] agent.tool_executor: Tool web_extract returned error (0.63s): {
  "results": [
    {
      "url": "https://journals.plos.org/plosbiology/article?id=10.1371/journal.pbio.3001234",
      "title": "",
      "content": "",
      "error": "{\"detail\":{\"error\":\"Th
2026-08-28 01:10:00,350 WARNING tools.approval: Unknown approvals.mode 'auto' — defaulting to 'manual'. Valid values: manual, smart, off
2026-08-28 01:10:19,906 WARNING tools.approval: Unknown approvals.mode 'auto' — defaulting to 'manual'. Valid values: manual, smart, off
2026-08-28 01:10:25,181 WARNING tools.approval: Unknown approvals.mode 'auto' — defaulting to 'manual'. Valid values: manual, smart, off
2026-08-28 01:10:25,427 WARNING tools.approval: Unknown approvals.mode 'auto' — defaulting to 'manual'. Valid values: manual, smart, off
2026-08-28 01:10:51,137 WARNING tools.approval: Unknown approvals.mode 'auto' — defaulting to 'manual'. Valid values: manual, smart, off
2026-08-28 01:10:51,327 WARNING tools.approval: Unknown approvals.mode 'auto' — defaulting to 'manual'. Valid values: manual, smart, off
2026-08-28 01:10:51,492 WARNING tools.approval: Unknown approvals.mode 'auto' — defaulting to 'manual'. Valid values: manual, smart, off
2026-08-28 01:11:00,837 WARNING tools.approval: Unknown approvals.mode 'auto' — defaulting to 'manual'. Valid values: manual, smart, off
2026-08-28 01:11:08,987 WARNING tools.approval: Unknown approvals.mode 'auto' — defaulting to 'manual'. Valid values: manual, smart, off
2026-08-28 01:11:09,227 WARNING tools.approval: Unknown approvals.mode 'auto' — defaulting to 'manual'. Valid values: manual, smart, off
2026-08-28 01:11:16,270 WARNING tools.approval: Unknown approvals.mode 'auto' — defaulting to 'manual'. Valid values: manual, smart, off
2026-08-28 01:11:20,553 WARNING tools.web_tools: web_extract backend 'tavily' failed all 5 URL(s) ({"detail":{"error":"This request exceeds this API key's set usage limit. You can increase its limit on the Tavily dashboard."}}); one-shot keyless rescue
2026-08-28 01:11:20,782 WARNING [20260828_010044_14d10c] agent.tool_executor: Tool web_extract returned error (0.55s): {
  "results": [
    {
      "url": "https://www.sciencedirect.com/science/article/pii/S0896627313002316",
      "title": "",
      "content": "",
      "error": "{\"detail\":{\"error\":\"This request
2026-08-28 01:11:29,180 WARNING tools.approval: Unknown approvals.mode 'auto' — defaulting to 'manual'. Valid values: manual, smart, off
2026-08-28 01:11:39,644 WARNING tools.approval: Unknown approvals.mode 'auto' — defaulting to 'manual'. Valid values: manual, smart, off
2026-08-28 01:11:40,995 WARNING tools.approval: Unknown approvals.mode 'auto' — defaulting to 'manual'. Valid values: manual, smart, off
2026-08-28 01:11:40,998 WARNING [20260828_010044_5a0188] agent.tool_executor: Tool execute_code returned error (0.01s): {"status": "error", "error": "BLOCKED: execute_code runs arbitrary local Python (including subprocess calls that bypass shell-string approval checks). Cron jobs run without a user present to approve i
2026-08-28 01:12:09,810 WARNING [cron_a5e01552e0f7_20260828_010014] agent.tool_executor: Tool terminal returned error (30.17s): {"output": "[Command timed out after 30s]", "exit_code": 124, "error": null, "hint": "Exit 124: the command hit its timeout. Raise timeout= (foreground max 600s) or run it with background=true and not
2026-08-28 01:12:25,695 WARNING tools.web_tools: web_extract backend 'tavily' failed all 3 URL(s) ({"detail":{"error":"This request exceeds this API key's set usage limit. You can increase its limit on the Tavily dashboard."}}); one-shot keyless rescue
2026-08-28 01:12:25,938 WARNING [cron_a5e01552e0f7_20260828_010014] agent.tool_executor: Tool web_extract returned error (0.61s): {
  "results": [
    {
      "url": "https://www.scholarpedia.org/article/Neural_oscillations",
      "title": "",
      "content": "",
      "error": "{\"detail\":{\"error\":\"This request exceeds th
2026-08-28 01:12:37,558 WARNING tools.approval: Unknown approvals.mode 'auto' — defaulting to 'manual'. Valid values: manual, smart, off
2026-08-28 01:12:55,682 WARNING tools.approval: Unknown approvals.mode 'auto' — defaulting to 'manual'. Valid values: manual, smart, off
2026-08-28 01:12:57,721 WARNING tools.approval: Unknown approvals.mode 'auto' — defaulting to 'manual'. Valid values: manual, smart, off
2026-08-28 01:13:02,744 WARNING tools.approval: Unknown approvals.mode 'auto' — defaulting to 'manual'. Valid values: manual, smart, off
2026-08-28 01:13:14,673 WARNING tools.approval: Unknown approvals.mode 'auto' — defaulting to 'manual'. Valid values: manual, smart, off
2026-08-28 01:13:28,995 WARNING tools.approval: Unknown approvals.mode 'auto' — defaulting to 'manual'. Valid values: manual, smart, off
2026-08-28 01:13:41,994 WARNING tools.approval: Unknown approvals.mode 'auto' — defaulting to 'manual'. Valid values: manual, smart, off
2026-08-28 01:13:53,540 WARNING tools.approval: Unknown approvals.mode 'auto' — defaulting to 'manual'. Valid values: manual, smart, off
2026-08-28 01:14:04,218 WARNING tools.approval: Unknown approvals.mode 'auto' — defaulting to 'manual'. Valid values: manual, smart, off
2026-08-28 01:14:04,524 WARNING [cron_a5e01552e0f7_20260828_010014] agent.tool_executor: Tool terminal returned error (0.31s): {"output": "usage: browser-use [-h] [--headed] [--profile [PROFILE]] [--cdp-url CDP_URL]\n                   [--connect] [--session SESSION] [--json] [--mcp]\n                   [--template TEMPLATE]\
2026-08-28 01:14:19,515 WARNING tools.approval: Unknown approvals.mode 'auto' — defaulting to 'manual'. Valid values: manual, smart, off
2026-08-28 01:14:29,530 WARNING tools.approval: Unknown approvals.mode 'auto' — defaulting to 'manual'. Valid values: manual, smart, off
2026-08-28 01:14:41,622 WARNING tools.approval: Unknown approvals.mode 'auto' — defaulting to 'manual'. Valid values: manual, smart, off
2026-08-28 01:14:41,794 WARNING tools.approval: Unknown approvals.mode 'auto' — defaulting to 'manual'. Valid values: manual, smart, off
2026-08-28 01:14:42,002 WARNING tools.approval: Unknown approvals.mode 'auto' — defaulting to 'manual'. Valid values: manual, smart, off
2026-08-28 01:14:52,214 WARNING tools.approval: Unknown approvals.mode 'auto' — defaulting to 'manual'. Valid values: manual, smart, off
2026-08-28 01:14:52,223 WARNING [20260828_010044_14d10c] agent.tool_executor: Tool terminal returned error (0.01s): {"output": "", "exit_code": -1, "error": "BLOCKED: Command flagged as dangerous (script execution via -e/-c flag) but cron jobs run without a user present to approve it. Find an alternative approach t
2026-08-28 01:15:07,344 WARNING tools.approval: Unknown approvals.mode 'auto' — defaulting to 'manual'. Valid values: manual, smart, off
2026-08-28 01:15:07,532 WARNING [20260828_010044_14d10c] agent.tool_executor: Tool terminal returned error (0.19s): {"output": "", "exit_code": 6, "error": null, "exit_code_meaning": "Could not resolve host"}
2026-08-28 01:15:07,548 WARNING tools.approval: Unknown approvals.mode 'auto' — defaulting to 'manual'. Valid values: manual, smart, off
2026-08-28 01:15:07,681 WARNING [20260828_010044_14d10c] agent.tool_executor: Tool terminal returned error (0.13s): {"output": "", "exit_code": 6, "error": null, "exit_code_meaning": "Could not resolve host"}

[Tool loop warning: same_tool_failure_warning; count=3; terminal has failed 3 times this turn. This looks 
2026-08-28 01:15:07,694 WARNING tools.approval: Unknown approvals.mode 'auto' — defaulting to 'manual'. Valid values: manual, smart, off
2026-08-28 01:15:07,823 WARNING [20260828_010044_14d10c] agent.tool_executor: Tool terminal returned error (0.13s): {"output": "", "exit_code": 6, "error": null, "exit_code_meaning": "Could not resolve host"}

[Tool loop warning: same_tool_failure_warning; count=4; terminal has failed 4 times this turn. This looks 
2026-08-28 01:15:11,774 WARNING tools.approval: Unknown approvals.mode 'auto' — defaulting to 'manual'. Valid values: manual, smart, off
2026-08-28 01:15:24,527 WARNING tools.approval: Unknown approvals.mode 'auto' — defaulting to 'manual'. Valid values: manual, smart, off
2026-08-28 01:15:41,547 WARNING tools.approval: Unknown approvals.mode 'auto' — defaulting to 'manual'. Valid values: manual, smart, off
2026-08-28 01:16:08,958 WARNING tools.approval: Unknown approvals.mode 'auto' — defaulting to 'manual'. Valid values: manual, smart, off
2026-08-28 01:16:20,153 WARNING tools.approval: Unknown approvals.mode 'auto' — defaulting to 'manual'. Valid values: manual, smart, off
2026-08-28 01:16:20,314 WARNING [20260828_010044_14d10c] agent.tool_executor: Tool terminal returned error (0.19s): {"output": "", "exit_code": -1, "error": "BLOCKED: Command flagged as dangerous (command parser limit or malformed executable payload) but cron jobs run without a user present to approve it. Find an a
2026-08-28 01:16:26,013 WARNING tools.approval: Unknown approvals.mode 'auto' — defaulting to 'manual'. Valid values: manual, smart, off
2026-08-28 01:16:49,048 WARNING tools.approval: Unknown approvals.mode 'auto' — defaulting to 'manual'. Valid values: manual, smart, off
2026-08-28 01:16:50,582 WARNING tools.approval: Unknown approvals.mode 'auto' — defaulting to 'manual'. Valid values: manual, smart, off
2026-08-28 01:16:59,126 WARNING tools.approval: Unknown approvals.mode 'auto' — defaulting to 'manual'. Valid values: manual, smart, off
2026-08-28 01:17:13,593 WARNING tools.approval: Unknown approvals.mode 'auto' — defaulting to 'manual'. Valid values: manual, smart, off
2026-08-28 01:17:24,571 WARNING tools.approval: Unknown approvals.mode 'auto' — defaulting to 'manual'. Valid values: manual, smart, off
2026-08-28 01:17:24,799 WARNING tools.approval: Unknown approvals.mode 'auto' — defaulting to 'manual'. Valid values: manual, smart, off
2026-08-28 01:17:25,104 WARNING tools.approval: Unknown approvals.mode 'auto' — defaulting to 'manual'. Valid values: manual, smart, off
2026-08-28 01:17:25,548 WARNING tools.approval: Unknown approvals.mode 'auto' — defaulting to 'manual'. Valid values: manual, smart, off
2026-08-28 01:17:25,861 WARNING tools.approval: Unknown approvals.mode 'auto' — defaulting to 'manual'. Valid values: manual, smart, off
2026-08-28 01:17:26,429 WARNING tools.approval: Unknown approvals.mode 'auto' — defaulting to 'manual'. Valid values: manual, smart, off
2026-08-28 01:17:34,255 WARNING tools.approval: Unknown approvals.mode 'auto' — defaulting to 'manual'. Valid values: manual, smart, off
2026-08-28 01:17:43,899 WARNING tools.approval: Unknown approvals.mode 'auto' — defaulting to 'manual'. Valid values: manual, smart, off
2026-08-28 01:17:58,244 WARNING tools.approval: Unknown approvals.mode 'auto' — defaulting to 'manual'. Valid values: manual, smart, off
2026-08-28 01:18:01,082 WARNING tools.approval: Unknown approvals.mode 'auto' — defaulting to 'manual'. Valid values: manual, smart, off
2026-08-28 01:18:02,692 WARNING [20260828_010044_14d10c] agent.tool_executor: Tool terminal returned error (1.61s): {"output": "=== QUERY 1: Neural oscillations theta gamma phase coding ===\n1. Broadening the Agent Preference Hypothesis Through Experiencers: Eye-Tracking and EEG Evidence of Proto-Agents and Proto-P
2026-08-28 01:18:16,690 WARNING tools.approval: Unknown approvals.mode 'auto' — defaulting to 'manual'. Valid values: manual, smart, off
2026-08-28 01:18:33,098 WARNING tools.approval: Unknown approvals.mode 'auto' — defaulting to 'manual'. Valid values: manual, smart, off
2026-08-28 01:18:41,366 WARNING tools.approval: Unknown approvals.mode 'auto' — defaulting to 'manual'. Valid values: manual, smart, off
2026-08-28 01:18:54,667 WARNING [cron_a5e01552e0f7_20260828_010014] agent.conversation_loop: API call failed (attempt 1/3) error_type=RateLimitError thread=ThreadPoolExecutor-496_0:133308159600320 provider=nous base_url=https://inference-api.nousresearch.com/v1 model=meituan/longcat-2.0:free summary=HTTP 429: The requested model is temporarily at capacity upstream. This is not your API key's rate limit — please retry shortly.
2026-08-28 01:18:54,667 WARNING [cron_a5e01552e0f7_20260828_010014] agent.conversation_loop: Retrying API call in 2.2464995000371992s (attempt 1/3) thread=ThreadPoolExecutor-496_0:133308159600320 provider=nous base_url=https://inference-api.nousresearch.com/v1 model=meituan/longcat-2.0:free policy=default error=Error code: 429 - {'status': 429, 'message': "The requested model is temporarily at capacity upstream. This is not your API key's rate limit — please retry shortly."}
2026-08-28 01:19:02,461 WARNING tools.approval: Unknown approvals.mode 'auto' — defaulting to 'manual'. Valid values: manual, smart, off
2026-08-28 01:19:06,930 WARNING tools.approval: Unknown approvals.mode 'auto' — defaulting to 'manual'. Valid values: manual, smart, off
2026-08-28 01:19:18,542 WARNING tools.approval: Unknown approvals.mode 'auto' — defaulting to 'manual'. Valid values: manual, smart, off
2026-08-28 01:19:36,333 WARNING tools.approval: Unknown approvals.mode 'auto' — defaulting to 'manual'. Valid values: manual, smart, off
2026-08-28 01:19:50,386 WARNING tools.approval: Unknown approvals.mode 'auto' — defaulting to 'manual'. Valid values: manual, smart, off
2026-08-28 01:19:58,632 WARNING tools.approval: Unknown approvals.mode 'auto' — defaulting to 'manual'. Valid values: manual, smart, off
2026-08-28 01:20:00,233 WARNING tools.approval: Unknown approvals.mode 'auto' — defaulting to 'manual'. Valid values: manual, smart, off
2026-08-28 01:20:14,018 WARNING tools.approval: Unknown approvals.mode 'auto' — defaulting to 'manual'. Valid values: manual, smart, off
2026-08-28 01:20:33,791 WARNING tools.approval: Unknown approvals.mode 'auto' — defaulting to 'manual'. Valid values: manual, smart, off
2026-08-28 01:20:47,079 WARNING tools.approval: Unknown approvals.mode 'auto' — defaulting to 'manual'. Valid values: manual, smart, off
2026-08-28 01:20:59,940 WARNING [cron_a5e01552e0f7_20260828_010014] agent.conversation_loop: API call failed (attempt 1/3) error_type=RateLimitError thread=ThreadPoolExecutor-496_0:133308159600320 provider=nous base_url=https://inference-api.nousresearch.com/v1 model=meituan/longcat-2.0:free summary=HTTP 429: The requested model is temporarily at capacity upstream. This is not your API key's rate limit — please retry shortly.
2026-08-28 01:20:59,940 WARNING [cron_a5e01552e0f7_20260828_010014] agent.conversation_loop: Retrying API call in 2.0249068409083257s (attempt 1/3) thread=ThreadPoolExecutor-496_0:133308159600320 provider=nous base_url=https://inference-api.nousresearch.com/v1 model=meituan/longcat-2.0:free policy=default error=Error code: 429 - {'status': 429, 'message': "The requested model is temporarily at capacity upstream. This is not your API key's rate limit — please retry shortly."}
2026-08-28 01:21:16,577 WARNING tools.approval: Unknown approvals.mode 'auto' — defaulting to 'manual'. Valid values: manual, smart, off
2026-08-28 01:21:38,279 WARNING tools.approval: Unknown approvals.mode 'auto' — defaulting to 'manual'. Valid values: manual, smart, off
2026-08-28 01:21:38,817 WARNING [cron_a5e01552e0f7_20260828_010014] agent.conversation_loop: API call failed (attempt 1/3) error_type=RateLimitError thread=ThreadPoolExecutor-496_0:133308159600320 provider=nous base_url=https://inference-api.nousresearch.com/v1 model=meituan/longcat-2.0:free summary=HTTP 429: Hold up for a bit, you've exceeded the rate limit on your API key.
2026-08-28 01:21:38,818 WARNING [cron_a5e01552e0f7_20260828_010014] agent.auxiliary_client: resolve_provider_client: named custom provider 'llamaCPP' has no resolvable api_key — request will be sent with placeholder no-key-required and will 401 on auth-required endpoints
2026-08-28 01:24:22,184 WARNING tools.approval: Unknown approvals.mode 'auto' — defaulting to 'manual'. Valid values: manual, smart, off
2026-08-28 01:24:52,483 WARNING [cron_a5e01552e0f7_20260828_010014] agent.tool_executor: Tool terminal returned error (30.30s): {"output": "[Command timed out after 30s]", "exit_code": 124, "error": null, "hint": "Exit 124: the command hit its timeout. Raise timeout= (foreground max 600s) or run it with background=true and not
2026-08-28 01:24:58,043 WARNING tools.approval: Unknown approvals.mode 'auto' — defaulting to 'manual'. Valid values: manual, smart, off
2026-08-28 01:25:13,888 WARNING tools.approval: Unknown approvals.mode 'auto' — defaulting to 'manual'. Valid values: manual, smart, off
2026-08-28 01:27:43,049 WARNING tools.approval: Unknown approvals.mode 'auto' — defaulting to 'manual'. Valid values: manual, smart, off
2026-08-28 01:27:46,848 WARNING tools.approval: Unknown approvals.mode 'auto' — defaulting to 'manual'. Valid values: manual, smart, off
2026-08-28 01:27:46,852 WARNING [cron_a5e01552e0f7_20260828_010014] agent.tool_executor: Tool execute_code returned error (0.01s): {"status": "error", "error": "BLOCKED: execute_code runs arbitrary local Python (including subprocess calls that bypass shell-string approval checks). Cron jobs run without a user present to approve i
2026-08-28 01:27:51,101 WARNING tools.approval: Unknown approvals.mode 'auto' — defaulting to 'manual'. Valid values: manual, smart, off
2026-08-28 01:27:54,640 WARNING tools.approval: Unknown approvals.mode 'auto' — defaulting to 'manual'. Valid values: manual, smart, off
2026-08-28 02:00:27,431 WARNING tools.approval: Unknown approvals.mode 'auto' — defaulting to 'manual'. Valid values: manual, smart, off
2026-08-28 02:00:45,707 WARNING tools.approval: Unknown approvals.mode 'auto' — defaulting to 'manual'. Valid values: manual, smart, off
2026-08-28 02:00:45,711 WARNING [cron_a5e01552e0f7_20260828_020020] agent.tool_executor: Tool execute_code returned error (0.01s): {"status": "error", "error": "BLOCKED: execute_code runs arbitrary local Python (including subprocess calls that bypass shell-string approval checks). Cron jobs run without a user present to approve i
2026-08-28 02:01:17,044 WARNING tools.approval: Unknown approvals.mode 'auto' — defaulting to 'manual'. Valid values: manual, smart, off
2026-08-28 02:01:17,047 WARNING [cron_762c05cb9451_20260828_020019] agent.tool_executor: Tool execute_code returned error (0.01s): {"status": "error", "error": "BLOCKED: execute_code runs arbitrary local Python (including subprocess calls that bypass shell-string approval checks). Cron jobs run without a user present to approve i
2026-08-28 02:01:21,388 WARNING tools.web_tools: web_extract backend 'tavily' failed all 3 URL(s) ({"detail":{"error":"This request exceeds this API key's set usage limit. You can increase its limit on the Tavily dashboard."}}); one-shot keyless rescue
2026-08-28 02:01:35,368 WARNING tools.approval: Unknown approvals.mode 'auto' — defaulting to 'manual'. Valid values: manual, smart, off
2026-08-28 02:01:37,704 WARNING tools.web_tools: web_extract backend 'tavily' failed all 3 URL(s) ({"detail":{"error":"This request exceeds this API key's set usage limit. You can increase its limit on the Tavily dashboard."}}); one-shot keyless rescue
2026-08-28 02:01:37,954 WARNING [cron_a5e01552e0f7_20260828_020020] agent.tool_executor: Tool web_extract returned error (1.34s): {
  "results": [
    {
      "url": "https://plato.stanford.edu/entries/connectionism/#PC",
      "title": "",
      "content": "",
      "error": "{\"detail\":{\"error\":\"This request exceeds this A
2026-08-28 02:01:43,254 WARNING tools.approval: Unknown approvals.mode 'auto' — defaulting to 'manual'. Valid values: manual, smart, off
2026-08-28 02:02:49,614 WARNING tools.web_tools: web_extract backend 'tavily' failed all 3 URL(s) ({"detail":{"error":"This request exceeds this API key's set usage limit. You can increase its limit on the Tavily dashboard."}}); one-shot keyless rescue
2026-08-28 02:02:49,854 WARNING [cron_a5e01552e0f7_20260828_020020] agent.tool_executor: Tool web_extract returned error (0.60s): {
  "results": [
    {
      "url": "https://arxiv.org/abs/2301.00000",
      "title": "",
      "content": "",
      "error": "{\"detail\":{\"error\":\"This request exceeds this API key's set usage l
2026-08-28 02:03:30,699 WARNING tools.approval: Unknown approvals.mode 'auto' — defaulting to 'manual'. Valid values: manual, smart, off
2026-08-28 02:03:48,340 WARNING tools.approval: Unknown approvals.mode 'auto' — defaulting to 'manual'. Valid values: manual, smart, off
2026-08-28 02:04:12,446 WARNING tools.approval: Unknown approvals.mode 'auto' — defaulting to 'manual'. Valid values: manual, smart, off
2026-08-28 02:04:24,346 WARNING tools.approval: Unknown approvals.mode 'auto' — defaulting to 'manual'. Valid values: manual, smart, off
2026-08-28 02:04:33,830 WARNING tools.approval: Unknown approvals.mode 'auto' — defaulting to 'manual'. Valid values: manual, smart, off
2026-08-28 02:05:02,048 WARNING tools.web_tools: web_extract backend 'tavily' failed all 4 URL(s) ({"detail":{"error":"This request exceeds this API key's set usage limit. You can increase its limit on the Tavily dashboard."}}); one-shot keyless rescue
2026-08-28 02:05:02,306 WARNING [cron_a5e01552e0f7_20260828_020020] agent.tool_executor: Tool web_extract returned error (0.67s): {
  "results": [
    {
      "url": "https://plato.stanford.edu/entries/connectionism/",
      "title": "",
      "content": "",
      "error": "{\"detail\":{\"error\":\"This request exceeds this API 
2026-08-28 02:05:19,241 WARNING tools.approval: Unknown approvals.mode 'auto' — defaulting to 'manual'. Valid values: manual, smart, off
2026-08-28 02:05:48,539 WARNING tools.approval: Unknown approvals.mode 'auto' — defaulting to 'manual'. Valid values: manual, smart, off
2026-08-28 02:06:20,477 WARNING tools.web_tools: web_extract backend 'tavily' failed all 4 URL(s) ({"detail":{"error":"This request exceeds this API key's set usage limit. You can increase its limit on the Tavily dashboard."}}); one-shot keyless rescue
2026-08-28 02:06:20,722 WARNING [cron_a5e01552e0f7_20260828_020020] agent.tool_executor: Tool web_extract returned error (0.97s): {
  "results": [
    {
      "url": "https://www.nature.com/articles/nn0199_79",
      "title": "",
      "content": "",
      "error": "{\"detail\":{\"error\":\"This request exceeds this API key's se
2026-08-28 02:06:41,565 WARNING tools.approval: Unknown approvals.mode 'auto' — defaulting to 'manual'. Valid values: manual, smart, off
2026-08-28 02:07:02,487 WARNING tools.approval: Unknown approvals.mode 'auto' — defaulting to 'manual'. Valid values: manual, smart, off
2026-08-28 02:07:18,821 WARNING tools.approval: Unknown approvals.mode 'auto' — defaulting to 'manual'. Valid values: manual, smart, off
2026-08-28 02:07:37,814 WARNING tools.approval: Unknown approvals.mode 'auto' — defaulting to 'manual'. Valid values: manual, smart, off
2026-08-28 02:07:55,748 WARNING tools.approval: Unknown approvals.mode 'auto' — defaulting to 'manual'. Valid values: manual, smart, off
2026-08-28 02:08:24,794 WARNING tools.approval: Unknown approvals.mode 'auto' — defaulting to 'manual'. Valid values: manual, smart, off
2026-08-28 02:08:48,179 WARNING tools.approval: Unknown approvals.mode 'auto' — defaulting to 'manual'. Valid values: manual, smart, off
2026-08-28 02:10:11,518 WARNING tools.web_tools: web_extract backend 'tavily' failed all 5 URL(s) ({"detail":{"error":"This request exceeds this API key's set usage limit. You can increase its limit on the Tavily dashboard."}}); one-shot keyless rescue
2026-08-28 02:10:11,766 WARNING [20260828_020939_fd92b0] agent.tool_executor: Tool web_extract returned error (0.69s): {
  "results": [
    {
      "url": "https://plato.stanford.edu/entries/connectionism/",
      "title": "",
      "content": "",
      "error": "{\"detail\":{\"error\":\"This request exceeds this API 
2026-08-28 02:10:23,219 WARNING tools.approval: Unknown approvals.mode 'auto' — defaulting to 'manual'. Valid values: manual, smart, off
2026-08-28 02:10:23,220 WARNING [20260828_020939_fd92b0] agent.tool_executor: Tool execute_code returned error (0.00s): {"status": "error", "error": "BLOCKED: execute_code runs arbitrary local Python (including subprocess calls that bypass shell-string approval checks). Cron jobs run without a user present to approve i
2026-08-28 02:10:30,300 WARNING tools.web_tools: web_extract backend 'tavily' failed all 5 URL(s) ({"detail":{"error":"This request exceeds this API key's set usage limit. You can increase its limit on the Tavily dashboard."}}); one-shot keyless rescue
2026-08-28 02:10:30,666 WARNING [20260828_020939_fd92b0] agent.tool_executor: Tool web_extract returned error (0.72s): {
  "results": [
    {
      "url": "https://en.wikipedia.org/wiki/Bayesian_brain",
      "title": "",
      "content": "",
      "error": "{\"detail\":{\"error\":\"This request exceeds this API key's
2026-08-28 02:10:52,534 WARNING tools.web_tools: web_extract backend 'tavily' failed all 3 URL(s) ({"detail":{"error":"This request exceeds this API key's set usage limit. You can increase its limit on the Tavily dashboard."}}); one-shot keyless rescue
2026-08-28 02:10:52,777 WARNING [20260828_020939_fd92b0] agent.tool_executor: Tool web_extract returned error (0.52s): {
  "results": [
    {
      "url": "https://en.wikipedia.org/wiki/Bayesian_brain_hypothesis",
      "title": "",
      "content": "",
      "error": "{\"detail\":{\"error\":\"This request exceeds thi
2026-08-28 02:11:17,249 WARNING tools.approval: Unknown approvals.mode 'auto' — defaulting to 'manual'. Valid values: manual, smart, off
2026-08-28 02:11:33,401 WARNING tools.approval: Unknown approvals.mode 'auto' — defaulting to 'manual'. Valid values: manual, smart, off
2026-08-28 02:11:39,637 WARNING tools.approval: Unknown approvals.mode 'auto' — defaulting to 'manual'. Valid values: manual, smart, off
2026-08-28 02:11:48,659 WARNING tools.approval: Unknown approvals.mode 'auto' — defaulting to 'manual'. Valid values: manual, smart, off
2026-08-28 02:11:58,019 WARNING tools.approval: Unknown approvals.mode 'auto' — defaulting to 'manual'. Valid values: manual, smart, off
2026-08-28 02:12:13,030 WARNING tools.approval: Unknown approvals.mode 'auto' — defaulting to 'manual'. Valid values: manual, smart, off
2026-08-28 02:12:25,642 WARNING tools.approval: Unknown approvals.mode 'auto' — defaulting to 'manual'. Valid values: manual, smart, off
2026-08-28 02:12:33,798 WARNING tools.approval: Unknown approvals.mode 'auto' — defaulting to 'manual'. Valid values: manual, smart, off
2026-08-28 02:12:44,839 WARNING tools.approval: Unknown approvals.mode 'auto' — defaulting to 'manual'. Valid values: manual, smart, off
2026-08-28 02:12:55,742 WARNING tools.approval: Unknown approvals.mode 'auto' — defaulting to 'manual'. Valid values: manual, smart, off
2026-08-28 02:13:17,234 WARNING tools.approval: Unknown approvals.mode 'auto' — defaulting to 'manual'. Valid values: manual, smart, off
2026-08-28 02:13:30,984 WARNING tools.approval: Unknown approvals.mode 'auto' — defaulting to 'manual'. Valid values: manual, smart, off
2026-08-28 02:13:43,236 WARNING tools.approval: Unknown approvals.mode 'auto' — defaulting to 'manual'. Valid values: manual, smart, off
2026-08-28 02:13:56,143 WARNING tools.approval: Unknown approvals.mode 'auto' — defaulting to 'manual'. Valid values: manual, smart, off
2026-08-28 02:14:14,633 WARNING tools.approval: Unknown approvals.mode 'auto' — defaulting to 'manual'. Valid values: manual, smart, off
2026-08-28 02:14:32,476 WARNING tools.approval: Unknown approvals.mode 'auto' — defaulting to 'manual'. Valid values: manual, smart, off
2026-08-28 02:14:46,659 WARNING tools.approval: Unknown approvals.mode 'auto' — defaulting to 'manual'. Valid values: manual, smart, off
2026-08-28 02:14:57,836 WARNING tools.approval: Unknown approvals.mode 'auto' — defaulting to 'manual'. Valid values: manual, smart, off
2026-08-28 02:15:11,961 WARNING tools.approval: Unknown approvals.mode 'auto' — defaulting to 'manual'. Valid values: manual, smart, off
2026-08-28 02:15:22,054 WARNING tools.approval: Unknown approvals.mode 'auto' — defaulting to 'manual'. Valid values: manual, smart, off
2026-08-28 02:15:35,124 WARNING tools.approval: Unknown approvals.mode 'auto' — defaulting to 'manual'. Valid values: manual, smart, off
2026-08-28 02:15:53,033 WARNING tools.approval: Unknown approvals.mode 'auto' — defaulting to 'manual'. Valid values: manual, smart, off
2026-08-28 02:16:07,265 WARNING tools.approval: Unknown approvals.mode 'auto' — defaulting to 'manual'. Valid values: manual, smart, off
2026-08-28 02:16:18,439 WARNING tools.approval: Unknown approvals.mode 'auto' — defaulting to 'manual'. Valid values: manual, smart, off
2026-08-28 02:16:38,974 WARNING [cron_a5e01552e0f7_20260828_020020] agent.tool_executor: sequential tool delegate_task timed out after 420.0s
2026-08-28 02:16:38,976 WARNING [cron_a5e01552e0f7_20260828_020020] agent.tool_executor: Tool delegate_task returned error (420.00s): Error executing tool 'delegate_task': timed out after 420.0s
2026-08-28 02:16:39,815 WARNING tools.approval: Unknown approvals.mode 'auto' — defaulting to 'manual'. Valid values: manual, smart, off
2026-08-28 02:16:47,647 WARNING tools.approval: Unknown approvals.mode 'auto' — defaulting to 'manual'. Valid values: manual, smart, off
2026-08-28 02:16:56,536 WARNING tools.approval: Unknown approvals.mode 'auto' — defaulting to 'manual'. Valid values: manual, smart, off
2026-08-28 02:17:17,643 WARNING tools.approval: Unknown approvals.mode 'auto' — defaulting to 'manual'. Valid values: manual, smart, off
2026-08-28 02:17:24,470 WARNING tools.approval: Unknown approvals.mode 'auto' — defaulting to 'manual'. Valid values: manual, smart, off
2026-08-28 02:17:38,060 WARNING tools.approval: Unknown approvals.mode 'auto' — defaulting to 'manual'. Valid values: manual, smart, off
2026-08-28 02:17:53,830 WARNING tools.approval: Unknown approvals.mode 'auto' — defaulting to 'manual'. Valid values: manual, smart, off
2026-08-28 02:17:59,542 WARNING tools.approval: Unknown approvals.mode 'auto' — defaulting to 'manual'. Valid values: manual, smart, off
2026-08-28 02:18:16,011 WARNING tools.approval: Unknown approvals.mode 'auto' — defaulting to 'manual'. Valid values: manual, smart, off
2026-08-28 02:18:37,548 WARNING tools.approval: Unknown approvals.mode 'auto' — defaulting to 'manual'. Valid values: manual, smart, off
2026-08-28 02:18:38,501 WARNING tools.approval: Unknown approvals.mode 'auto' — defaulting to 'manual'. Valid values: manual, smart, off
2026-08-28 02:18:54,434 WARNING tools.approval: Unknown approvals.mode 'auto' — defaulting to 'manual'. Valid values: manual, smart, off
2026-08-28 02:19:06,545 WARNING tools.approval: Unknown approvals.mode 'auto' — defaulting to 'manual'. Valid values: manual, smart, off
2026-08-28 02:19:09,381 WARNING tools.approval: Unknown approvals.mode 'auto' — defaulting to 'manual'. Valid values: manual, smart, off
2026-08-28 02:19:25,329 WARNING tools.approval: Unknown approvals.mode 'auto' — defaulting to 'manual'. Valid values: manual, smart, off
2026-08-28 02:19:30,297 WARNING tools.approval: Unknown approvals.mode 'auto' — defaulting to 'manual'. Valid values: manual, smart, off
2026-08-28 02:19:30,817 WARNING [20260828_020939_fd92b0] agent.conversation_loop: API call failed (attempt 1/3) error_type=RateLimitError thread=ThreadPoolExecutor-696_0:133309046703808 provider=nous base_url=https://inference-api.nousresearch.com/v1 model=meituan/longcat-2.0:free summary=HTTP 429: Hold up for a bit, you've exceeded the rate limit on your API key.
2026-08-28 02:19:30,818 WARNING [20260828_020939_fd92b0] agent.auxiliary_client: resolve_provider_client: named custom provider 'llamaCPP' has no resolvable api_key — request will be sent with placeholder no-key-required and will 401 on auth-required endpoints
2026-08-28 02:19:53,993 WARNING tools.approval: Unknown approvals.mode 'auto' — defaulting to 'manual'. Valid values: manual, smart, off
2026-08-28 02:20:04,335 WARNING [cron_a5e01552e0f7_20260828_020020] agent.conversation_loop: API call failed (attempt 1/3) error_type=RateLimitError thread=ThreadPoolExecutor-657_0:133308134422208 provider=nous base_url=https://inference-api.nousresearch.com/v1 model=meituan/longcat-2.0:free summary=HTTP 429: Hold up for a bit, you've exceeded the rate limit on your API key.
2026-08-28 02:20:04,336 WARNING [cron_a5e01552e0f7_20260828_020020] agent.auxiliary_client: resolve_provider_client: named custom provider 'llamaCPP' has no resolvable api_key — request will be sent with placeholder no-key-required and will 401 on auth-required endpoints
2026-08-28 02:22:30,875 WARNING agent.chat_completion_helpers: Inline non-streaming API call stale for 180s (threshold 180s). model=/models/Qwen3.6-35B-A3B-Q4_K_M.gguf context=~81,614 tokens. Killing connection.
2026-08-28 02:22:30,878 WARNING [20260828_020939_fd92b0] agent.conversation_loop: API call failed (attempt 1/3) error_type=TimeoutError thread=ThreadPoolExecutor-696_0:133309046703808 provider=llamacpp base_url=http://10.1.1.10:8080/v1/ model=/models/Qwen3.6-35B-A3B-Q4_K_M.gguf summary=Non-streaming API call timed out after 180s with no response (threshold: 180s)
2026-08-28 02:22:30,878 WARNING [20260828_020939_fd92b0] agent.conversation_loop: Retrying API call in 2.4978783627808303s (attempt 1/3) thread=ThreadPoolExecutor-696_0:133309046703808 provider=llamacpp base_url=http://10.1.1.10:8080/v1/ model=/models/Qwen3.6-35B-A3B-Q4_K_M.gguf policy=default error=Non-streaming API call timed out after 180s with no response (threshold: 180s)
2026-08-28 02:23:04,367 WARNING agent.chat_completion_helpers: Inline non-streaming API call stale for 180s (threshold 180s). model=/models/Qwen3.6-35B-A3B-Q4_K_M.gguf context=~91,545 tokens. Killing connection.
2026-08-28 02:23:04,369 WARNING [cron_a5e01552e0f7_20260828_020020] agent.conversation_loop: API call failed (attempt 1/3) error_type=TimeoutError thread=ThreadPoolExecutor-657_0:133308134422208 provider=llamacpp base_url=http://10.1.1.10:8080/v1/ model=/models/Qwen3.6-35B-A3B-Q4_K_M.gguf summary=Non-streaming API call timed out after 180s with no response (threshold: 180s)
2026-08-28 02:23:04,369 WARNING [cron_a5e01552e0f7_20260828_020020] agent.conversation_loop: Retrying API call in 2.508939272594773s (attempt 1/3) thread=ThreadPoolExecutor-657_0:133308134422208 provider=llamacpp base_url=http://10.1.1.10:8080/v1/ model=/models/Qwen3.6-35B-A3B-Q4_K_M.gguf policy=default error=Non-streaming API call timed out after 180s with no response (threshold: 180s)
2026-08-28 02:25:33,497 WARNING agent.chat_completion_helpers: Inline non-streaming API call stale for 180s (threshold 180s). model=/models/Qwen3.6-35B-A3B-Q4_K_M.gguf context=~81,614 tokens. Killing connection.
2026-08-28 02:25:33,498 WARNING [20260828_020939_fd92b0] agent.conversation_loop: API call failed (attempt 2/3) error_type=TimeoutError thread=ThreadPoolExecutor-696_0:133309046703808 provider=llamacpp base_url=http://10.1.1.10:8080/v1/ model=/models/Qwen3.6-35B-A3B-Q4_K_M.gguf summary=Non-streaming API call timed out after 180s with no response (threshold: 180s)
2026-08-28 02:25:33,498 WARNING [20260828_020939_fd92b0] agent.conversation_loop: Retrying API call in 4.836843605319325s (attempt 2/3) thread=ThreadPoolExecutor-696_0:133309046703808 provider=llamacpp base_url=http://10.1.1.10:8080/v1/ model=/models/Qwen3.6-35B-A3B-Q4_K_M.gguf policy=default error=Non-streaming API call timed out after 180s with no response (threshold: 180s)
2026-08-28 02:26:01,570 WARNING tools.approval: Unknown approvals.mode 'auto' — defaulting to 'manual'. Valid values: manual, smart, off
2026-08-28 02:26:01,571 WARNING [cron_a5e01552e0f7_20260828_020020] agent.tool_executor: Tool execute_code returned error (0.00s): {"status": "error", "error": "BLOCKED: execute_code runs arbitrary local Python (including subprocess calls that bypass shell-string approval checks). Cron jobs run without a user present to approve i
2026-08-28 02:26:10,871 WARNING tools.approval: Unknown approvals.mode 'auto' — defaulting to 'manual'. Valid values: manual, smart, off
2026-08-28 02:26:48,207 WARNING tools.approval: Unknown approvals.mode 'auto' — defaulting to 'manual'. Valid values: manual, smart, off
2026-08-28 02:26:57,886 WARNING tools.approval: Unknown approvals.mode 'auto' — defaulting to 'manual'. Valid values: manual, smart, off
2026-08-28 02:26:57,887 WARNING [cron_a5e01552e0f7_20260828_020020] agent.tool_executor: Tool execute_code returned error (0.00s): {"status": "error", "error": "BLOCKED: execute_code runs arbitrary local Python (including subprocess calls that bypass shell-string approval checks). Cron jobs run without a user present to approve i
2026-08-28 02:27:19,044 WARNING tools.approval: Unknown approvals.mode 'auto' — defaulting to 'manual'. Valid values: manual, smart, off
2026-08-28 02:29:18,022 WARNING tools.approval: Unknown approvals.mode 'auto' — defaulting to 'manual'. Valid values: manual, smart, off
2026-08-28 02:29:38,940 WARNING tools.approval: Unknown approvals.mode 'auto' — defaulting to 'manual'. Valid values: manual, smart, off
2026-08-28 02:29:45,967 WARNING tools.approval: Unknown approvals.mode 'auto' — defaulting to 'manual'. Valid values: manual, smart, off
2026-08-28 02:29:57,913 WARNING agent.chat_completion_helpers: Inline non-streaming API call stale for 180s (threshold 180s). model=/models/Qwen3.6-35B-A3B-Q4_K_M.gguf context=~99,050 tokens. Killing connection.
2026-08-28 02:29:57,914 WARNING [cron_a5e01552e0f7_20260828_020020] agent.conversation_loop: API call failed (attempt 1/3) error_type=TimeoutError thread=ThreadPoolExecutor-657_0:133308134422208 provider=llamacpp base_url=http://10.1.1.10:8080/v1/ model=/models/Qwen3.6-35B-A3B-Q4_K_M.gguf summary=Non-streaming API call timed out after 180s with no response (threshold: 180s)
2026-08-28 02:29:57,914 WARNING [cron_a5e01552e0f7_20260828_020020] agent.conversation_loop: Retrying API call in 2.9118132489607236s (attempt 1/3) thread=ThreadPoolExecutor-657_0:133308134422208 provider=llamacpp base_url=http://10.1.1.10:8080/v1/ model=/models/Qwen3.6-35B-A3B-Q4_K_M.gguf policy=default error=Non-streaming API call timed out after 180s with no response (threshold: 180s)
2026-08-28 02:35:13,840 WARNING agent.chat_completion_helpers: Inline non-streaming API call stale for 180s (threshold 180s). model=/models/Qwen3.6-35B-A3B-Q4_K_M.gguf context=~99,343 tokens. Killing connection.
2026-08-28 02:35:13,842 WARNING [cron_a5e01552e0f7_20260828_020020] agent.conversation_loop: API call failed (attempt 1/3) error_type=TimeoutError thread=ThreadPoolExecutor-657_0:133308134422208 provider=llamacpp base_url=http://10.1.1.10:8080/v1/ model=/models/Qwen3.6-35B-A3B-Q4_K_M.gguf summary=Non-streaming API call timed out after 180s with no response (threshold: 180s)
2026-08-28 02:35:13,842 WARNING [cron_a5e01552e0f7_20260828_020020] agent.conversation_loop: Retrying API call in 2.7383019681876117s (attempt 1/3) thread=ThreadPoolExecutor-657_0:133308134422208 provider=llamacpp base_url=http://10.1.1.10:8080/v1/ model=/models/Qwen3.6-35B-A3B-Q4_K_M.gguf policy=default error=Non-streaming API call timed out after 180s with no response (threshold: 180s)
2026-08-28 02:36:14,064 WARNING tools.approval: Unknown approvals.mode 'auto' — defaulting to 'manual'. Valid values: manual, smart, off
2026-08-28 02:36:25,881 WARNING tools.approval: Unknown approvals.mode 'auto' — defaulting to 'manual'. Valid values: manual, smart, off
2026-08-28 02:46:04,384 WARNING tools.approval: Unknown approvals.mode 'auto' — defaulting to 'manual'. Valid values: manual, smart, off
2026-08-28 02:46:04,386 WARNING [cron_1983f8c1f638_20260828_024525] agent.tool_executor: Tool execute_code returned error (0.00s): {"status": "error", "error": "BLOCKED: execute_code runs arbitrary local Python (including subprocess calls that bypass shell-string approval checks). Cron jobs run without a user present to approve i
2026-08-28 02:46:05,855 WARNING tools.approval: Unknown approvals.mode 'auto' — defaulting to 'manual'. Valid values: manual, smart, off
2026-08-28 02:46:09,483 WARNING tools.approval: Unknown approvals.mode 'auto' — defaulting to 'manual'. Valid values: manual, smart, off
2026-08-28 02:46:36,044 WARNING tools.approval: Unknown approvals.mode 'auto' — defaulting to 'manual'. Valid values: manual, smart, off
2026-08-28 02:46:36,059 WARNING [cron_1983f8c1f638_20260828_024525] agent.tool_executor: Tool terminal returned error (0.02s): {"output": "", "exit_code": -1, "error": "BLOCKED: Command flagged as dangerous (script execution via -e/-c flag) but cron jobs run without a user present to approve it. Find an alternative approach t
2026-08-28 02:46:45,394 WARNING tools.approval: Unknown approvals.mode 'auto' — defaulting to 'manual'. Valid values: manual, smart, off
2026-08-28 02:46:54,030 WARNING tools.approval: Unknown approvals.mode 'auto' — defaulting to 'manual'. Valid values: manual, smart, off
2026-08-28 02:46:54,221 WARNING [cron_1983f8c1f638_20260828_024525] agent.tool_executor: Tool terminal returned error (0.19s): {"output": "Traceback (most recent call last):\n  File \"/home/josh434/.autognosia/workspace/searx_search.py\", line 23, in <module>\n    data = json.loads(result.stdout)\n           ^^^^^^^^^^^^^^^^^
2026-08-28 02:46:56,249 WARNING tools.approval: Unknown approvals.mode 'auto' — defaulting to 'manual'. Valid values: manual, smart, off
2026-08-28 02:48:05,125 WARNING tools.web_tools: web_extract backend 'tavily' failed all 2 URL(s) ({"detail":{"error":"This request exceeds this API key's set usage limit. You can increase its limit on the Tavily dashboard."}}); one-shot keyless rescue
2026-08-28 02:48:08,664 WARNING [20260828_024715_4353ba] agent.tool_executor: Tool web_extract returned error (1.15s): {
  "results": [
    {
      "url": "https://plato.stanford.edu/entries/mirror-neurons/",
      "title": "",
      "content": "",
      "error": "{\"detail\":{\"error\":\"This request exceeds this API
2026-08-28 02:48:27,575 WARNING tools.web_tools: web_extract backend 'tavily' failed all 4 URL(s) ({"detail":{"error":"This request exceeds this API key's set usage limit. You can increase its limit on the Tavily dashboard."}}); one-shot keyless rescue
2026-08-28 02:48:27,807 WARNING [20260828_024715_4353ba] agent.tool_executor: Tool web_extract returned error (0.52s): {
  "results": [
    {
      "url": "https://en.wikipedia.org/wiki/Mirror_neuron",
      "title": "",
      "content": "",
      "error": "{\"detail\":{\"error\":\"This request exceeds this API key's 
2026-08-28 02:48:43,417 WARNING tools.approval: Unknown approvals.mode 'auto' — defaulting to 'manual'. Valid values: manual, smart, off
2026-08-28 02:48:43,420 WARNING [20260828_024715_4353ba] agent.tool_executor: Tool execute_code returned error (0.00s): {"status": "error", "error": "BLOCKED: execute_code runs arbitrary local Python (including subprocess calls that bypass shell-string approval checks). Cron jobs run without a user present to approve i
2026-08-28 02:48:49,213 WARNING tools.approval: Unknown approvals.mode 'auto' — defaulting to 'manual'. Valid values: manual, smart, off
2026-08-28 02:48:49,230 WARNING [20260828_024715_4353ba] agent.tool_executor: Tool terminal returned error (0.02s): {"output": "", "exit_code": -1, "error": "BLOCKED: Command flagged as dangerous (script execution via -e/-c flag) but cron jobs run without a user present to approve it. Find an alternative approach t
2026-08-28 02:48:51,697 WARNING tools.approval: Unknown approvals.mode 'auto' — defaulting to 'manual'. Valid values: manual, smart, off
2026-08-28 02:49:17,527 WARNING tools.approval: Unknown approvals.mode 'auto' — defaulting to 'manual'. Valid values: manual, smart, off
2026-08-28 02:49:17,537 WARNING [20260828_024715_4353ba] agent.tool_executor: Tool terminal returned error (0.01s): {"output": "", "exit_code": -1, "error": "BLOCKED: Command flagged as dangerous (script execution via -e/-c flag) but cron jobs run without a user present to approve it. Find an alternative approach t
2026-08-28 02:49:35,565 WARNING tools.approval: Unknown approvals.mode 'auto' — defaulting to 'manual'. Valid values: manual, smart, off
2026-08-28 02:49:40,891 WARNING tools.approval: Unknown approvals.mode 'auto' — defaulting to 'manual'. Valid values: manual, smart, off
2026-08-28 02:49:41,522 WARNING tools.approval: Unknown approvals.mode 'auto' — defaulting to 'manual'. Valid values: manual, smart, off
2026-08-28 02:49:41,960 WARNING tools.approval: Unknown approvals.mode 'auto' — defaulting to 'manual'. Valid values: manual, smart, off
2026-08-28 02:49:45,911 WARNING tools.approval: Unknown approvals.mode 'auto' — defaulting to 'manual'. Valid values: manual, smart, off
2026-08-28 02:50:58,920 WARNING tools.approval: Unknown approvals.mode 'auto' — defaulting to 'manual'. Valid values: manual, smart, off
2026-08-28 02:51:05,438 WARNING tools.approval: Unknown approvals.mode 'auto' — defaulting to 'manual'. Valid values: manual, smart, off
2026-08-28 02:51:06,276 WARNING tools.approval: Unknown approvals.mode 'auto' — defaulting to 'manual'. Valid values: manual, smart, off
2026-08-28 02:51:06,906 WARNING tools.approval: Unknown approvals.mode 'auto' — defaulting to 'manual'. Valid values: manual, smart, off
2026-08-28 02:51:07,374 WARNING tools.approval: Unknown approvals.mode 'auto' — defaulting to 'manual'. Valid values: manual, smart, off
2026-08-28 02:51:07,829 WARNING tools.approval: Unknown approvals.mode 'auto' — defaulting to 'manual'. Valid values: manual, smart, off
2026-08-28 02:51:08,267 WARNING tools.approval: Unknown approvals.mode 'auto' — defaulting to 'manual'. Valid values: manual, smart, off
2026-08-28 02:51:08,466 WARNING tools.approval: Unknown approvals.mode 'auto' — defaulting to 'manual'. Valid values: manual, smart, off
2026-08-28 02:51:20,719 WARNING tools.approval: Unknown approvals.mode 'auto' — defaulting to 'manual'. Valid values: manual, smart, off
2026-08-28 02:51:21,052 WARNING tools.approval: Unknown approvals.mode 'auto' — defaulting to 'manual'. Valid values: manual, smart, off
2026-08-28 02:51:40,824 WARNING [20260828_024715_4353ba] agent.tool_executor: Tool read_file returned error (0.07s): {"content": "", "total_lines": 0, "file_size": 0, "truncated": false, "is_binary": false, "is_image": false, "error": "File not found: /tmp/over-imitation.html", "similar_files": ["/tmp/activation_mod
2026-08-28 02:51:40,828 WARNING [20260828_024715_4353ba] agent.tool_executor: Tool read_file returned error (0.05s): {"content": "", "total_lines": 0, "file_size": 0, "truncated": false, "is_binary": false, "is_image": false, "error": "File not found: /tmp/Shared_intentionality.html", "similar_files": ["/tmp/activat
2026-08-28 02:51:40,832 WARNING [20260828_024715_4353ba] agent.tool_executor: Tool read_file returned error (0.05s): {"content": "", "total_lines": 0, "file_size": 0, "truncated": false, "is_binary": false, "is_image": false, "error": "File not found: /tmp/Imitation.html", "similar_files": ["/tmp/activation_model.ht
2026-08-28 02:51:46,370 WARNING tools.approval: Unknown approvals.mode 'auto' — defaulting to 'manual'. Valid values: manual, smart, off
2026-08-28 02:51:46,583 WARNING tools.approval: Unknown approvals.mode 'auto' — defaulting to 'manual'. Valid values: manual, smart, off
2026-08-28 02:51:46,628 WARNING [cron_97842ab6d078_20260828_024925] agent.tool_executor: Tool terminal returned error (0.05s): {"output": "/usr/bin/bash: line 4: sqlite3: command not found", "exit_code": 127, "error": null, "hint": "`sqlite3` is not installed or not on PATH. Verify with `which sqlite3`; install it or use an a
2026-08-28 02:51:46,638 WARNING tools.approval: Unknown approvals.mode 'auto' — defaulting to 'manual'. Valid values: manual, smart, off
2026-08-28 02:51:46,677 WARNING [cron_97842ab6d078_20260828_024925] agent.tool_executor: Tool terminal returned error (0.04s): {"output": "/usr/bin/bash: line 4: sqlite3: command not found", "exit_code": 127, "error": null, "hint": "`sqlite3` is not installed or not on PATH. Verify with `which sqlite3`; install it or use an a
2026-08-28 02:51:46,684 WARNING tools.approval: Unknown approvals.mode 'auto' — defaulting to 'manual'. Valid values: manual, smart, off
2026-08-28 02:51:46,719 WARNING [cron_97842ab6d078_20260828_024925] agent.tool_executor: Tool terminal returned error (0.04s): {"output": "/usr/bin/bash: line 4: sqlite3: command not found", "exit_code": 127, "error": null, "hint": "`sqlite3` is not installed or not on PATH. Verify with `which sqlite3`; install it or use an a
2026-08-28 02:52:01,893 WARNING tools.approval: Unknown approvals.mode 'auto' — defaulting to 'manual'. Valid values: manual, smart, off
2026-08-28 02:52:01,951 WARNING tools.approval: Unknown approvals.mode 'auto' — defaulting to 'manual'. Valid values: manual, smart, off
2026-08-28 02:52:02,021 WARNING tools.approval: Unknown approvals.mode 'auto' — defaulting to 'manual'. Valid values: manual, smart, off
2026-08-28 02:52:47,991 WARNING [20260828_024715_4353ba] agent.tool_executor: Tool read_file returned error (0.06s): {"content": "", "total_lines": 0, "file_size": 0, "truncated": false, "is_binary": false, "is_image": false, "error": "File not found: /tmp/Imitation.html", "similar_files": ["/tmp/activation_model.ht
2026-08-28 02:52:48,003 WARNING [20260828_024715_4353ba] agent.tool_executor: Tool read_file returned error (0.05s): {"content": "", "total_lines": 0, "file_size": 0, "truncated": false, "is_binary": false, "is_image": false, "error": "File not found: /tmp/Shared_intentionality.html", "similar_files": ["/tmp/activat
2026-08-28 02:53:21,967 WARNING tools.approval: Unknown approvals.mode 'auto' — defaulting to 'manual'. Valid values: manual, smart, off
2026-08-28 02:53:21,970 WARNING [cron_97842ab6d078_20260828_024925] agent.tool_executor: Tool execute_code returned error (0.00s): {"status": "error", "error": "BLOCKED: execute_code runs arbitrary local Python (including subprocess calls that bypass shell-string approval checks). Cron jobs run without a user present to approve i
2026-08-28 02:53:34,430 WARNING tools.approval: Unknown approvals.mode 'auto' — defaulting to 'manual'. Valid values: manual, smart, off
2026-08-28 02:53:34,440 WARNING [cron_97842ab6d078_20260828_024925] agent.tool_executor: Tool terminal returned error (0.01s): {"output": "", "exit_code": -1, "error": "BLOCKED: Command flagged as dangerous (script execution via -e/-c flag) but cron jobs run without a user present to approve it. Find an alternative approach t
2026-08-28 02:53:37,590 WARNING tools.approval: Unknown approvals.mode 'auto' — defaulting to 'manual'. Valid values: manual, smart, off
2026-08-28 02:53:37,769 WARNING tools.approval: Unknown approvals.mode 'auto' — defaulting to 'manual'. Valid values: manual, smart, off
2026-08-28 02:53:37,908 WARNING tools.approval: Unknown approvals.mode 'auto' — defaulting to 'manual'. Valid values: manual, smart, off
2026-08-28 02:54:00,358 WARNING tools.approval: Unknown approvals.mode 'auto' — defaulting to 'manual'. Valid values: manual, smart, off
2026-08-28 02:54:15,530 WARNING [cron_1983f8c1f638_20260828_024525] agent.tool_executor: sequential tool delegate_task timed out after 420.0s
2026-08-28 02:54:15,532 WARNING [cron_1983f8c1f638_20260828_024525] agent.tool_executor: Tool delegate_task returned error (420.00s): Error executing tool 'delegate_task': timed out after 420.0s
2026-08-28 02:55:12,300 WARNING tools.approval: Unknown approvals.mode 'auto' — defaulting to 'manual'. Valid values: manual, smart, off
2026-08-28 02:55:12,371 WARNING tools.approval: Unknown approvals.mode 'auto' — defaulting to 'manual'. Valid values: manual, smart, off
2026-08-28 02:56:46,097 WARNING tools.approval: Unknown approvals.mode 'auto' — defaulting to 'manual'. Valid values: manual, smart, off
2026-08-28 02:56:52,592 WARNING tools.web_tools: web_extract backend 'tavily' failed all 3 URL(s) ({"detail":{"error":"This request exceeds this API key's set usage limit. You can increase its limit on the Tavily dashboard."}}); one-shot keyless rescue
2026-08-28 02:56:52,609 WARNING tools.web_tools: web_extract backend 'tavily' failed all 2 URL(s) ({"detail":{"error":"This request exceeds this API key's set usage limit. You can increase its limit on the Tavily dashboard."}}); one-shot keyless rescue
2026-08-28 02:56:53,569 WARNING [cron_1983f8c1f638_20260828_024525] agent.tool_executor: Tool web_extract returned error (0.60s): {
  "results": [
    {
      "url": "https://www.nature.com/scitable/topicpage/mirror-neurons-19/",
      "title": "",
      "content": "",
      "error": "{\"detail\":{\"error\":\"This request exceed
2026-08-28 02:57:36,639 WARNING tools.approval: Unknown approvals.mode 'auto' — defaulting to 'manual'. Valid values: manual, smart, off
2026-08-28 02:57:36,855 WARNING tools.web_tools: web_extract backend 'tavily' failed all 3 URL(s) ({"detail":{"error":"This request exceeds this API key's set usage limit. You can increase its limit on the Tavily dashboard."}}); one-shot keyless rescue
2026-08-28 02:57:37,097 WARNING [cron_1983f8c1f638_20260828_024525] agent.tool_executor: Tool web_extract returned error (0.59s): {
  "results": [
    {
      "url": "https://plato.stanford.edu/archives/fall2024/entries/mirror-neurons/",
      "title": "",
      "content": "",
      "error": "{\"detail\":{\"error\":\"This reques
2026-08-28 02:58:06,496 WARNING agent.chat_completion_helpers: Inline non-streaming API call stale for 240s (threshold 240s). model=/models/Qwen3.6-35B-A3B-Q4_K_M.gguf context=~106,331 tokens. Killing connection.
2026-08-28 02:58:06,500 WARNING [20260828_024715_4353ba] agent.conversation_loop: API call failed (attempt 1/3) error_type=TimeoutError thread=ThreadPoolExecutor-778_0:133309046703808 provider=custom base_url=http://10.1.1.10:8080/v1 model=/models/Qwen3.6-35B-A3B-Q4_K_M.gguf summary=Non-streaming API call timed out after 240s with no response (threshold: 240s)
2026-08-28 02:58:06,501 WARNING [20260828_024715_4353ba] agent.conversation_loop: Retrying API call in 2.759376571763127s (attempt 1/3) thread=ThreadPoolExecutor-778_0:133309046703808 provider=custom base_url=http://10.1.1.10:8080/v1 model=/models/Qwen3.6-35B-A3B-Q4_K_M.gguf policy=default error=Non-streaming API call timed out after 240s with no response (threshold: 240s)
2026-08-28 03:00:16,180 WARNING tools.web_tools: web_extract backend 'tavily' failed all 3 URL(s) ({"detail":{"error":"This request exceeds this API key's set usage limit. You can increase its limit on the Tavily dashboard."}}); one-shot keyless rescue
2026-08-28 03:00:16,449 WARNING [cron_1983f8c1f638_20260828_024525] agent.tool_executor: Tool web_extract returned error (0.59s): {
  "results": [
    {
      "url": "https://en.wikipedia.org/wiki/Social_learning",
      "title": "",
      "content": "",
      "error": "{\"detail\":{\"error\":\"This request exceeds this API key'
2026-08-28 03:00:36,262 WARNING tools.approval: Unknown approvals.mode 'auto' — defaulting to 'manual'. Valid values: manual, smart, off
2026-08-28 03:01:45,160 WARNING tools.approval: Unknown approvals.mode 'auto' — defaulting to 'manual'. Valid values: manual, smart, off
2026-08-28 03:01:45,164 WARNING [20260828_030048_30f0dc] agent.tool_executor: Tool execute_code returned error (0.01s): {"status": "error", "error": "BLOCKED: execute_code runs arbitrary local Python (including subprocess calls that bypass shell-string approval checks). Cron jobs run without a user present to approve i
2026-08-28 03:01:57,186 WARNING [20260828_030048_30f0dc] agent.conversation_loop: API call failed (attempt 1/3) error_type=RateLimitError thread=ThreadPoolExecutor-849_0:133308184778432 provider=nous base_url=https://inference-api.nousresearch.com/v1 model=meituan/longcat-2.0:free summary=HTTP 429: The requested model is temporarily at capacity upstream. This is not your API key's rate limit — please retry shortly.
2026-08-28 03:01:57,186 WARNING [20260828_030048_30f0dc] agent.conversation_loop: Retrying API call in 2.3004161627196s (attempt 1/3) thread=ThreadPoolExecutor-849_0:133308184778432 provider=nous base_url=https://inference-api.nousresearch.com/v1 model=meituan/longcat-2.0:free policy=default error=Error code: 429 - {'status': 429, 'message': "The requested model is temporarily at capacity upstream. This is not your API key's rate limit — please retry shortly."}
2026-08-28 03:02:01,451 WARNING tools.approval: Unknown approvals.mode 'auto' — defaulting to 'manual'. Valid values: manual, smart, off
2026-08-28 03:02:01,454 WARNING [cron_1983f8c1f638_20260828_024525] agent.tool_executor: Tool execute_code returned error (0.00s): {"status": "error", "error": "BLOCKED: execute_code runs arbitrary local Python (including subprocess calls that bypass shell-string approval checks). Cron jobs run without a user present to approve i
2026-08-28 03:02:09,312 WARNING agent.chat_completion_helpers: Inline non-streaming API call stale for 240s (threshold 240s). model=/models/Qwen3.6-35B-A3B-Q4_K_M.gguf context=~106,331 tokens. Killing connection.
2026-08-28 03:02:09,317 WARNING [20260828_024715_4353ba] agent.conversation_loop: API call failed (attempt 2/3) error_type=TimeoutError thread=ThreadPoolExecutor-778_0:133309046703808 provider=custom base_url=http://10.1.1.10:8080/v1 model=/models/Qwen3.6-35B-A3B-Q4_K_M.gguf summary=Non-streaming API call timed out after 240s with no response (threshold: 240s)
2026-08-28 03:02:09,319 WARNING [20260828_024715_4353ba] agent.auxiliary_client: resolve_provider_client: named custom provider 'llamaCPP' has no resolvable api_key — request will be sent with placeholder no-key-required and will 401 on auth-required endpoints
2026-08-28 03:02:14,388 WARNING tools.approval: Unknown approvals.mode 'auto' — defaulting to 'manual'. Valid values: manual, smart, off
2026-08-28 03:02:14,465 WARNING tools.approval: Unknown approvals.mode 'auto' — defaulting to 'manual'. Valid values: manual, smart, off
2026-08-28 03:02:17,169 WARNING tools.web_tools: web_extract backend 'tavily' failed all 3 URL(s) ({"detail":{"error":"This request exceeds this API key's set usage limit. You can increase its limit on the Tavily dashboard."}}); one-shot keyless rescue
2026-08-28 03:02:17,856 WARNING [20260828_030048_30f0dc] agent.tool_executor: Tool web_extract returned error (0.56s): {
  "results": [
    {
      "url": "https://en.wikipedia.org/wiki/Cognitive_dissonance",
      "title": "",
      "content": "",
      "error": "{\"detail\":{\"error\":\"This request exceeds this API
2026-08-28 03:02:50,111 WARNING tools.approval: Unknown approvals.mode 'auto' — defaulting to 'manual'. Valid values: manual, smart, off
2026-08-28 03:02:55,774 WARNING tools.approval: Unknown approvals.mode 'auto' — defaulting to 'manual'. Valid values: manual, smart, off
2026-08-28 03:03:01,701 WARNING tools.approval: Unknown approvals.mode 'auto' — defaulting to 'manual'. Valid values: manual, smart, off
2026-08-28 03:03:02,340 WARNING tools.approval: Unknown approvals.mode 'auto' — defaulting to 'manual'. Valid values: manual, smart, off
2026-08-28 03:03:22,103 WARNING tools.approval: Unknown approvals.mode 'auto' — defaulting to 'manual'. Valid values: manual, smart, off
2026-08-28 03:03:40,433 WARNING tools.approval: Unknown approvals.mode 'auto' — defaulting to 'manual'. Valid values: manual, smart, off
2026-08-28 03:03:52,983 WARNING tools.approval: Unknown approvals.mode 'auto' — defaulting to 'manual'. Valid values: manual, smart, off
2026-08-28 03:04:02,871 WARNING tools.approval: Unknown approvals.mode 'auto' — defaulting to 'manual'. Valid values: manual, smart, off
2026-08-28 03:04:18,490 WARNING tools.approval: Unknown approvals.mode 'auto' — defaulting to 'manual'. Valid values: manual, smart, off
2026-08-28 03:04:18,653 WARNING [20260828_030048_30f0dc] agent.tool_executor: Tool terminal returned error (0.17s): {"output": "", "exit_code": -1, "error": "BLOCKED: Security scan — [MEDIUM] Schemeless URL in sink context: URL without explicit scheme passed to a command that downloads/executes content; [HIGH] Pipe
2026-08-28 03:04:18,673 WARNING tools.approval: Unknown approvals.mode 'auto' — defaulting to 'manual'. Valid values: manual, smart, off
2026-08-28 03:04:18,795 WARNING [20260828_030048_30f0dc] agent.tool_executor: Tool terminal returned error (0.13s): {"output": "", "exit_code": -1, "error": "BLOCKED: Security scan — [MEDIUM] Schemeless URL in sink context: URL without explicit scheme passed to a command that downloads/executes content; [HIGH] Pipe
2026-08-28 03:04:44,081 WARNING tools.approval: Unknown approvals.mode 'auto' — defaulting to 'manual'. Valid values: manual, smart, off
2026-08-28 03:04:44,365 WARNING tools.approval: Unknown approvals.mode 'auto' — defaulting to 'manual'. Valid values: manual, smart, off
2026-08-28 03:04:44,642 WARNING tools.approval: Unknown approvals.mode 'auto' — defaulting to 'manual'. Valid values: manual, smart, off
2026-08-28 03:05:00,381 WARNING tools.web_tools: web_extract backend 'tavily' failed all 3 URL(s) ({"detail":{"error":"This request exceeds this API key's set usage limit. You can increase its limit on the Tavily dashboard."}}); one-shot keyless rescue
2026-08-28 03:05:00,663 WARNING [20260828_030048_30f0dc] agent.tool_executor: Tool web_extract returned error (0.66s): {
  "results": [
    {
      "url": "https://www.psychologytoday.com/us/basics/cognitive-dissonance",
      "title": "",
      "content": "",
      "error": "{\"detail\":{\"error\":\"This request exce
2026-08-28 03:05:10,676 WARNING tools.approval: Unknown approvals.mode 'auto' — defaulting to 'manual'. Valid values: manual, smart, off
2026-08-28 03:05:10,911 WARNING tools.approval: Unknown approvals.mode 'auto' — defaulting to 'manual'. Valid values: manual, smart, off
2026-08-28 03:05:11,135 WARNING tools.approval: Unknown approvals.mode 'auto' — defaulting to 'manual'. Valid values: manual, smart, off
2026-08-28 03:05:14,590 WARNING agent.chat_completion_helpers: Inline non-streaming API call stale for 180s (threshold 180s). model=Qwen3.6-35B-A3B-Q4_K_M.gguf context=~41,582 tokens. Killing connection.
2026-08-28 03:05:14,593 WARNING [cron_97842ab6d078_20260828_024925] agent.conversation_loop: API call failed (attempt 1/3) error_type=TimeoutError thread=ThreadPoolExecutor-793_0:133308126029504 provider=custom base_url=http://10.1.1.10:8080/v1 model=Qwen3.6-35B-A3B-Q4_K_M.gguf summary=Non-streaming API call timed out after 180s with no response (threshold: 180s)
2026-08-28 03:05:14,593 WARNING [cron_97842ab6d078_20260828_024925] agent.conversation_loop: Retrying API call in 2.726937353348455s (attempt 1/3) thread=ThreadPoolExecutor-793_0:133308126029504 provider=custom base_url=http://10.1.1.10:8080/v1 model=Qwen3.6-35B-A3B-Q4_K_M.gguf policy=default error=Non-streaming API call timed out after 180s with no response (threshold: 180s)
2026-08-28 03:05:31,885 WARNING tools.approval: Unknown approvals.mode 'auto' — defaulting to 'manual'. Valid values: manual, smart, off
2026-08-28 03:05:52,595 WARNING tools.approval: Unknown approvals.mode 'auto' — defaulting to 'manual'. Valid values: manual, smart, off
2026-08-28 03:05:55,851 WARNING agent.chat_completion_helpers: Inline non-streaming API call stale for 180s (threshold 180s). model=/models/Qwen3.6-35B-A3B-Q4_K_M.gguf context=~88,792 tokens. Killing connection.
2026-08-28 03:05:55,854 WARNING [cron_1983f8c1f638_20260828_024525] agent.conversation_loop: API call failed (attempt 1/3) error_type=TimeoutError thread=ThreadPoolExecutor-761_0:133308461606592 provider=custom base_url=http://10.1.1.10:8080/v1 model=/models/Qwen3.6-35B-A3B-Q4_K_M.gguf summary=Non-streaming API call timed out after 180s with no response (threshold: 180s)
2026-08-28 03:05:55,854 WARNING [cron_1983f8c1f638_20260828_024525] agent.conversation_loop: Retrying API call in 2.898676232306149s (attempt 1/3) thread=ThreadPoolExecutor-761_0:133308461606592 provider=custom base_url=http://10.1.1.10:8080/v1 model=/models/Qwen3.6-35B-A3B-Q4_K_M.gguf policy=default error=Non-streaming API call timed out after 180s with no response (threshold: 180s)
2026-08-28 03:06:09,356 WARNING agent.chat_completion_helpers: Inline non-streaming API call stale for 240s (threshold 240s). model=/models/Qwen3.6-35B-A3B-Q4_K_M.gguf context=~106,332 tokens. Killing connection.
2026-08-28 03:06:09,362 WARNING [20260828_024715_4353ba] agent.conversation_loop: API call failed (attempt 1/3) error_type=TimeoutError thread=ThreadPoolExecutor-778_0:133309046703808 provider=llamacpp base_url=http://10.1.1.10:8080/v1/ model=/models/Qwen3.6-35B-A3B-Q4_K_M.gguf summary=Non-streaming API call timed out after 240s with no response (threshold: 240s)
2026-08-28 03:06:09,363 WARNING [20260828_024715_4353ba] agent.conversation_loop: Retrying API call in 2.373846196858448s (attempt 1/3) thread=ThreadPoolExecutor-778_0:133309046703808 provider=llamacpp base_url=http://10.1.1.10:8080/v1/ model=/models/Qwen3.6-35B-A3B-Q4_K_M.gguf policy=default error=Non-streaming API call timed out after 240s with no response (threshold: 240s)
2026-08-28 03:06:13,471 WARNING tools.approval: Unknown approvals.mode 'auto' — defaulting to 'manual'. Valid values: manual, smart, off
2026-08-28 03:06:22,834 WARNING tools.approval: Unknown approvals.mode 'auto' — defaulting to 'manual'. Valid values: manual, smart, off
2026-08-28 03:06:33,054 WARNING tools.approval: Unknown approvals.mode 'auto' — defaulting to 'manual'. Valid values: manual, smart, off
2026-08-28 03:06:42,053 WARNING tools.approval: Unknown approvals.mode 'auto' — defaulting to 'manual'. Valid values: manual, smart, off
2026-08-28 03:07:15,876 WARNING tools.approval: Unknown approvals.mode 'auto' — defaulting to 'manual'. Valid values: manual, smart, off
2026-08-28 03:07:26,377 WARNING tools.approval: Unknown approvals.mode 'auto' — defaulting to 'manual'. Valid values: manual, smart, off
2026-08-28 03:07:37,077 WARNING tools.approval: Unknown approvals.mode 'auto' — defaulting to 'manual'. Valid values: manual, smart, off
2026-08-28 03:07:43,017 WARNING tools.approval: Unknown approvals.mode 'auto' — defaulting to 'manual'. Valid values: manual, smart, off
2026-08-28 03:07:46,943 WARNING tools.approval: Unknown approvals.mode 'auto' — defaulting to 'manual'. Valid values: manual, smart, off
2026-08-28 03:07:48,301 WARNING [cron_a5e01552e0f7_20260828_030027] agent.tool_executor: sequential tool delegate_task timed out after 420.0s
2026-08-28 03:07:48,302 WARNING [cron_a5e01552e0f7_20260828_030027] agent.tool_executor: Tool delegate_task returned error (420.00s): Error executing tool 'delegate_task': timed out after 420.0s
2026-08-28 03:07:58,340 WARNING [cron_a5e01552e0f7_20260828_030027] agent.conversation_loop: API call failed (attempt 1/3) error_type=RateLimitError thread=ThreadPoolExecutor-846_0:133308167993024 provider=nous base_url=https://inference-api.nousresearch.com/v1 model=meituan/longcat-2.0:free summary=HTTP 429: The requested model is temporarily at capacity upstream. This is not your API key's rate limit — please retry shortly.
2026-08-28 03:07:58,340 WARNING [cron_a5e01552e0f7_20260828_030027] agent.conversation_loop: Retrying API call in 2.7996941636760857s (attempt 1/3) thread=ThreadPoolExecutor-846_0:133308167993024 provider=nous base_url=https://inference-api.nousresearch.com/v1 model=meituan/longcat-2.0:free policy=default error=Error code: 429 - {'status': 429, 'message': "The requested model is temporarily at capacity upstream. This is not your API key's rate limit — please retry shortly."}
2026-08-28 03:07:59,173 WARNING [20260828_030048_30f0dc] agent.conversation_loop: API call failed (attempt 1/3) error_type=RateLimitError thread=ThreadPoolExecutor-849_0:133308184778432 provider=nous base_url=https://inference-api.nousresearch.com/v1 model=meituan/longcat-2.0:free summary=HTTP 429: The requested model is temporarily at capacity upstream. This is not your API key's rate limit — please retry shortly.
2026-08-28 03:07:59,173 WARNING [20260828_030048_30f0dc] agent.conversation_loop: Retrying API call in 2.136370628582959s (attempt 1/3) thread=ThreadPoolExecutor-849_0:133308184778432 provider=nous base_url=https://inference-api.nousresearch.com/v1 model=meituan/longcat-2.0:free policy=default error=Error code: 429 - {'status': 429, 'message': "The requested model is temporarily at capacity upstream. This is not your API key's rate limit — please retry shortly."}
2026-08-28 03:08:01,722 WARNING [cron_97842ab6d078_20260828_024925] agent.conversation_loop: API call failed (attempt 1/3) error_type=InternalServerError thread=ThreadPoolExecutor-793_0:133308126029504 provider=custom base_url=http://10.1.1.10:8080/v1 model=Qwen3.6-35B-A3B-Q4_K_M.gguf summary=HTTP 500: got exception: speculative batch index 4 is not inside the current sub-batch [0, 4)
2026-08-28 03:08:01,722 WARNING [cron_97842ab6d078_20260828_024925] agent.conversation_loop: Retrying API call in 2.81628770425909s (attempt 1/3) thread=ThreadPoolExecutor-793_0:133308126029504 provider=custom base_url=http://10.1.1.10:8080/v1 model=Qwen3.6-35B-A3B-Q4_K_M.gguf policy=default error=Error code: 500 - {'error': {'code': 500, 'message': 'got exception: speculative batch index 4 is not inside the current sub-batch [0, 4)', 'type': 'server_error'}}
2026-08-28 03:08:34,859 WARNING tools.web_tools: web_extract backend 'tavily' failed all 3 URL(s) ({"detail":{"error":"This request exceeds this API key's set usage limit. You can increase its limit on the Tavily dashboard."}}); one-shot keyless rescue
2026-08-28 03:08:35,234 WARNING [20260828_030048_30f0dc] agent.tool_executor: Tool web_extract returned error (0.83s): {
  "results": [
    {
      "url": "https://www.annualreviews.org/doi/10.1146/annurev-psych-010419-050844",
      "title": "",
      "content": "",
      "error": "{\"detail\":{\"error\":\"This reque
2026-08-28 03:08:47,464 WARNING tools.approval: Unknown approvals.mode 'auto' — defaulting to 'manual'. Valid values: manual, smart, off
2026-08-28 03:08:47,756 WARNING tools.web_tools: web_extract backend 'tavily' failed all 1 URL(s) ({"detail":{"error":"This request exceeds this API key's set usage limit. You can increase its limit on the Tavily dashboard."}}); one-shot keyless rescue
2026-08-28 03:08:47,861 WARNING tools.web_tools: web_extract backend 'tavily' failed all 2 URL(s) ({"detail":{"error":"This request exceeds this API key's set usage limit. You can increase its limit on the Tavily dashboard."}}); one-shot keyless rescue
2026-08-28 03:08:48,111 WARNING [cron_a5e01552e0f7_20260828_030027] agent.tool_executor: Tool web_extract returned error (0.64s): {
  "results": [
    {
      "url": "https://plato.stanford.edu/entries/cognitive-dissonance/",
      "title": "",
      "content": "",
      "error": "{\"detail\":{\"error\":\"This request exceeds th
2026-08-28 03:08:48,124 WARNING [cron_a5e01552e0f7_20260828_030027] agent.tool_executor: Tool web_extract returned error (0.53s): {
  "results": [
    {
      "url": "https://www.psychologytoday.com/us/basics/cognitive-dissonance",
      "title": "",
      "content": "",
      "error": "{\"detail\":{\"error\":\"This request exce
2026-08-28 03:08:59,896 WARNING [cron_a5e01552e0f7_20260828_030027] agent.conversation_loop: API call failed (attempt 1/3) error_type=RateLimitError thread=ThreadPoolExecutor-846_0:133308167993024 provider=nous base_url=https://inference-api.nousresearch.com/v1 model=meituan/longcat-2.0:free summary=HTTP 429: The requested model is temporarily at capacity upstream. This is not your API key's rate limit — please retry shortly.
2026-08-28 03:08:59,896 WARNING [cron_a5e01552e0f7_20260828_030027] agent.conversation_loop: Retrying API call in 2.0506602578062925s (attempt 1/3) thread=ThreadPoolExecutor-846_0:133308167993024 provider=nous base_url=https://inference-api.nousresearch.com/v1 model=meituan/longcat-2.0:free policy=default error=Error code: 429 - {'status': 429, 'message': "The requested model is temporarily at capacity upstream. This is not your API key's rate limit — please retry shortly."}
2026-08-28 03:09:12,217 WARNING tools.approval: Unknown approvals.mode 'auto' — defaulting to 'manual'. Valid values: manual, smart, off
2026-08-28 03:09:20,898 WARNING tools.approval: Unknown approvals.mode 'auto' — defaulting to 'manual'. Valid values: manual, smart, off
2026-08-28 03:09:31,862 WARNING tools.approval: Unknown approvals.mode 'auto' — defaulting to 'manual'. Valid values: manual, smart, off
2026-08-28 03:09:32,701 WARNING tools.approval: Unknown approvals.mode 'auto' — defaulting to 'manual'. Valid values: manual, smart, off
2026-08-28 03:09:40,389 WARNING tools.approval: Unknown approvals.mode 'auto' — defaulting to 'manual'. Valid values: manual, smart, off
2026-08-28 03:09:46,562 WARNING tools.approval: Unknown approvals.mode 'auto' — defaulting to 'manual'. Valid values: manual, smart, off
2026-08-28 03:09:46,571 WARNING [cron_a5e01552e0f7_20260828_030027] agent.tool_executor: Tool terminal returned error (0.01s): {"output": "", "exit_code": -1, "error": "BLOCKED: Command flagged as dangerous (script execution via -e/-c flag) but cron jobs run without a user present to approve it. Find an alternative approach t
2026-08-28 03:09:46,781 WARNING [cron_a5e01552e0f7_20260828_030027] agent.conversation_loop: API call failed (attempt 1/3) error_type=RateLimitError thread=ThreadPoolExecutor-846_0:133308167993024 provider=nous base_url=https://inference-api.nousresearch.com/v1 model=meituan/longcat-2.0:free summary=HTTP 429: Hold up for a bit, you've exceeded the rate limit on your API key.
2026-08-28 03:09:46,783 WARNING [cron_a5e01552e0f7_20260828_030027] agent.auxiliary_client: resolve_provider_client: named custom provider 'llamaCPP' has no resolvable api_key — request will be sent with placeholder no-key-required and will 401 on auth-required endpoints
2026-08-28 03:09:49,754 WARNING tools.approval: Unknown approvals.mode 'auto' — defaulting to 'manual'. Valid values: manual, smart, off
2026-08-28 03:09:50,451 WARNING [20260828_030048_30f0dc] agent.conversation_loop: API call failed (attempt 1/3) error_type=RateLimitError thread=ThreadPoolExecutor-849_0:133308184778432 provider=nous base_url=https://inference-api.nousresearch.com/v1 model=meituan/longcat-2.0:free summary=HTTP 429: Hold up for a bit, you've exceeded the rate limit on your API key.
2026-08-28 03:09:50,452 WARNING [20260828_030048_30f0dc] agent.auxiliary_client: resolve_provider_client: named custom provider 'llamaCPP' has no resolvable api_key — request will be sent with placeholder no-key-required and will 401 on auth-required endpoints
2026-08-28 03:10:11,774 WARNING agent.chat_completion_helpers: Inline non-streaming API call stale for 240s (threshold 240s). model=/models/Qwen3.6-35B-A3B-Q4_K_M.gguf context=~106,332 tokens. Killing connection.
2026-08-28 03:10:11,775 WARNING [20260828_024715_4353ba] agent.conversation_loop: API call failed (attempt 2/3) error_type=TimeoutError thread=ThreadPoolExecutor-778_0:133309046703808 provider=llamacpp base_url=http://10.1.1.10:8080/v1/ model=/models/Qwen3.6-35B-A3B-Q4_K_M.gguf summary=Non-streaming API call timed out after 240s with no response (threshold: 240s)
2026-08-28 03:10:11,776 WARNING [20260828_024715_4353ba] agent.conversation_loop: Retrying API call in 4.992430510805235s (attempt 2/3) thread=ThreadPoolExecutor-778_0:133309046703808 provider=llamacpp base_url=http://10.1.1.10:8080/v1/ model=/models/Qwen3.6-35B-A3B-Q4_K_M.gguf policy=default error=Non-streaming API call timed out after 240s with no response (threshold: 240s)
2026-08-28 03:10:43,084 WARNING agent.chat_completion_helpers: Inline non-streaming API call stale for 180s (threshold 180s). model=/models/Qwen3.6-35B-A3B-Q4_K_M.gguf context=~89,116 tokens. Killing connection.
2026-08-28 03:10:43,085 WARNING [cron_1983f8c1f638_20260828_024525] agent.conversation_loop: API call failed (attempt 1/3) error_type=TimeoutError thread=ThreadPoolExecutor-761_0:133308461606592 provider=custom base_url=http://10.1.1.10:8080/v1 model=/models/Qwen3.6-35B-A3B-Q4_K_M.gguf summary=Non-streaming API call timed out after 180s with no response (threshold: 180s)
2026-08-28 03:10:43,085 WARNING [cron_1983f8c1f638_20260828_024525] agent.conversation_loop: Retrying API call in 2.247981623135214s (attempt 1/3) thread=ThreadPoolExecutor-761_0:133308461606592 provider=custom base_url=http://10.1.1.10:8080/v1 model=/models/Qwen3.6-35B-A3B-Q4_K_M.gguf policy=default error=Non-streaming API call timed out after 180s with no response (threshold: 180s)
2026-08-28 03:11:04,730 WARNING agent.chat_completion_helpers: Inline non-streaming API call stale for 180s (threshold 180s). model=Qwen3.6-35B-A3B-Q4_K_M.gguf context=~42,249 tokens. Killing connection.
2026-08-28 03:11:04,734 WARNING [cron_97842ab6d078_20260828_024925] agent.conversation_loop: API call failed (attempt 2/3) error_type=TimeoutError thread=ThreadPoolExecutor-793_0:133308126029504 provider=custom base_url=http://10.1.1.10:8080/v1 model=Qwen3.6-35B-A3B-Q4_K_M.gguf summary=Non-streaming API call timed out after 180s with no response (threshold: 180s)
2026-08-28 03:11:04,735 WARNING [cron_97842ab6d078_20260828_024925] agent.auxiliary_client: resolve_provider_client: named custom provider 'llamaCPP' has no resolvable api_key — request will be sent with placeholder no-key-required and will 401 on auth-required endpoints
2026-08-28 03:12:46,813 WARNING agent.chat_completion_helpers: Inline non-streaming API call stale for 180s (threshold 180s). model=/models/Qwen3.6-35B-A3B-Q4_K_M.gguf context=~58,908 tokens. Killing connection.
2026-08-28 03:12:46,816 WARNING [cron_a5e01552e0f7_20260828_030027] agent.conversation_loop: API call failed (attempt 1/3) error_type=TimeoutError thread=ThreadPoolExecutor-846_0:133308167993024 provider=llamacpp base_url=http://10.1.1.10:8080/v1/ model=/models/Qwen3.6-35B-A3B-Q4_K_M.gguf summary=Non-streaming API call timed out after 180s with no response (threshold: 180s)
2026-08-28 03:12:46,816 WARNING [cron_a5e01552e0f7_20260828_030027] agent.conversation_loop: Retrying API call in 2.820005015274679s (attempt 1/3) thread=ThreadPoolExecutor-846_0:133308167993024 provider=llamacpp base_url=http://10.1.1.10:8080/v1/ model=/models/Qwen3.6-35B-A3B-Q4_K_M.gguf policy=default error=Non-streaming API call timed out after 180s with no response (threshold: 180s)
2026-08-28 03:12:50,471 WARNING agent.chat_completion_helpers: Inline non-streaming API call stale for 180s (threshold 180s). model=/models/Qwen3.6-35B-A3B-Q4_K_M.gguf context=~95,985 tokens. Killing connection.
2026-08-28 03:12:50,472 WARNING [20260828_030048_30f0dc] agent.conversation_loop: API call failed (attempt 1/3) error_type=TimeoutError thread=ThreadPoolExecutor-849_0:133308184778432 provider=llamacpp base_url=http://10.1.1.10:8080/v1/ model=/models/Qwen3.6-35B-A3B-Q4_K_M.gguf summary=Non-streaming API call timed out after 180s with no response (threshold: 180s)
2026-08-28 03:12:50,472 WARNING [20260828_030048_30f0dc] agent.conversation_loop: Retrying API call in 2.822477618850233s (attempt 1/3) thread=ThreadPoolExecutor-849_0:133308184778432 provider=llamacpp base_url=http://10.1.1.10:8080/v1/ model=/models/Qwen3.6-35B-A3B-Q4_K_M.gguf policy=default error=Non-streaming API call timed out after 180s with no response (threshold: 180s)
2026-08-28 03:13:45,521 WARNING agent.chat_completion_helpers: Inline non-streaming API call stale for 180s (threshold 180s). model=/models/Qwen3.6-35B-A3B-Q4_K_M.gguf context=~89,116 tokens. Killing connection.
2026-08-28 03:13:45,523 WARNING [cron_1983f8c1f638_20260828_024525] agent.conversation_loop: API call failed (attempt 2/3) error_type=TimeoutError thread=ThreadPoolExecutor-761_0:133308461606592 provider=custom base_url=http://10.1.1.10:8080/v1 model=/models/Qwen3.6-35B-A3B-Q4_K_M.gguf summary=Non-streaming API call timed out after 180s with no response (threshold: 180s)
2026-08-28 03:13:45,524 WARNING [cron_1983f8c1f638_20260828_024525] agent.auxiliary_client: resolve_provider_client: named custom provider 'llamaCPP' has no resolvable api_key — request will be sent with placeholder no-key-required and will 401 on auth-required endpoints
2026-08-28 03:14:04,768 WARNING agent.chat_completion_helpers: Inline non-streaming API call stale for 180s (threshold 180s). model=/models/Qwen3.6-35B-A3B-Q4_K_M.gguf context=~42,252 tokens. Killing connection.
2026-08-28 03:14:04,769 WARNING [cron_97842ab6d078_20260828_024925] agent.conversation_loop: API call failed (attempt 1/3) error_type=TimeoutError thread=ThreadPoolExecutor-793_0:133308126029504 provider=llamacpp base_url=http://10.1.1.10:8080/v1/ model=/models/Qwen3.6-35B-A3B-Q4_K_M.gguf summary=Non-streaming API call timed out after 180s with no response (threshold: 180s)
2026-08-28 03:14:04,769 WARNING [cron_97842ab6d078_20260828_024925] agent.conversation_loop: Retrying API call in 2.8674562107994754s (attempt 1/3) thread=ThreadPoolExecutor-793_0:133308126029504 provider=llamacpp base_url=http://10.1.1.10:8080/v1/ model=/models/Qwen3.6-35B-A3B-Q4_K_M.gguf policy=default error=Non-streaming API call timed out after 180s with no response (threshold: 180s)
2026-08-28 03:14:16,791 WARNING agent.chat_completion_helpers: Inline non-streaming API call stale for 240s (threshold 240s). model=/models/Qwen3.6-35B-A3B-Q4_K_M.gguf context=~106,332 tokens. Killing connection.
2026-08-28 03:14:16,792 WARNING [20260828_024715_4353ba] agent.conversation_loop: API call failed (attempt 3/3) error_type=TimeoutError thread=ThreadPoolExecutor-778_0:133309046703808 provider=llamacpp base_url=http://10.1.1.10:8080/v1/ model=/models/Qwen3.6-35B-A3B-Q4_K_M.gguf summary=Non-streaming API call timed out after 240s with no response (threshold: 240s)
2026-08-28 03:14:16,796 ERROR [20260828_024715_4353ba] agent.conversation_loop: [subagent-0] API call failed after 3 retries. Non-streaming API call timed out after 240s with no response (threshold: 240s) | provider=llamacpp model=/models/Qwen3.6-35B-A3B-Q4_K_M.gguf msgs=92 tokens=~94,810
2026-08-28 03:15:49,825 WARNING agent.chat_completion_helpers: Inline non-streaming API call stale for 180s (threshold 180s). model=/models/Qwen3.6-35B-A3B-Q4_K_M.gguf context=~58,908 tokens. Killing connection.
2026-08-28 03:15:49,826 WARNING [cron_a5e01552e0f7_20260828_030027] agent.conversation_loop: API call failed (attempt 2/3) error_type=TimeoutError thread=ThreadPoolExecutor-846_0:133308167993024 provider=llamacpp base_url=http://10.1.1.10:8080/v1/ model=/models/Qwen3.6-35B-A3B-Q4_K_M.gguf summary=Non-streaming API call timed out after 180s with no response (threshold: 180s)
2026-08-28 03:15:49,826 WARNING [cron_a5e01552e0f7_20260828_030027] agent.conversation_loop: Retrying API call in 5.705205395098556s (attempt 2/3) thread=ThreadPoolExecutor-846_0:133308167993024 provider=llamacpp base_url=http://10.1.1.10:8080/v1/ model=/models/Qwen3.6-35B-A3B-Q4_K_M.gguf policy=default error=Non-streaming API call timed out after 180s with no response (threshold: 180s)
2026-08-28 03:15:53,486 WARNING agent.chat_completion_helpers: Inline non-streaming API call stale for 180s (threshold 180s). model=/models/Qwen3.6-35B-A3B-Q4_K_M.gguf context=~95,985 tokens. Killing connection.
2026-08-28 03:15:53,489 WARNING [20260828_030048_30f0dc] agent.conversation_loop: API call failed (attempt 2/3) error_type=TimeoutError thread=ThreadPoolExecutor-849_0:133308184778432 provider=llamacpp base_url=http://10.1.1.10:8080/v1/ model=/models/Qwen3.6-35B-A3B-Q4_K_M.gguf summary=Non-streaming API call timed out after 180s with no response (threshold: 180s)
2026-08-28 03:15:53,489 WARNING [20260828_030048_30f0dc] agent.conversation_loop: Retrying API call in 5.220754375483514s (attempt 2/3) thread=ThreadPoolExecutor-849_0:133308184778432 provider=llamacpp base_url=http://10.1.1.10:8080/v1/ model=/models/Qwen3.6-35B-A3B-Q4_K_M.gguf policy=default error=Non-streaming API call timed out after 180s with no response (threshold: 180s)
2026-08-28 03:16:45,575 WARNING agent.chat_completion_helpers: Inline non-streaming API call stale for 180s (threshold 180s). model=/models/Qwen3.6-35B-A3B-Q4_K_M.gguf context=~89,116 tokens. Killing connection.
2026-08-28 03:16:45,577 WARNING [cron_1983f8c1f638_20260828_024525] agent.conversation_loop: API call failed (attempt 1/3) error_type=TimeoutError thread=ThreadPoolExecutor-761_0:133308461606592 provider=llamacpp base_url=http://10.1.1.10:8080/v1/ model=/models/Qwen3.6-35B-A3B-Q4_K_M.gguf summary=Non-streaming API call timed out after 180s with no response (threshold: 180s)
2026-08-28 03:16:45,577 WARNING [cron_1983f8c1f638_20260828_024525] agent.conversation_loop: Retrying API call in 2.0469907031608434s (attempt 1/3) thread=ThreadPoolExecutor-761_0:133308461606592 provider=llamacpp base_url=http://10.1.1.10:8080/v1/ model=/models/Qwen3.6-35B-A3B-Q4_K_M.gguf policy=default error=Non-streaming API call timed out after 180s with no response (threshold: 180s)
2026-08-28 03:17:07,783 WARNING agent.chat_completion_helpers: Inline non-streaming API call stale for 180s (threshold 180s). model=/models/Qwen3.6-35B-A3B-Q4_K_M.gguf context=~42,252 tokens. Killing connection.
2026-08-28 03:17:07,791 WARNING [cron_97842ab6d078_20260828_024925] agent.conversation_loop: API call failed (attempt 2/3) error_type=TimeoutError thread=ThreadPoolExecutor-793_0:133308126029504 provider=llamacpp base_url=http://10.1.1.10:8080/v1/ model=/models/Qwen3.6-35B-A3B-Q4_K_M.gguf summary=Non-streaming API call timed out after 180s with no response (threshold: 180s)
2026-08-28 03:17:07,792 WARNING [cron_97842ab6d078_20260828_024925] agent.conversation_loop: Retrying API call in 5.664392952846741s (attempt 2/3) thread=ThreadPoolExecutor-793_0:133308126029504 provider=llamacpp base_url=http://10.1.1.10:8080/v1/ model=/models/Qwen3.6-35B-A3B-Q4_K_M.gguf policy=default error=Non-streaming API call timed out after 180s with no response (threshold: 180s)
2026-08-28 03:18:55,641 WARNING agent.chat_completion_helpers: Inline non-streaming API call stale for 180s (threshold 180s). model=/models/Qwen3.6-35B-A3B-Q4_K_M.gguf context=~58,908 tokens. Killing connection.
2026-08-28 03:18:55,643 WARNING [cron_a5e01552e0f7_20260828_030027] agent.conversation_loop: API call failed (attempt 3/3) error_type=TimeoutError thread=ThreadPoolExecutor-846_0:133308167993024 provider=llamacpp base_url=http://10.1.1.10:8080/v1/ model=/models/Qwen3.6-35B-A3B-Q4_K_M.gguf summary=Non-streaming API call timed out after 180s with no response (threshold: 180s)
2026-08-28 03:18:55,645 ERROR [cron_a5e01552e0f7_20260828_030027] agent.conversation_loop: API call failed after 3 retries. Non-streaming API call timed out after 180s with no response (threshold: 180s) | provider=llamacpp model=/models/Qwen3.6-35B-A3B-Q4_K_M.gguf msgs=35 tokens=~44,405
2026-08-28 03:18:55,776 ERROR cron.scheduler: Job 'Frontier Research Lane A (30min, deep, :00 offset)' failed: RuntimeError: Non-streaming API call timed out after 180s with no response (threshold: 180s)
Traceback (most recent call last):
  File "/home/josh434/.hermes/hermes-agent/cron/scheduler.py", line 6264, in run_job
    raise RuntimeError(_err_text)
RuntimeError: Non-streaming API call timed out after 180s with no response (threshold: 180s)
2026-08-28 03:18:56,011 WARNING [20260828_030048_30f0dc] agent.conversation_loop: API call failed (attempt 3/3) error_type=APIConnectionError thread=ThreadPoolExecutor-849_0:133308184778432 provider=llamacpp base_url=http://10.1.1.10:8080/v1/ model=/models/Qwen3.6-35B-A3B-Q4_K_M.gguf summary=Connection error.
2026-08-28 03:18:56,014 ERROR [20260828_030048_30f0dc] agent.conversation_loop: [subagent-0] API call failed after 3 retries. Connection error. | provider=llamacpp model=/models/Qwen3.6-35B-A3B-Q4_K_M.gguf msgs=115 tokens=~84,939
2026-08-28 03:19:47,790 WARNING agent.chat_completion_helpers: Inline non-streaming API call stale for 180s (threshold 180s). model=/models/Qwen3.6-35B-A3B-Q4_K_M.gguf context=~89,116 tokens. Killing connection.
2026-08-28 03:19:47,792 WARNING [cron_1983f8c1f638_20260828_024525] agent.conversation_loop: API call failed (attempt 2/3) error_type=TimeoutError thread=ThreadPoolExecutor-761_0:133308461606592 provider=llamacpp base_url=http://10.1.1.10:8080/v1/ model=/models/Qwen3.6-35B-A3B-Q4_K_M.gguf summary=Non-streaming API call timed out after 180s with no response (threshold: 180s)
2026-08-28 03:19:47,792 WARNING [cron_1983f8c1f638_20260828_024525] agent.conversation_loop: Retrying API call in 5.016085404312749s (attempt 2/3) thread=ThreadPoolExecutor-761_0:133308461606592 provider=llamacpp base_url=http://10.1.1.10:8080/v1/ model=/models/Qwen3.6-35B-A3B-Q4_K_M.gguf policy=default error=Non-streaming API call timed out after 180s with no response (threshold: 180s)
2026-08-28 03:20:13,601 WARNING agent.chat_completion_helpers: Inline non-streaming API call stale for 180s (threshold 180s). model=/models/Qwen3.6-35B-A3B-Q4_K_M.gguf context=~42,252 tokens. Killing connection.
2026-08-28 03:20:13,602 WARNING [cron_97842ab6d078_20260828_024925] agent.conversation_loop: API call failed (attempt 3/3) error_type=TimeoutError thread=ThreadPoolExecutor-793_0:133308126029504 provider=llamacpp base_url=http://10.1.1.10:8080/v1/ model=/models/Qwen3.6-35B-A3B-Q4_K_M.gguf summary=Non-streaming API call timed out after 180s with no response (threshold: 180s)
2026-08-28 03:20:13,606 ERROR [cron_97842ab6d078_20260828_024925] agent.conversation_loop: API call failed after 3 retries. Non-streaming API call timed out after 180s with no response (threshold: 180s) | provider=llamacpp model=/models/Qwen3.6-35B-A3B-Q4_K_M.gguf msgs=49 tokens=~27,501
2026-08-28 03:20:13,748 ERROR cron.scheduler: Job 'Personal Ops Intention Check' failed: RuntimeError: Non-streaming API call timed out after 180s with no response (threshold: 180s)
Traceback (most recent call last):
  File "/home/josh434/.hermes/hermes-agent/cron/scheduler.py", line 6264, in run_job
    raise RuntimeError(_err_text)
RuntimeError: Non-streaming API call timed out after 180s with no response (threshold: 180s)
2026-08-28 03:22:53,002 WARNING agent.chat_completion_helpers: Inline non-streaming API call stale for 180s (threshold 180s). model=/models/Qwen3.6-35B-A3B-Q4_K_M.gguf context=~89,116 tokens. Killing connection.
2026-08-28 03:22:53,004 WARNING [cron_1983f8c1f638_20260828_024525] agent.conversation_loop: API call failed (attempt 3/3) error_type=TimeoutError thread=ThreadPoolExecutor-761_0:133308461606592 provider=llamacpp base_url=http://10.1.1.10:8080/v1/ model=/models/Qwen3.6-35B-A3B-Q4_K_M.gguf summary=Non-streaming API call timed out after 180s with no response (threshold: 180s)
2026-08-28 03:22:53,007 ERROR [cron_1983f8c1f638_20260828_024525] agent.conversation_loop: API call failed after 3 retries. Non-streaming API call timed out after 180s with no response (threshold: 180s) | provider=llamacpp model=/models/Qwen3.6-35B-A3B-Q4_K_M.gguf msgs=54 tokens=~74,714
2026-08-28 03:22:53,162 ERROR cron.scheduler: Job 'Oracle Knowledge Expansion (batch 0)' failed: RuntimeError: Non-streaming API call timed out after 180s with no response (threshold: 180s)
Traceback (most recent call last):
  File "/home/josh434/.hermes/hermes-agent/cron/scheduler.py", line 6264, in run_job
    raise RuntimeError(_err_text)
RuntimeError: Non-streaming API call timed out after 180s with no response (threshold: 180s)
2026-08-28 04:00:37,769 WARNING tools.approval: Unknown approvals.mode 'auto' — defaulting to 'manual'. Valid values: manual, smart, off
2026-08-28 04:01:29,589 WARNING tools.approval: Unknown approvals.mode 'auto' — defaulting to 'manual'. Valid values: manual, smart, off
2026-08-28 04:01:29,593 WARNING [20260828_040051_fe1d36] agent.tool_executor: Tool execute_code returned error (0.01s): {"status": "error", "error": "BLOCKED: execute_code runs arbitrary local Python (including subprocess calls that bypass shell-string approval checks). Cron jobs run without a user present to approve i
2026-08-28 04:01:53,749 WARNING tools.web_tools: web_extract backend 'tavily' failed all 3 URL(s) ({"detail":{"error":"This request exceeds this API key's set usage limit. You can increase its limit on the Tavily dashboard."}}); one-shot keyless rescue
2026-08-28 04:01:56,508 WARNING [20260828_040051_fe1d36] agent.tool_executor: Tool web_extract returned error (0.52s): {
  "results": [
    {
      "url": "https://en.wikipedia.org/wiki/Cognitive_dissonance",
      "title": "",
      "content": "",
      "error": "{\"detail\":{\"error\":\"This request exceeds this API
2026-08-28 04:01:58,261 WARNING [20260828_040051_fe1d36] agent.conversation_loop: API call failed (attempt 1/3) error_type=RateLimitError thread=ThreadPoolExecutor-919_0:133308184778432 provider=nous base_url=https://inference-api.nousresearch.com/v1 model=meituan/longcat-2.0:free summary=HTTP 429: The requested model is temporarily at capacity upstream. This is not your API key's rate limit — please retry shortly.
2026-08-28 04:01:58,261 WARNING [20260828_040051_fe1d36] agent.conversation_loop: Retrying API call in 2.7381469120150097s (attempt 1/3) thread=ThreadPoolExecutor-919_0:133308184778432 provider=nous base_url=https://inference-api.nousresearch.com/v1 model=meituan/longcat-2.0:free policy=default error=Error code: 429 - {'status': 429, 'message': "The requested model is temporarily at capacity upstream. This is not your API key's rate limit — please retry shortly."}
2026-08-28 04:03:02,268 WARNING tools.web_tools: web_extract backend 'tavily' failed all 2 URL(s) ({"detail":{"error":"This request exceeds this API key's set usage limit. You can increase its limit on the Tavily dashboard."}}); one-shot keyless rescue
2026-08-28 04:03:02,346 WARNING tools.web_tools: web_extract backend 'tavily' failed all 3 URL(s) ({"detail":{"error":"This request exceeds this API key's set usage limit. You can increase its limit on the Tavily dashboard."}}); one-shot keyless rescue
2026-08-28 04:03:02,584 WARNING [20260828_040051_fe1d36] agent.tool_executor: Tool web_extract returned error (0.62s): {
  "results": [
    {
      "url": "https://www.simplypsychology.org/cognitive-dissonance.html",
      "title": "",
      "content": "",
      "error": "{\"detail\":{\"error\":\"This request exceeds 
2026-08-28 04:03:02,591 WARNING [20260828_040051_fe1d36] agent.tool_executor: Tool web_extract returned error (0.54s): {
  "results": [
    {
      "url": "https://en.wikipedia.org/wiki/Self-perception_theory",
      "title": "",
      "content": "",
      "error": "{\"detail\":{\"error\":\"This request exceeds this A
2026-08-28 04:03:31,107 WARNING agent.chat_completion_helpers: Inline non-streaming API call stale for 180s (threshold 180s). model=Qwen3.6-35B-A3B-Q4_K_M.gguf context=~28,408 tokens. Killing connection.
2026-08-28 04:03:31,109 WARNING [cron_1752062c0ea4_20260828_040030] agent.conversation_loop: API call failed (attempt 1/3) error_type=TimeoutError thread=ThreadPoolExecutor-913_0:133309046703808 provider=custom base_url=http://10.1.1.10:8080/v1 model=Qwen3.6-35B-A3B-Q4_K_M.gguf summary=Non-streaming API call timed out after 180s with no response (threshold: 180s)
2026-08-28 04:03:31,110 WARNING [cron_1752062c0ea4_20260828_040030] agent.conversation_loop: Retrying API call in 2.2242730472518923s (attempt 1/3) thread=ThreadPoolExecutor-913_0:133309046703808 provider=custom base_url=http://10.1.1.10:8080/v1 model=Qwen3.6-35B-A3B-Q4_K_M.gguf policy=default error=Non-streaming API call timed out after 180s with no response (threshold: 180s)
2026-08-28 04:03:31,143 WARNING agent.chat_completion_helpers: Inline non-streaming API call stale for 180s (threshold 180s). model=Qwen3.6-35B-A3B-Q4_K_M.gguf context=~28,424 tokens. Killing connection.
2026-08-28 04:03:31,150 WARNING [cron_e3f5222b463f_20260828_040030] agent.conversation_loop: API call failed (attempt 1/3) error_type=TimeoutError thread=ThreadPoolExecutor-914_0:133309035165376 provider=custom base_url=http://10.1.1.10:8080/v1 model=Qwen3.6-35B-A3B-Q4_K_M.gguf summary=Non-streaming API call timed out after 180s with no response (threshold: 180s)
2026-08-28 04:03:31,150 WARNING [cron_e3f5222b463f_20260828_040030] agent.conversation_loop: Retrying API call in 2.948472003607248s (attempt 1/3) thread=ThreadPoolExecutor-914_0:133309035165376 provider=custom base_url=http://10.1.1.10:8080/v1 model=Qwen3.6-35B-A3B-Q4_K_M.gguf policy=default error=Non-streaming API call timed out after 180s with no response (threshold: 180s)
2026-08-28 04:03:36,636 WARNING tools.approval: Unknown approvals.mode 'auto' — defaulting to 'manual'. Valid values: manual, smart, off
2026-08-28 04:03:48,744 WARNING tools.approval: Unknown approvals.mode 'auto' — defaulting to 'manual'. Valid values: manual, smart, off
2026-08-28 04:03:48,746 WARNING [20260828_040051_fe1d36] agent.tool_executor: Tool terminal returned error (0.00s): {"output": "", "exit_code": -1, "error": "BLOCKED: Command flagged as dangerous (script execution via -e/-c flag) but cron jobs run without a user present to approve it. Find an alternative approach t
2026-08-28 04:04:24,396 WARNING tools.web_tools: web_extract backend 'tavily' failed all 2 URL(s) ({"detail":{"error":"This request exceeds this API key's set usage limit. You can increase its limit on the Tavily dashboard."}}); one-shot keyless rescue
2026-08-28 04:04:27,083 WARNING [20260828_040051_fe1d36] agent.tool_executor: Tool web_extract returned error (0.59s): {
  "results": [
    {
      "url": "https://positivepsychology.com/cognitive-dissonance-theory/",
      "title": "",
      "content": "",
      "error": "{\"detail\":{\"error\":\"This request exceeds
2026-08-28 04:05:58,312 WARNING tools.approval: Unknown approvals.mode 'auto' — defaulting to 'manual'. Valid values: manual, smart, off
2026-08-28 04:05:58,590 WARNING [20260828_040051_fe1d36] agent.tool_executor: Tool terminal returned error (0.30s): {"output": "Traceback (most recent call last):\n  File \"/tmp/cd_search.py\", line 6, in <module>\n    from browser_use import Agent, BrowserSession\nModuleNotFoundError: No module named 'browser_use'
2026-08-28 04:06:12,236 WARNING tools.approval: Unknown approvals.mode 'auto' — defaulting to 'manual'. Valid values: manual, smart, off
2026-08-28 04:06:12,261 WARNING [20260828_040051_fe1d36] agent.tool_executor: Tool terminal returned error (0.03s): {"output": "", "exit_code": -1, "error": "BLOCKED: Command flagged as dangerous (script execution via -e/-c flag) but cron jobs run without a user present to approve it. Find an alternative approach t
2026-08-28 04:06:23,493 WARNING tools.approval: Unknown approvals.mode 'auto' — defaulting to 'manual'. Valid values: manual, smart, off
2026-08-28 04:06:52,796 WARNING tools.approval: Unknown approvals.mode 'auto' — defaulting to 'manual'. Valid values: manual, smart, off
2026-08-28 04:07:03,611 WARNING tools.approval: Unknown approvals.mode 'auto' — defaulting to 'manual'. Valid values: manual, smart, off
2026-08-28 04:07:07,186 WARNING agent.chat_completion_helpers: Inline non-streaming API call stale for 180s (threshold 180s). model=Qwen3.6-35B-A3B-Q4_K_M.gguf context=~29,459 tokens. Killing connection.
2026-08-28 04:07:07,188 WARNING [cron_1752062c0ea4_20260828_040030] agent.conversation_loop: API call failed (attempt 1/3) error_type=TimeoutError thread=ThreadPoolExecutor-913_0:133309046703808 provider=custom base_url=http://10.1.1.10:8080/v1 model=Qwen3.6-35B-A3B-Q4_K_M.gguf summary=Non-streaming API call timed out after 180s with no response (threshold: 180s)
2026-08-28 04:07:07,188 WARNING [cron_1752062c0ea4_20260828_040030] agent.conversation_loop: Retrying API call in 2.8501294922872233s (attempt 1/3) thread=ThreadPoolExecutor-913_0:133309046703808 provider=custom base_url=http://10.1.1.10:8080/v1 model=Qwen3.6-35B-A3B-Q4_K_M.gguf policy=default error=Non-streaming API call timed out after 180s with no response (threshold: 180s)
2026-08-28 04:07:13,338 WARNING tools.approval: Unknown approvals.mode 'auto' — defaulting to 'manual'. Valid values: manual, smart, off
2026-08-28 04:07:45,555 WARNING agent.chat_completion_helpers: Inline non-streaming API call stale for 180s (threshold 180s). model=Qwen3.6-35B-A3B-Q4_K_M.gguf context=~31,182 tokens. Killing connection.
2026-08-28 04:07:45,558 WARNING [cron_e3f5222b463f_20260828_040030] agent.conversation_loop: API call failed (attempt 1/3) error_type=TimeoutError thread=ThreadPoolExecutor-914_0:133309035165376 provider=custom base_url=http://10.1.1.10:8080/v1 model=Qwen3.6-35B-A3B-Q4_K_M.gguf summary=Non-streaming API call timed out after 180s with no response (threshold: 180s)
2026-08-28 04:07:45,559 WARNING [cron_e3f5222b463f_20260828_040030] agent.conversation_loop: Retrying API call in 2.6747127931481156s (attempt 1/3) thread=ThreadPoolExecutor-914_0:133309035165376 provider=custom base_url=http://10.1.1.10:8080/v1 model=Qwen3.6-35B-A3B-Q4_K_M.gguf policy=default error=Non-streaming API call timed out after 180s with no response (threshold: 180s)
2026-08-28 04:07:51,896 WARNING [cron_a5e01552e0f7_20260828_040031] agent.tool_executor: sequential tool delegate_task timed out after 420.0s
2026-08-28 04:07:51,896 WARNING [cron_a5e01552e0f7_20260828_040031] agent.tool_executor: Tool delegate_task returned error (420.00s): Error executing tool 'delegate_task': timed out after 420.0s
2026-08-28 04:08:02,187 WARNING tools.web_tools: web_extract backend 'tavily' failed all 5 URL(s) ({"detail":{"error":"This request exceeds this API key's set usage limit. You can increase its limit on the Tavily dashboard."}}); one-shot keyless rescue
2026-08-28 04:08:04,836 WARNING [20260828_040051_fe1d36] agent.tool_executor: Tool web_extract returned error (0.62s): {
  "results": [
    {
      "url": "https://en.wikipedia.org/wiki/Cognitive_dissonance",
      "title": "",
      "content": "",
      "error": "{\"detail\":{\"error\":\"This request exceeds this API
2026-08-28 04:08:18,695 WARNING tools.approval: Unknown approvals.mode 'auto' — defaulting to 'manual'. Valid values: manual, smart, off
2026-08-28 04:08:31,949 WARNING tools.approval: Unknown approvals.mode 'auto' — defaulting to 'manual'. Valid values: manual, smart, off
2026-08-28 04:08:39,745 WARNING tools.web_tools: web_extract backend 'tavily' failed all 3 URL(s) ({"detail":{"error":"This request exceeds this API key's set usage limit. You can increase its limit on the Tavily dashboard."}}); one-shot keyless rescue
2026-08-28 04:08:41,886 WARNING tools.approval: Unknown approvals.mode 'auto' — defaulting to 'manual'. Valid values: manual, smart, off
2026-08-28 04:08:42,419 WARNING [20260828_040808_049811] agent.tool_executor: Tool web_extract returned error (0.61s): {
  "results": [
    {
      "url": "https://en.wikipedia.org/wiki/Cognitive_dissonance",
      "title": "",
      "content": "",
      "error": "{\"detail\":{\"error\":\"This request exceeds this API
2026-08-28 04:09:20,403 WARNING tools.approval: Unknown approvals.mode 'auto' — defaulting to 'manual'. Valid values: manual, smart, off
2026-08-28 04:09:20,408 WARNING [20260828_040808_049811] agent.tool_executor: Tool execute_code returned error (0.01s): {"status": "error", "error": "BLOCKED: execute_code runs arbitrary local Python (including subprocess calls that bypass shell-string approval checks). Cron jobs run without a user present to approve i
2026-08-28 04:09:27,230 WARNING tools.approval: Unknown approvals.mode 'auto' — defaulting to 'manual'. Valid values: manual, smart, off
2026-08-28 04:09:32,030 WARNING tools.approval: Unknown approvals.mode 'auto' — defaulting to 'manual'. Valid values: manual, smart, off
2026-08-28 04:09:32,124 WARNING [20260828_040808_049811] agent.tool_executor: Tool terminal returned error (0.10s): {"output": "", "exit_code": -1, "error": "BLOCKED: Security scan — [MEDIUM] Schemeless URL in sink context: URL without explicit scheme passed to a command that downloads/executes content; [HIGH] Pipe
2026-08-28 04:09:38,503 WARNING tools.approval: Unknown approvals.mode 'auto' — defaulting to 'manual'. Valid values: manual, smart, off
2026-08-28 04:09:48,884 WARNING tools.approval: Unknown approvals.mode 'auto' — defaulting to 'manual'. Valid values: manual, smart, off
2026-08-28 04:10:00,441 WARNING tools.approval: Unknown approvals.mode 'auto' — defaulting to 'manual'. Valid values: manual, smart, off
2026-08-28 04:10:09,243 WARNING tools.approval: Unknown approvals.mode 'auto' — defaulting to 'manual'. Valid values: manual, smart, off
2026-08-28 04:10:10,197 WARNING agent.chat_completion_helpers: Inline non-streaming API call stale for 180s (threshold 180s). model=Qwen3.6-35B-A3B-Q4_K_M.gguf context=~29,459 tokens. Killing connection.
2026-08-28 04:10:10,201 WARNING [cron_1752062c0ea4_20260828_040030] agent.conversation_loop: API call failed (attempt 2/3) error_type=TimeoutError thread=ThreadPoolExecutor-913_0:133309046703808 provider=custom base_url=http://10.1.1.10:8080/v1 model=Qwen3.6-35B-A3B-Q4_K_M.gguf summary=Non-streaming API call timed out after 180s with no response (threshold: 180s)
2026-08-28 04:10:10,202 WARNING [cron_1752062c0ea4_20260828_040030] agent.auxiliary_client: resolve_provider_client: named custom provider 'llamaCPP' has no resolvable api_key — request will be sent with placeholder no-key-required and will 401 on auth-required endpoints
2026-08-28 04:10:35,051 WARNING tools.approval: Unknown approvals.mode 'auto' — defaulting to 'manual'. Valid values: manual, smart, off
2026-08-28 04:10:48,377 WARNING agent.chat_completion_helpers: Inline non-streaming API call stale for 180s (threshold 180s). model=Qwen3.6-35B-A3B-Q4_K_M.gguf context=~31,182 tokens. Killing connection.
2026-08-28 04:10:48,389 WARNING [cron_e3f5222b463f_20260828_040030] agent.conversation_loop: API call failed (attempt 2/3) error_type=TimeoutError thread=ThreadPoolExecutor-914_0:133309035165376 provider=custom base_url=http://10.1.1.10:8080/v1 model=Qwen3.6-35B-A3B-Q4_K_M.gguf summary=Non-streaming API call timed out after 180s with no response (threshold: 180s)
2026-08-28 04:10:48,392 WARNING [cron_e3f5222b463f_20260828_040030] agent.auxiliary_client: resolve_provider_client: named custom provider 'llamaCPP' has no resolvable api_key — request will be sent with placeholder no-key-required and will 401 on auth-required endpoints
2026-08-28 04:10:49,100 WARNING tools.approval: Unknown approvals.mode 'auto' — defaulting to 'manual'. Valid values: manual, smart, off
2026-08-28 04:10:58,756 WARNING [20260828_040051_fe1d36] agent.conversation_loop: API call failed (attempt 1/3) error_type=RateLimitError thread=ThreadPoolExecutor-919_0:133308184778432 provider=nous base_url=https://inference-api.nousresearch.com/v1 model=meituan/longcat-2.0:free summary=HTTP 429: The requested model is temporarily at capacity upstream. This is not your API key's rate limit — please retry shortly.
2026-08-28 04:10:58,756 WARNING [20260828_040051_fe1d36] agent.conversation_loop: Retrying API call in 2.5329737013274043s (attempt 1/3) thread=ThreadPoolExecutor-919_0:133308184778432 provider=nous base_url=https://inference-api.nousresearch.com/v1 model=meituan/longcat-2.0:free policy=default error=Error code: 429 - {'status': 429, 'message': "The requested model is temporarily at capacity upstream. This is not your API key's rate limit — please retry shortly."}
2026-08-28 04:11:15,453 WARNING tools.approval: Unknown approvals.mode 'auto' — defaulting to 'manual'. Valid values: manual, smart, off
2026-08-28 04:11:18,433 WARNING [20260828_040051_fe1d36] agent.conversation_loop: API call failed (attempt 1/3) error_type=RateLimitError thread=ThreadPoolExecutor-919_0:133308184778432 provider=nous base_url=https://inference-api.nousresearch.com/v1 model=meituan/longcat-2.0:free summary=HTTP 429: Hold up for a bit, you've exceeded the rate limit on your API key.
2026-08-28 04:11:18,434 WARNING [20260828_040051_fe1d36] agent.auxiliary_client: resolve_provider_client: named custom provider 'llamaCPP' has no resolvable api_key — request will be sent with placeholder no-key-required and will 401 on auth-required endpoints
2026-08-28 04:11:31,296 WARNING tools.approval: Unknown approvals.mode 'auto' — defaulting to 'manual'. Valid values: manual, smart, off
2026-08-28 04:13:10,237 WARNING agent.chat_completion_helpers: Inline non-streaming API call stale for 180s (threshold 180s). model=/models/Qwen3.6-35B-A3B-Q4_K_M.gguf context=~29,461 tokens. Killing connection.
2026-08-28 04:13:10,240 WARNING [cron_1752062c0ea4_20260828_040030] agent.conversation_loop: API call failed (attempt 1/3) error_type=TimeoutError thread=ThreadPoolExecutor-913_0:133309046703808 provider=llamacpp base_url=http://10.1.1.10:8080/v1/ model=/models/Qwen3.6-35B-A3B-Q4_K_M.gguf summary=Non-streaming API call timed out after 180s with no response (threshold: 180s)
2026-08-28 04:13:10,240 WARNING [cron_1752062c0ea4_20260828_040030] agent.conversation_loop: Retrying API call in 2.7883029132120027s (attempt 1/3) thread=ThreadPoolExecutor-913_0:133309046703808 provider=llamacpp base_url=http://10.1.1.10:8080/v1/ model=/models/Qwen3.6-35B-A3B-Q4_K_M.gguf policy=default error=Non-streaming API call timed out after 180s with no response (threshold: 180s)
2026-08-28 04:13:48,421 WARNING agent.chat_completion_helpers: Inline non-streaming API call stale for 180s (threshold 180s). model=/models/Qwen3.6-35B-A3B-Q4_K_M.gguf context=~31,184 tokens. Killing connection.
2026-08-28 04:13:48,432 WARNING [cron_e3f5222b463f_20260828_040030] agent.conversation_loop: API call failed (attempt 1/3) error_type=TimeoutError thread=ThreadPoolExecutor-914_0:133309035165376 provider=llamacpp base_url=http://10.1.1.10:8080/v1/ model=/models/Qwen3.6-35B-A3B-Q4_K_M.gguf summary=Non-streaming API call timed out after 180s with no response (threshold: 180s)
2026-08-28 04:13:48,433 WARNING [cron_e3f5222b463f_20260828_040030] agent.conversation_loop: Retrying API call in 2.989755563628221s (attempt 1/3) thread=ThreadPoolExecutor-914_0:133309035165376 provider=llamacpp base_url=http://10.1.1.10:8080/v1/ model=/models/Qwen3.6-35B-A3B-Q4_K_M.gguf policy=default error=Non-streaming API call timed out after 180s with no response (threshold: 180s)
2026-08-28 04:14:27,732 WARNING tools.approval: Unknown approvals.mode 'auto' — defaulting to 'manual'. Valid values: manual, smart, off
2026-08-28 04:15:13,655 WARNING tools.web_tools: web_extract backend 'tavily' failed all 1 URL(s) ({"detail":{"error":"This request exceeds this API key's set usage limit. You can increase its limit on the Tavily dashboard."}}); one-shot keyless rescue
2026-08-28 04:15:13,712 WARNING tools.web_tools: web_extract backend 'tavily' failed all 3 URL(s) ({"detail":{"error":"This request exceeds this API key's set usage limit. You can increase its limit on the Tavily dashboard."}}); one-shot keyless rescue
2026-08-28 04:15:14,452 WARNING [cron_a5e01552e0f7_20260828_040031] agent.tool_executor: Tool web_extract returned error (0.74s): {
  "results": [
    {
      "url": "https://en.wikipedia.org/wiki/Cognitive_dissonance",
      "title": "",
      "content": "",
      "error": "{\"detail\":{\"error\":\"This request exceeds this API
2026-08-28 04:15:14,458 WARNING [cron_a5e01552e0f7_20260828_040031] agent.tool_executor: Tool web_extract returned error (1.21s): {
  "results": [
    {
      "url": "https://plato.stanford.edu/entries/cognitive-dissonance/",
      "title": "",
      "content": "",
      "error": "{\"detail\":{\"error\":\"This request exceeds th
2026-08-28 04:15:18,463 WARNING agent.chat_completion_helpers: Inline non-streaming API call stale for 240s (threshold 240s). model=/models/Qwen3.6-35B-A3B-Q4_K_M.gguf context=~114,828 tokens. Killing connection.
2026-08-28 04:15:18,473 WARNING [20260828_040051_fe1d36] agent.conversation_loop: API call failed (attempt 1/3) error_type=TimeoutError thread=ThreadPoolExecutor-919_0:133308184778432 provider=llamacpp base_url=http://10.1.1.10:8080/v1/ model=/models/Qwen3.6-35B-A3B-Q4_K_M.gguf summary=Non-streaming API call timed out after 240s with no response (threshold: 240s)
2026-08-28 04:15:18,473 WARNING [20260828_040051_fe1d36] agent.conversation_loop: Retrying API call in 2.7631568714655708s (attempt 1/3) thread=ThreadPoolExecutor-919_0:133308184778432 provider=llamacpp base_url=http://10.1.1.10:8080/v1/ model=/models/Qwen3.6-35B-A3B-Q4_K_M.gguf policy=default error=Non-streaming API call timed out after 240s with no response (threshold: 240s)
2026-08-28 04:15:22,365 WARNING [cron_a5e01552e0f7_20260828_040031] agent.conversation_loop: API call failed (attempt 1/3) error_type=RateLimitError thread=ThreadPoolExecutor-916_0:133308428035776 provider=nous base_url=https://inference-api.nousresearch.com/v1 model=meituan/longcat-2.0:free summary=HTTP 429: Hold up for a bit, you've exceeded the rate limit on your API key.
2026-08-28 04:15:22,367 WARNING [cron_a5e01552e0f7_20260828_040031] agent.auxiliary_client: resolve_provider_client: named custom provider 'llamaCPP' has no resolvable api_key — request will be sent with placeholder no-key-required and will 401 on auth-required endpoints
2026-08-28 04:16:13,051 WARNING agent.chat_completion_helpers: Inline non-streaming API call stale for 180s (threshold 180s). model=/models/Qwen3.6-35B-A3B-Q4_K_M.gguf context=~29,461 tokens. Killing connection.
2026-08-28 04:16:13,054 WARNING [cron_1752062c0ea4_20260828_040030] agent.conversation_loop: API call failed (attempt 2/3) error_type=TimeoutError thread=ThreadPoolExecutor-913_0:133309046703808 provider=llamacpp base_url=http://10.1.1.10:8080/v1/ model=/models/Qwen3.6-35B-A3B-Q4_K_M.gguf summary=Non-streaming API call timed out after 180s with no response (threshold: 180s)
2026-08-28 04:16:13,054 WARNING [cron_1752062c0ea4_20260828_040030] agent.conversation_loop: Retrying API call in 5.9927983275714976s (attempt 2/3) thread=ThreadPoolExecutor-913_0:133309046703808 provider=llamacpp base_url=http://10.1.1.10:8080/v1/ model=/models/Qwen3.6-35B-A3B-Q4_K_M.gguf policy=default error=Non-streaming API call timed out after 180s with no response (threshold: 180s)
2026-08-28 04:16:51,446 WARNING agent.chat_completion_helpers: Inline non-streaming API call stale for 180s (threshold 180s). model=/models/Qwen3.6-35B-A3B-Q4_K_M.gguf context=~31,184 tokens. Killing connection.
2026-08-28 04:16:51,459 WARNING [cron_e3f5222b463f_20260828_040030] agent.conversation_loop: API call failed (attempt 2/3) error_type=TimeoutError thread=ThreadPoolExecutor-914_0:133309035165376 provider=llamacpp base_url=http://10.1.1.10:8080/v1/ model=/models/Qwen3.6-35B-A3B-Q4_K_M.gguf summary=Non-streaming API call timed out after 180s with no response (threshold: 180s)
2026-08-28 04:16:51,459 WARNING [cron_e3f5222b463f_20260828_040030] agent.conversation_loop: Retrying API call in 5.682419187711529s (attempt 2/3) thread=ThreadPoolExecutor-914_0:133309035165376 provider=llamacpp base_url=http://10.1.1.10:8080/v1/ model=/models/Qwen3.6-35B-A3B-Q4_K_M.gguf policy=default error=Non-streaming API call timed out after 180s with no response (threshold: 180s)
2026-08-28 04:18:22,401 WARNING agent.chat_completion_helpers: Inline non-streaming API call stale for 180s (threshold 180s). model=/models/Qwen3.6-35B-A3B-Q4_K_M.gguf context=~39,093 tokens. Killing connection.
2026-08-28 04:18:22,403 WARNING [cron_a5e01552e0f7_20260828_040031] agent.conversation_loop: API call failed (attempt 1/3) error_type=TimeoutError thread=ThreadPoolExecutor-916_0:133308428035776 provider=llamacpp base_url=http://10.1.1.10:8080/v1/ model=/models/Qwen3.6-35B-A3B-Q4_K_M.gguf summary=Non-streaming API call timed out after 180s with no response (threshold: 180s)
2026-08-28 04:18:22,403 WARNING [cron_a5e01552e0f7_20260828_040031] agent.conversation_loop: Retrying API call in 2.0291756184229075s (attempt 1/3) thread=ThreadPoolExecutor-916_0:133308428035776 provider=llamacpp base_url=http://10.1.1.10:8080/v1/ model=/models/Qwen3.6-35B-A3B-Q4_K_M.gguf policy=default error=Non-streaming API call timed out after 180s with no response (threshold: 180s)
2026-08-28 04:19:19,071 WARNING agent.chat_completion_helpers: Inline non-streaming API call stale for 180s (threshold 180s). model=/models/Qwen3.6-35B-A3B-Q4_K_M.gguf context=~29,461 tokens. Killing connection.
2026-08-28 04:19:19,076 WARNING [cron_1752062c0ea4_20260828_040030] agent.conversation_loop: API call failed (attempt 3/3) error_type=TimeoutError thread=ThreadPoolExecutor-913_0:133309046703808 provider=llamacpp base_url=http://10.1.1.10:8080/v1/ model=/models/Qwen3.6-35B-A3B-Q4_K_M.gguf summary=Non-streaming API call timed out after 180s with no response (threshold: 180s)
2026-08-28 04:19:19,086 ERROR [cron_1752062c0ea4_20260828_040030] agent.conversation_loop: API call failed after 3 retries. Non-streaming API call timed out after 180s with no response (threshold: 180s) | provider=llamacpp model=/models/Qwen3.6-35B-A3B-Q4_K_M.gguf msgs=4 tokens=~14,229
2026-08-28 04:19:19,174 ERROR cron.scheduler: Job 'Wiki Lint Daily' failed: RuntimeError: Non-streaming API call timed out after 180s with no response (threshold: 180s)
Traceback (most recent call last):
  File "/home/josh434/.hermes/hermes-agent/cron/scheduler.py", line 6264, in run_job
    raise RuntimeError(_err_text)
RuntimeError: Non-streaming API call timed out after 180s with no response (threshold: 180s)
2026-08-28 04:19:21,289 WARNING agent.chat_completion_helpers: Inline non-streaming API call stale for 240s (threshold 240s). model=/models/Qwen3.6-35B-A3B-Q4_K_M.gguf context=~114,828 tokens. Killing connection.
2026-08-28 04:19:21,291 WARNING [20260828_040051_fe1d36] agent.conversation_loop: API call failed (attempt 2/3) error_type=TimeoutError thread=ThreadPoolExecutor-919_0:133308184778432 provider=llamacpp base_url=http://10.1.1.10:8080/v1/ model=/models/Qwen3.6-35B-A3B-Q4_K_M.gguf summary=Non-streaming API call timed out after 240s with no response (threshold: 240s)
2026-08-28 04:19:21,291 WARNING [20260828_040051_fe1d36] agent.conversation_loop: Retrying API call in 4.837453437937139s (attempt 2/3) thread=ThreadPoolExecutor-919_0:133308184778432 provider=llamacpp base_url=http://10.1.1.10:8080/v1/ model=/models/Qwen3.6-35B-A3B-Q4_K_M.gguf policy=default error=Non-streaming API call timed out after 240s with no response (threshold: 240s)
2026-08-28 04:19:57,272 WARNING agent.chat_completion_helpers: Inline non-streaming API call stale for 180s (threshold 180s). model=/models/Qwen3.6-35B-A3B-Q4_K_M.gguf context=~31,184 tokens. Killing connection.
2026-08-28 04:19:57,275 WARNING [cron_e3f5222b463f_20260828_040030] agent.conversation_loop: API call failed (attempt 3/3) error_type=TimeoutError thread=ThreadPoolExecutor-914_0:133309035165376 provider=llamacpp base_url=http://10.1.1.10:8080/v1/ model=/models/Qwen3.6-35B-A3B-Q4_K_M.gguf summary=Non-streaming API call timed out after 180s with no response (threshold: 180s)
2026-08-28 04:19:57,276 ERROR [cron_e3f5222b463f_20260828_040030] agent.conversation_loop: API call failed after 3 retries. Non-streaming API call timed out after 180s with no response (threshold: 180s) | provider=llamacpp model=/models/Qwen3.6-35B-A3B-Q4_K_M.gguf msgs=5 tokens=~15,966
2026-08-28 04:19:57,404 ERROR cron.scheduler: Job 'Memory Consolidation Daily' failed: RuntimeError: Non-streaming API call timed out after 180s with no response (threshold: 180s)
Traceback (most recent call last):
  File "/home/josh434/.hermes/hermes-agent/cron/scheduler.py", line 6264, in run_job
    raise RuntimeError(_err_text)
RuntimeError: Non-streaming API call timed out after 180s with no response (threshold: 180s)
2026-08-28 04:20:28,731 WARNING [20260828_040051_fe1d36] agent.tool_executor: Tool web_search returned error (0.00s): {"error": "Blocked web_search: this turn has already made 50 web searches, the per-turn limit. This looks like a runaway search loop. Work with the results you already have and give the user your answ
2026-08-28 04:21:51,064 WARNING tools.approval: Unknown approvals.mode 'auto' — defaulting to 'manual'. Valid values: manual, smart, off
2026-08-28 04:21:51,090 WARNING [cron_a5e01552e0f7_20260828_040031] agent.tool_executor: Tool terminal returned error (0.08s): {"output": "", "exit_code": -1, "error": "BLOCKED: Command flagged as dangerous (script execution via -e/-c flag) but cron jobs run without a user present to approve it. Find an alternative approach t
2026-08-28 04:22:09,031 WARNING tools.approval: Unknown approvals.mode 'auto' — defaulting to 'manual'. Valid values: manual, smart, off
2026-08-28 04:23:04,236 WARNING tools.approval: Unknown approvals.mode 'auto' — defaulting to 'manual'. Valid values: manual, smart, off
2026-08-28 04:23:05,178 WARNING tools.approval: Unknown approvals.mode 'auto' — defaulting to 'manual'. Valid values: manual, smart, off
2026-08-28 04:23:05,182 WARNING [cron_a5e01552e0f7_20260828_040031] agent.tool_executor: Tool execute_code returned error (0.00s): {"status": "error", "error": "BLOCKED: execute_code runs arbitrary local Python (including subprocess calls that bypass shell-string approval checks). Cron jobs run without a user present to approve i
2026-08-28 04:24:00,542 WARNING tools.approval: Unknown approvals.mode 'auto' — defaulting to 'manual'. Valid values: manual, smart, off
2026-08-28 04:24:01,480 WARNING tools.approval: Unknown approvals.mode 'auto' — defaulting to 'manual'. Valid values: manual, smart, off
2026-08-28 04:24:01,791 WARNING tools.approval: Unknown approvals.mode 'auto' — defaulting to 'manual'. Valid values: manual, smart, off
2026-08-28 04:26:02,395 WARNING tools.approval: Unknown approvals.mode 'auto' — defaulting to 'manual'. Valid values: manual, smart, off
2026-08-28 04:26:02,692 WARNING tools.approval: Unknown approvals.mode 'auto' — defaulting to 'manual'. Valid values: manual, smart, off
2026-08-28 04:26:05,133 WARNING tools.approval: Unknown approvals.mode 'auto' — defaulting to 'manual'. Valid values: manual, smart, off
2026-08-28 04:29:52,524 WARNING agent.chat_completion_helpers: Inline non-streaming API call stale for 180s (threshold 180s). model=/models/Qwen3.6-35B-A3B-Q4_K_M.gguf context=~92,558 tokens. Killing connection.
2026-08-28 04:29:52,526 WARNING [cron_a5e01552e0f7_20260828_040031] agent.conversation_loop: API call failed (attempt 1/3) error_type=TimeoutError thread=ThreadPoolExecutor-916_0:133308428035776 provider=llamacpp base_url=http://10.1.1.10:8080/v1/ model=/models/Qwen3.6-35B-A3B-Q4_K_M.gguf summary=Non-streaming API call timed out after 180s with no response (threshold: 180s)
2026-08-28 04:29:52,526 WARNING [cron_a5e01552e0f7_20260828_040031] agent.conversation_loop: Retrying API call in 2.2583398441993685s (attempt 1/3) thread=ThreadPoolExecutor-916_0:133308428035776 provider=llamacpp base_url=http://10.1.1.10:8080/v1/ model=/models/Qwen3.6-35B-A3B-Q4_K_M.gguf policy=default error=Non-streaming API call timed out after 180s with no response (threshold: 180s)
2026-08-28 04:30:11,296 WARNING tools.approval: Unknown approvals.mode 'auto' — defaulting to 'manual'. Valid values: manual, smart, off
2026-08-28 04:30:12,709 WARNING tools.approval: Unknown approvals.mode 'auto' — defaulting to 'manual'. Valid values: manual, smart, off
2026-08-28 04:33:16,816 WARNING tools.approval: Unknown approvals.mode 'auto' — defaulting to 'manual'. Valid values: manual, smart, off
2026-08-28 04:33:39,162 WARNING tools.approval: Unknown approvals.mode 'auto' — defaulting to 'manual'. Valid values: manual, smart, off
2026-08-28 04:33:53,459 WARNING tools.approval: Unknown approvals.mode 'auto' — defaulting to 'manual'. Valid values: manual, smart, off
2026-08-28 04:33:57,119 WARNING tools.approval: Unknown approvals.mode 'auto' — defaulting to 'manual'. Valid values: manual, smart, off
2026-08-28 04:35:12,269 WARNING tools.approval: Unknown approvals.mode 'auto' — defaulting to 'manual'. Valid values: manual, smart, off
2026-08-28 04:35:46,558 WARNING tools.approval: Unknown approvals.mode 'auto' — defaulting to 'manual'. Valid values: manual, smart, off
2026-08-28 04:36:25,175 WARNING tools.approval: Unknown approvals.mode 'auto' — defaulting to 'manual'. Valid values: manual, smart, off
2026-08-28 04:36:53,049 WARNING tools.approval: Unknown approvals.mode 'auto' — defaulting to 'manual'. Valid values: manual, smart, off
2026-08-28 04:36:53,169 WARNING [cron_a5e01552e0f7_20260828_040031] agent.tool_executor: Tool terminal returned error (0.12s): {"output": "Word count: 3500\nCitations found: ['1', '3', '7']\nFAIL: Sources referenced but not cited: [1, 2, 3, 4, 5, 6, 7, 8, 9, 10, 11, 12, 13, 14, 15, 16]; Citations with no source: ['1', '3', '7
2026-08-28 04:37:04,213 WARNING tools.approval: Unknown approvals.mode 'auto' — defaulting to 'manual'. Valid values: manual, smart, off
2026-08-28 04:37:04,339 WARNING [cron_a5e01552e0f7_20260828_040031] agent.tool_executor: Tool terminal returned error (0.13s): {"output": "Word count: 3500\nCitations found: [1, 2, 3, 4, 6, 7, 8, 12, 15]\nFAIL: Sources referenced but not cited: [5, 9, 10, 11, 13, 14, 16]", "exit_code": 1, "error": null, "verification_evidence
2026-08-28 04:38:17,467 WARNING tools.approval: Unknown approvals.mode 'auto' — defaulting to 'manual'. Valid values: manual, smart, off
2026-08-28 04:38:20,651 WARNING tools.approval: Unknown approvals.mode 'auto' — defaulting to 'manual'. Valid values: manual, smart, off
2026-08-28 05:00:40,516 WARNING tools.approval: Unknown approvals.mode 'auto' — defaulting to 'manual'. Valid values: manual, smart, off
2026-08-28 05:00:55,423 WARNING tools.approval: Unknown approvals.mode 'auto' — defaulting to 'manual'. Valid values: manual, smart, off
2026-08-28 05:00:55,426 WARNING [cron_a5e01552e0f7_20260828_050036] agent.tool_executor: Tool execute_code returned error (0.00s): {"status": "error", "error": "BLOCKED: execute_code runs arbitrary local Python (including subprocess calls that bypass shell-string approval checks). Cron jobs run without a user present to approve i
2026-08-28 05:01:14,336 WARNING tools.approval: Unknown approvals.mode 'auto' — defaulting to 'manual'. Valid values: manual, smart, off
2026-08-28 05:01:14,384 WARNING tools.approval: Unknown approvals.mode 'auto' — defaulting to 'manual'. Valid values: manual, smart, off
2026-08-28 05:01:14,444 WARNING [cron_14faed0cbba7_20260828_050036] agent.tool_executor: Tool terminal returned error (0.06s): {"output": "", "exit_code": 1, "error": null, "exit_code_meaning": "Some directories were inaccessible (partial results may still be valid)"}
2026-08-28 05:01:19,700 WARNING tools.approval: Unknown approvals.mode 'auto' — defaulting to 'manual'. Valid values: manual, smart, off
2026-08-28 05:01:21,108 WARNING tools.approval: Unknown approvals.mode 'auto' — defaulting to 'manual'. Valid values: manual, smart, off
2026-08-28 05:01:44,848 WARNING tools.web_tools: web_extract backend 'tavily' failed all 4 URL(s) ({"detail":{"error":"This request exceeds this API key's set usage limit. You can increase its limit on the Tavily dashboard."}}); one-shot keyless rescue
2026-08-28 05:02:24,667 WARNING tools.url_safety: Blocked request — DNS resolution failed for: www.pmc.ncbi.nlm.nih.gov
2026-08-28 05:02:24,969 WARNING tools.web_tools: web_extract backend 'tavily' failed all 4 URL(s) ({"detail":{"error":"This request exceeds this API key's set usage limit. You can increase its limit on the Tavily dashboard."}}); one-shot keyless rescue
2026-08-28 05:02:27,497 WARNING [cron_a5e01552e0f7_20260828_050036] agent.tool_executor: Tool web_extract returned error (0.74s): {
  "results": [
    {
      "url": "https://plato.stanford.edu/entries/mirror-neurons/",
      "title": "",
      "content": "",
      "error": "{\"detail\":{\"error\":\"This request exceeds this API
2026-08-28 05:02:44,817 WARNING tools.web_tools: web_extract backend 'tavily' failed all 5 URL(s) ({"detail":{"error":"This request exceeds this API key's set usage limit. You can increase its limit on the Tavily dashboard."}}); one-shot keyless rescue
2026-08-28 05:02:45,076 WARNING [cron_a5e01552e0f7_20260828_050036] agent.tool_executor: Tool web_extract returned error (0.60s): {
  "results": [
    {
      "url": "https://en.wikipedia.org/wiki/Mirror_neuron",
      "title": "",
      "content": "",
      "error": "{\"detail\":{\"error\":\"This request exceeds this API key's 
2026-08-28 05:04:14,733 WARNING tools.approval: Unknown approvals.mode 'auto' — defaulting to 'manual'. Valid values: manual, smart, off
2026-08-28 05:05:49,758 WARNING tools.approval: Unknown approvals.mode 'auto' — defaulting to 'manual'. Valid values: manual, smart, off
2026-08-28 05:06:26,228 WARNING tools.approval: Unknown approvals.mode 'auto' — defaulting to 'manual'. Valid values: manual, smart, off
2026-08-28 05:06:53,832 WARNING tools.approval: Unknown approvals.mode 'auto' — defaulting to 'manual'. Valid values: manual, smart, off
2026-08-28 05:07:17,284 WARNING tools.approval: Unknown approvals.mode 'auto' — defaulting to 'manual'. Valid values: manual, smart, off
2026-08-28 05:07:45,637 WARNING tools.approval: Unknown approvals.mode 'auto' — defaulting to 'manual'. Valid values: manual, smart, off
2026-08-28 05:07:56,703 WARNING tools.approval: Unknown approvals.mode 'auto' — defaulting to 'manual'. Valid values: manual, smart, off
2026-08-28 05:08:10,627 WARNING tools.approval: Unknown approvals.mode 'auto' — defaulting to 'manual'. Valid values: manual, smart, off
2026-08-28 05:08:43,691 WARNING tools.approval: Unknown approvals.mode 'auto' — defaulting to 'manual'. Valid values: manual, smart, off
2026-08-28 05:08:56,318 WARNING tools.approval: Unknown approvals.mode 'auto' — defaulting to 'manual'. Valid values: manual, smart, off
2026-08-28 05:08:56,574 WARNING [cron_a5e01552e0f7_20260828_050036] agent.conversation_loop: API call failed (attempt 1/3) error_type=RateLimitError thread=ThreadPoolExecutor-1038_0:133309055096512 provider=nous base_url=https://inference-api.nousresearch.com/v1 model=meituan/longcat-2.0:free summary=HTTP 429: Hold up for a bit, you've exceeded the rate limit on your API key.
2026-08-28 05:08:56,575 WARNING [cron_a5e01552e0f7_20260828_050036] agent.auxiliary_client: resolve_provider_client: named custom provider 'llamaCPP' has no resolvable api_key — request will be sent with placeholder no-key-required and will 401 on auth-required endpoints
2026-08-28 05:12:56,607 WARNING agent.chat_completion_helpers: Inline non-streaming API call stale for 240s (threshold 240s). model=/models/Qwen3.6-35B-A3B-Q4_K_M.gguf context=~139,779 tokens. Killing connection.
2026-08-28 05:12:56,612 WARNING [cron_a5e01552e0f7_20260828_050036] agent.conversation_loop: API call failed (attempt 1/3) error_type=TimeoutError thread=ThreadPoolExecutor-1038_0:133309055096512 provider=llamacpp base_url=http://10.1.1.10:8080/v1/ model=/models/Qwen3.6-35B-A3B-Q4_K_M.gguf summary=Non-streaming API call timed out after 240s with no response (threshold: 240s)
2026-08-28 05:12:56,613 WARNING [cron_a5e01552e0f7_20260828_050036] agent.conversation_loop: Retrying API call in 2.410114974033028s (attempt 1/3) thread=ThreadPoolExecutor-1038_0:133309055096512 provider=llamacpp base_url=http://10.1.1.10:8080/v1/ model=/models/Qwen3.6-35B-A3B-Q4_K_M.gguf policy=default error=Non-streaming API call timed out after 240s with no response (threshold: 240s)
2026-08-28 05:14:00,380 WARNING [cron_a5e01552e0f7_20260828_050036] agent.tool_executor: Tool tool_call returned error (0.01s): {"error": "'mcp__gbrain__sync' is not a deferrable tool. If it appears in the model-facing tools list already, call it directly instead of via tool_call."}
2026-08-28 05:14:03,577 WARNING [cron_a5e01552e0f7_20260828_050036] agent.tool_executor: Tool tool_call returned error (0.00s): {"error": "'mcp__gbrain__sync' is not a deferrable tool. If it appears in the model-facing tools list already, call it directly instead of via tool_call."}
2026-08-28 05:14:07,064 WARNING tools.approval: Unknown approvals.mode 'auto' — defaulting to 'manual'. Valid values: manual, smart, off
2026-08-28 05:14:10,090 WARNING tools.approval: Unknown approvals.mode 'auto' — defaulting to 'manual'. Valid values: manual, smart, off
2026-08-28 06:00:43,300 WARNING tools.approval: Unknown approvals.mode 'auto' — defaulting to 'manual'. Valid values: manual, smart, off
2026-08-28 06:00:47,958 WARNING tools.approval: Unknown approvals.mode 'auto' — defaulting to 'manual'. Valid values: manual, smart, off
2026-08-28 06:00:58,642 WARNING tools.approval: Unknown approvals.mode 'auto' — defaulting to 'manual'. Valid values: manual, smart, off
2026-08-28 06:00:58,644 WARNING [cron_a5e01552e0f7_20260828_060040] agent.tool_executor: Tool execute_code returned error (0.00s): {"status": "error", "error": "BLOCKED: execute_code runs arbitrary local Python (including subprocess calls that bypass shell-string approval checks). Cron jobs run without a user present to approve i
2026-08-28 06:01:46,262 WARNING tools.web_tools: web_extract backend 'tavily' failed all 3 URL(s) ({"detail":{"error":"This request exceeds this API key's set usage limit. You can increase its limit on the Tavily dashboard."}}); one-shot keyless rescue
2026-08-28 06:01:56,210 WARNING tools.web_tools: web_extract backend 'tavily' failed all 2 URL(s) ({"detail":{"error":"This request exceeds this API key's set usage limit. You can increase its limit on the Tavily dashboard."}}); one-shot keyless rescue
2026-08-28 06:01:57,078 WARNING [cron_a5e01552e0f7_20260828_060040] agent.tool_executor: Tool web_extract returned error (1.17s): {
  "results": [
    {
      "url": "https://plato.stanford.edu/entries/enactivism/",
      "title": "",
      "content": "",
      "error": "{\"detail\":{\"error\":\"This request exceeds this API key
2026-08-28 06:02:35,831 WARNING tools.approval: Unknown approvals.mode 'auto' — defaulting to 'manual'. Valid values: manual, smart, off
2026-08-28 06:02:36,358 WARNING tools.web_tools: web_extract backend 'tavily' failed all 2 URL(s) ({"detail":{"error":"This request exceeds this API key's set usage limit. You can increase its limit on the Tavily dashboard."}}); one-shot keyless rescue
2026-08-28 06:02:36,592 WARNING [cron_a5e01552e0f7_20260828_060040] agent.tool_executor: Tool web_extract returned error (0.71s): {
  "results": [
    {
      "url": "https://cognitivescientist.net/embodied-cognition",
      "title": "",
      "content": "",
      "error": "{\"detail\":{\"error\":\"This request exceeds this API 
2026-08-28 06:02:43,455 WARNING [cron_eebf16fd600a_20260828_060040] agent.tool_executor: Tool terminal returned error (120.19s): {"output": "[Command timed out after 120s]", "exit_code": 124, "error": null, "hint": "Exit 124: the command hit its timeout. Raise timeout= (foreground max 600s) or run it with background=true and no
2026-08-28 06:02:45,181 WARNING tools.approval: Unknown approvals.mode 'auto' — defaulting to 'manual'. Valid values: manual, smart, off
2026-08-28 06:03:16,066 WARNING tools.approval: Unknown approvals.mode 'auto' — defaulting to 'manual'. Valid values: manual, smart, off
2026-08-28 06:05:01,298 WARNING tools.approval: Unknown approvals.mode 'auto' — defaulting to 'manual'. Valid values: manual, smart, off
2026-08-28 06:05:59,502 WARNING tools.approval: Unknown approvals.mode 'auto' — defaulting to 'manual'. Valid values: manual, smart, off
2026-08-28 06:06:47,546 WARNING tools.approval: Unknown approvals.mode 'auto' — defaulting to 'manual'. Valid values: manual, smart, off
2026-08-28 06:07:30,768 WARNING tools.approval: Unknown approvals.mode 'auto' — defaulting to 'manual'. Valid values: manual, smart, off
2026-08-28 06:08:04,128 WARNING tools.approval: Unknown approvals.mode 'auto' — defaulting to 'manual'. Valid values: manual, smart, off
2026-08-28 06:09:27,079 WARNING tools.approval: Unknown approvals.mode 'auto' — defaulting to 'manual'. Valid values: manual, smart, off
2026-08-28 06:09:39,855 WARNING tools.approval: Unknown approvals.mode 'auto' — defaulting to 'manual'. Valid values: manual, smart, off
2026-08-28 06:09:53,827 WARNING [cron_a5e01552e0f7_20260828_060040] agent.conversation_loop: API call failed (attempt 1/3) error_type=RateLimitError thread=ThreadPoolExecutor-1077_0:133309035165376 provider=nous base_url=https://inference-api.nousresearch.com/v1 model=meituan/longcat-2.0:free summary=HTTP 429: The requested model is temporarily at capacity upstream. This is not your API key's rate limit — please retry shortly.
2026-08-28 06:09:53,828 WARNING [cron_a5e01552e0f7_20260828_060040] agent.conversation_loop: Retrying API call in 2.2482847318007955s (attempt 1/3) thread=ThreadPoolExecutor-1077_0:133309035165376 provider=nous base_url=https://inference-api.nousresearch.com/v1 model=meituan/longcat-2.0:free policy=default error=Error code: 429 - {'status': 429, 'message': "The requested model is temporarily at capacity upstream. This is not your API key's rate limit — please retry shortly."}
2026-08-28 06:10:09,807 WARNING tools.approval: Unknown approvals.mode 'auto' — defaulting to 'manual'. Valid values: manual, smart, off
2026-08-28 09:45:53,508 WARNING agent.chat_completion_helpers: Inline non-streaming API call stale for 180s (threshold 180s). model=Qwen3.6-35B-A3B-Q4_K_M.gguf context=~28,419 tokens. Killing connection.
2026-08-28 09:45:53,510 WARNING [cron_97842ab6d078_20260828_094253] agent.conversation_loop: API call failed (attempt 1/3) error_type=TimeoutError thread=ThreadPoolExecutor-1107_0:133309035165376 provider=custom base_url=http://10.1.1.10:8080/v1 model=Qwen3.6-35B-A3B-Q4_K_M.gguf summary=Non-streaming API call timed out after 180s with no response (threshold: 180s)
2026-08-28 09:45:53,510 WARNING [cron_97842ab6d078_20260828_094253] agent.conversation_loop: Retrying API call in 2.6870516461660703s (attempt 1/3) thread=ThreadPoolExecutor-1107_0:133309035165376 provider=custom base_url=http://10.1.1.10:8080/v1 model=Qwen3.6-35B-A3B-Q4_K_M.gguf policy=default error=Non-streaming API call timed out after 180s with no response (threshold: 180s)
2026-08-28 09:47:05,986 WARNING tools.approval: Unknown approvals.mode 'auto' — defaulting to 'manual'. Valid values: manual, smart, off
2026-08-28 10:30:09,296 WARNING tools.approval: Unknown approvals.mode 'auto' — defaulting to 'manual'. Valid values: manual, smart, off
2026-08-28 10:30:15,354 WARNING tools.approval: Unknown approvals.mode 'auto' — defaulting to 'manual'. Valid values: manual, smart, off
2026-08-28 10:30:15,435 WARNING tools.approval: Unknown approvals.mode 'auto' — defaulting to 'manual'. Valid values: manual, smart, off
2026-08-28 10:30:58,350 WARNING [20260828_103037_3e3a8f] agent.conversation_loop: API call failed (attempt 1/3) error_type=RateLimitError thread=ThreadPoolExecutor-1115_0:133309018379968 provider=nous base_url=https://inference-api.nousresearch.com/v1 model=meituan/longcat-2.0:free summary=HTTP 429: The requested model is temporarily at capacity upstream. This is not your API key's rate limit — please retry shortly.
2026-08-28 10:30:58,350 WARNING [20260828_103037_3e3a8f] agent.conversation_loop: Retrying API call in 2.61260996676768s (attempt 1/3) thread=ThreadPoolExecutor-1115_0:133309018379968 provider=nous base_url=https://inference-api.nousresearch.com/v1 model=meituan/longcat-2.0:free policy=default error=Error code: 429 - {'status': 429, 'message': "The requested model is temporarily at capacity upstream. This is not your API key's rate limit — please retry shortly."}
2026-08-28 10:31:10,498 WARNING tools.web_tools: web_extract backend 'tavily' failed all 3 URL(s) ({"detail":{"error":"This request exceeds this API key's set usage limit. You can increase its limit on the Tavily dashboard."}}); one-shot keyless rescue
2026-08-28 10:31:23,790 WARNING tools.web_tools: web_extract backend 'tavily' failed all 2 URL(s) ({"detail":{"error":"This request exceeds this API key's set usage limit. You can increase its limit on the Tavily dashboard."}}); one-shot keyless rescue
2026-08-28 10:31:24,025 WARNING [20260828_103037_3e3a8f] agent.tool_executor: Tool web_extract returned error (0.52s): {
  "results": [
    {
      "url": "https://en.wikipedia.org/wiki/Attentional_blink",
      "title": "",
      "content": "",
      "error": "{\"detail\":{\"error\":\"This request exceeds this API ke
2026-08-28 10:31:34,464 WARNING tools.web_tools: web_extract backend 'tavily' failed all 2 URL(s) ({"detail":{"error":"This request exceeds this API key's set usage limit. You can increase its limit on the Tavily dashboard."}}); one-shot keyless rescue
2026-08-28 10:31:34,699 WARNING [20260828_103037_3e3a8f] agent.tool_executor: Tool web_extract returned error (0.61s): {
  "results": [
    {
      "url": "https://psycnet.apa.org/record/1980-22240-001",
      "title": "",
      "content": "",
      "error": "{\"detail\":{\"error\":\"This request exceeds this API key'
2026-08-28 10:31:41,227 WARNING tools.web_tools: web_extract backend 'tavily' failed all 3 URL(s) ({"detail":{"error":"This request exceeds this API key's set usage limit. You can increase its limit on the Tavily dashboard."}}); one-shot keyless rescue
2026-08-28 10:31:41,460 WARNING [20260828_103037_3e3a8f] agent.tool_executor: Tool web_extract returned error (0.52s): {
  "results": [
    {
      "url": "https://en.wikipedia.org/wiki/Attentional_blink",
      "title": "",
      "content": "",
      "error": "{\"detail\":{\"error\":\"This request exceeds this API ke
2026-08-28 10:31:49,075 WARNING tools.web_tools: web_extract backend 'tavily' failed all 1 URL(s) ({"detail":{"error":"This request exceeds this API key's set usage limit. You can increase its limit on the Tavily dashboard."}}); one-shot keyless rescue
2026-08-28 10:31:49,310 WARNING [20260828_103037_3e3a8f] agent.tool_executor: Tool web_extract returned error (0.50s): {
  "results": [
    {
      "url": "https://en.wikipedia.org/wiki/Visual_search",
      "title": "",
      "content": "",
      "error": "{\"detail\":{\"error\":\"This request exceeds this API key's 
2026-08-28 10:32:00,379 WARNING tools.approval: Unknown approvals.mode 'auto' — defaulting to 'manual'. Valid values: manual, smart, off
2026-08-28 10:32:00,384 WARNING [20260828_103037_3e3a8f] agent.tool_executor: Tool execute_code returned error (0.01s): {"status": "error", "error": "BLOCKED: execute_code runs arbitrary local Python (including subprocess calls that bypass shell-string approval checks). Cron jobs run without a user present to approve i
2026-08-28 10:32:16,427 WARNING tools.web_tools: web_extract backend 'tavily' failed all 3 URL(s) ({"detail":{"error":"This request exceeds this API key's set usage limit. You can increase its limit on the Tavily dashboard."}}); one-shot keyless rescue
2026-08-28 10:32:16,656 WARNING [20260828_103037_3e3a8f] agent.tool_executor: Tool web_extract returned error (0.51s): {
  "results": [
    {
      "url": "https://en.wikipedia.org/wiki/Anne_Treisman",
      "title": "",
      "content": "",
      "error": "{\"detail\":{\"error\":\"This request exceeds this API key's 
2026-08-28 10:32:25,025 WARNING tools.approval: Unknown approvals.mode 'auto' — defaulting to 'manual'. Valid values: manual, smart, off
2026-08-28 10:32:36,036 WARNING tools.approval: Unknown approvals.mode 'auto' — defaulting to 'manual'. Valid values: manual, smart, off
2026-08-28 10:32:36,669 WARNING tools.approval: Unknown approvals.mode 'auto' — defaulting to 'manual'. Valid values: manual, smart, off
2026-08-28 10:32:53,497 WARNING tools.approval: Unknown approvals.mode 'auto' — defaulting to 'manual'. Valid values: manual, smart, off
2026-08-28 10:32:53,500 WARNING [20260828_103037_3e3a8f] agent.tool_executor: Tool terminal returned error (0.00s): {"output": "", "exit_code": -1, "error": "BLOCKED: Command flagged as dangerous (script execution via -e/-c flag) but cron jobs run without a user present to approve it. Find an alternative approach t
2026-08-28 10:32:58,572 WARNING tools.approval: Unknown approvals.mode 'auto' — defaulting to 'manual'. Valid values: manual, smart, off
2026-08-28 10:33:35,576 WARNING tools.web_tools: web_extract backend 'tavily' failed all 2 URL(s) ({"detail":{"error":"This request exceeds this API key's set usage limit. You can increase its limit on the Tavily dashboard."}}); one-shot keyless rescue
2026-08-28 10:33:35,803 WARNING [20260828_103037_3e3a8f] agent.tool_executor: Tool web_extract returned error (1.00s): {
  "results": [
    {
      "url": "https://www.ncbi.nlm.nih.gov/pmc/articles/PMC3105500/",
      "title": "",
      "content": "",
      "error": "{\"detail\":{\"error\":\"This request exceeds this 
2026-08-28 10:33:45,006 WARNING tools.approval: Unknown approvals.mode 'auto' — defaulting to 'manual'. Valid values: manual, smart, off
2026-08-28 10:33:45,493 WARNING tools.approval: Unknown approvals.mode 'auto' — defaulting to 'manual'. Valid values: manual, smart, off
2026-08-28 10:33:55,399 WARNING tools.approval: Unknown approvals.mode 'auto' — defaulting to 'manual'. Valid values: manual, smart, off
2026-08-28 10:33:55,720 WARNING tools.approval: Unknown approvals.mode 'auto' — defaulting to 'manual'. Valid values: manual, smart, off
2026-08-28 10:34:07,382 WARNING tools.approval: Unknown approvals.mode 'auto' — defaulting to 'manual'. Valid values: manual, smart, off
2026-08-28 10:34:07,831 WARNING tools.approval: Unknown approvals.mode 'auto' — defaulting to 'manual'. Valid values: manual, smart, off
2026-08-28 10:34:29,954 WARNING tools.approval: Unknown approvals.mode 'auto' — defaulting to 'manual'. Valid values: manual, smart, off
2026-08-28 10:34:30,462 WARNING tools.approval: Unknown approvals.mode 'auto' — defaulting to 'manual'. Valid values: manual, smart, off
2026-08-28 10:34:51,925 WARNING tools.approval: Unknown approvals.mode 'auto' — defaulting to 'manual'. Valid values: manual, smart, off
2026-08-28 10:34:52,401 WARNING tools.approval: Unknown approvals.mode 'auto' — defaulting to 'manual'. Valid values: manual, smart, off
2026-08-28 10:34:58,464 WARNING [20260828_103037_3e3a8f] agent.conversation_loop: API call failed (attempt 1/3) error_type=RateLimitError thread=ThreadPoolExecutor-1115_0:133309018379968 provider=nous base_url=https://inference-api.nousresearch.com/v1 model=meituan/longcat-2.0:free summary=HTTP 429: The requested model is temporarily at capacity upstream. This is not your API key's rate limit — please retry shortly.
2026-08-28 10:34:58,464 WARNING [20260828_103037_3e3a8f] agent.conversation_loop: Retrying API call in 2.622668689669738s (attempt 1/3) thread=ThreadPoolExecutor-1115_0:133309018379968 provider=nous base_url=https://inference-api.nousresearch.com/v1 model=meituan/longcat-2.0:free policy=default error=Error code: 429 - {'status': 429, 'message': "The requested model is temporarily at capacity upstream. This is not your API key's rate limit — please retry shortly."}
2026-08-28 10:35:11,238 WARNING tools.approval: Unknown approvals.mode 'auto' — defaulting to 'manual'. Valid values: manual, smart, off
2026-08-28 10:35:11,570 WARNING tools.approval: Unknown approvals.mode 'auto' — defaulting to 'manual'. Valid values: manual, smart, off
2026-08-28 10:35:23,024 WARNING tools.approval: Unknown approvals.mode 'auto' — defaulting to 'manual'. Valid values: manual, smart, off
2026-08-28 10:35:34,228 WARNING tools.approval: Unknown approvals.mode 'auto' — defaulting to 'manual'. Valid values: manual, smart, off
2026-08-28 10:35:34,696 WARNING tools.approval: Unknown approvals.mode 'auto' — defaulting to 'manual'. Valid values: manual, smart, off
2026-08-28 10:35:46,029 WARNING tools.approval: Unknown approvals.mode 'auto' — defaulting to 'manual'. Valid values: manual, smart, off
2026-08-28 10:36:01,770 WARNING tools.approval: Unknown approvals.mode 'auto' — defaulting to 'manual'. Valid values: manual, smart, off
2026-08-28 10:36:02,238 WARNING tools.approval: Unknown approvals.mode 'auto' — defaulting to 'manual'. Valid values: manual, smart, off
2026-08-28 10:36:29,271 WARNING tools.approval: Unknown approvals.mode 'auto' — defaulting to 'manual'. Valid values: manual, smart, off
2026-08-28 10:36:41,254 WARNING tools.approval: Unknown approvals.mode 'auto' — defaulting to 'manual'. Valid values: manual, smart, off
2026-08-28 10:36:41,578 WARNING tools.approval: Unknown approvals.mode 'auto' — defaulting to 'manual'. Valid values: manual, smart, off
2026-08-28 10:37:37,847 WARNING [cron_1d578cbabe84_20260828_103002] agent.tool_executor: sequential tool delegate_task timed out after 420.0s
2026-08-28 10:37:37,849 WARNING [cron_1d578cbabe84_20260828_103002] agent.tool_executor: Tool delegate_task returned error (420.00s): Error executing tool 'delegate_task': timed out after 420.0s
2026-08-28 10:38:17,347 WARNING tools.web_tools: web_extract backend 'tavily' failed all 3 URL(s) ({"detail":{"error":"This request exceeds this API key's set usage limit. You can increase its limit on the Tavily dashboard."}}); one-shot keyless rescue
2026-08-28 10:38:47,020 WARNING [20260828_103037_3e3a8f] agent.conversation_loop: API call failed (attempt 1/3) error_type=InternalServerError thread=ThreadPoolExecutor-1115_0:133309018379968 provider=nous base_url=https://inference-api.nousresearch.com/v1 model=meituan/longcat-2.0:free summary=HTTP 524: {"type":"https://developers.cloudflare.com/support/troubleshooting/http-status-codes/cloudflare-5xx-errors/error-524/","title":"Error 524: A timeout occurred","status":524,"detail":"The origin web server did not return a complete response within the 120-second Proxy Read Timeout window. The connecti
2026-08-28 10:38:47,020 WARNING [20260828_103037_3e3a8f] agent.conversation_loop: Retrying API call in 2.540142520634246s (attempt 1/3) thread=ThreadPoolExecutor-1115_0:133309018379968 provider=nous base_url=https://inference-api.nousresearch.com/v1 model=meituan/longcat-2.0:free policy=default error=Error code: 524 - {'type': 'https://developers.cloudflare.com/support/troubleshooting/http-status-codes/cloudflare-5xx-errors/error-524/', 'title': 'Error 524: A timeout occurred', 'status': 524, 'detail': 'The origin web server did not return a complete response within the 120-second Proxy Read Timeout window. The connection was established, but the origin took too long to respond.', 'instance': 'a32514661dd3ba2a', 'error_code': 524, 'error_name': 'origin_response_timeout', 'error_category': 'origin', 'ray_id': 'a32514661dd3ba2a', 'timestamp': '2026-08-28T17:38:47Z', 'zone': 'inference-api.nousresearch.com', 'cloudflare_error': True, 'retryable': True, 'retry_after': 120, 'owner_action_required': True, 'what_you_should_do': '**Wait and retry.** Back off for at least 120 seconds. If the error persists, the website operator should check for long-running processes or an overloaded origin.', 'footer': 'This error was generated by Cloudflare on behalf of the website owner.'}
2026-08-28 10:38:53,731 WARNING [20260828_103037_3e3a8f] agent.conversation_loop: API call failed (attempt 2/3) error_type=RateLimitError thread=ThreadPoolExecutor-1115_0:133309018379968 provider=nous base_url=https://inference-api.nousresearch.com/v1 model=meituan/longcat-2.0:free summary=HTTP 429: The requested model is temporarily at capacity upstream. This is not your API key's rate limit — please retry shortly.
2026-08-28 10:38:53,733 WARNING [20260828_103037_3e3a8f] agent.auxiliary_client: resolve_provider_client: named custom provider 'llamaCPP' has no resolvable api_key — request will be sent with placeholder no-key-required and will 401 on auth-required endpoints
2026-08-28 10:38:56,991 WARNING tools.web_tools: web_extract backend 'tavily' failed all 2 URL(s) ({"detail":{"error":"This request exceeds this API key's set usage limit. You can increase its limit on the Tavily dashboard."}}); one-shot keyless rescue
2026-08-28 10:38:57,236 WARNING [cron_1d578cbabe84_20260828_103002] agent.tool_executor: Tool web_extract returned error (0.60s): {
  "results": [
    {
      "url": "https://www.sciencedirect.com/science/article/pii/0010028580900055",
      "title": "",
      "content": "",
      "error": "{\"detail\":{\"error\":\"This request 
2026-08-28 10:39:00,145 WARNING [cron_1d578cbabe84_20260828_103002] agent.conversation_loop: API call failed (attempt 1/3) error_type=RateLimitError thread=ThreadPoolExecutor-1110_0:133309035165376 provider=nous base_url=https://inference-api.nousresearch.com/v1 model=meituan/longcat-2.0:free summary=HTTP 429: The requested model is temporarily at capacity upstream. This is not your API key's rate limit — please retry shortly.
2026-08-28 10:39:00,145 WARNING [cron_1d578cbabe84_20260828_103002] agent.conversation_loop: Retrying API call in 2.4862240524032813s (attempt 1/3) thread=ThreadPoolExecutor-1110_0:133309035165376 provider=nous base_url=https://inference-api.nousresearch.com/v1 model=meituan/longcat-2.0:free policy=default error=Error code: 429 - {'status': 429, 'message': "The requested model is temporarily at capacity upstream. This is not your API key's rate limit — please retry shortly."}
2026-08-28 10:39:26,590 WARNING tools.approval: Unknown approvals.mode 'auto' — defaulting to 'manual'. Valid values: manual, smart, off
2026-08-28 10:40:02,926 WARNING tools.approval: Unknown approvals.mode 'auto' — defaulting to 'manual'. Valid values: manual, smart, off
2026-08-28 10:40:30,354 WARNING tools.approval: Unknown approvals.mode 'auto' — defaulting to 'manual'. Valid values: manual, smart, off
2026-08-28 10:41:06,982 WARNING tools.approval: Unknown approvals.mode 'auto' — defaulting to 'manual'. Valid values: manual, smart, off
2026-08-28 10:41:45,499 WARNING tools.approval: Unknown approvals.mode 'auto' — defaulting to 'manual'. Valid values: manual, smart, off
2026-08-28 10:41:53,789 WARNING agent.chat_completion_helpers: Inline non-streaming API call stale for 180s (threshold 180s). model=/models/Qwen3.6-35B-A3B-Q4_K_M.gguf context=~91,343 tokens. Killing connection.
2026-08-28 10:41:53,790 WARNING [20260828_103037_3e3a8f] agent.conversation_loop: API call failed (attempt 1/3) error_type=TimeoutError thread=ThreadPoolExecutor-1115_0:133309018379968 provider=llamacpp base_url=http://10.1.1.10:8080/v1/ model=/models/Qwen3.6-35B-A3B-Q4_K_M.gguf summary=Non-streaming API call timed out after 180s with no response (threshold: 180s)
2026-08-28 10:41:53,790 WARNING [20260828_103037_3e3a8f] agent.conversation_loop: Retrying API call in 2.782323542100764s (attempt 1/3) thread=ThreadPoolExecutor-1115_0:133309018379968 provider=llamacpp base_url=http://10.1.1.10:8080/v1/ model=/models/Qwen3.6-35B-A3B-Q4_K_M.gguf policy=default error=Non-streaming API call timed out after 180s with no response (threshold: 180s)
2026-08-28 10:42:03,754 WARNING tools.approval: Unknown approvals.mode 'auto' — defaulting to 'manual'. Valid values: manual, smart, off
2026-08-28 10:42:31,175 WARNING tools.approval: Unknown approvals.mode 'auto' — defaulting to 'manual'. Valid values: manual, smart, off
2026-08-28 10:42:50,586 WARNING tools.approval: Unknown approvals.mode 'auto' — defaulting to 'manual'. Valid values: manual, smart, off
2026-08-28 10:43:37,509 WARNING tools.approval: Unknown approvals.mode 'auto' — defaulting to 'manual'. Valid values: manual, smart, off
2026-08-28 10:43:46,309 WARNING tools.approval: Unknown approvals.mode 'auto' — defaulting to 'manual'. Valid values: manual, smart, off
2026-08-28 10:44:48,383 WARNING tools.approval: Unknown approvals.mode 'auto' — defaulting to 'manual'. Valid values: manual, smart, off
2026-08-28 10:44:56,601 WARNING agent.chat_completion_helpers: Inline non-streaming API call stale for 180s (threshold 180s). model=/models/Qwen3.6-35B-A3B-Q4_K_M.gguf context=~91,343 tokens. Killing connection.
2026-08-28 10:44:56,606 WARNING [20260828_103037_3e3a8f] agent.conversation_loop: API call failed (attempt 2/3) error_type=TimeoutError thread=ThreadPoolExecutor-1115_0:133309018379968 provider=llamacpp base_url=http://10.1.1.10:8080/v1/ model=/models/Qwen3.6-35B-A3B-Q4_K_M.gguf summary=Non-streaming API call timed out after 180s with no response (threshold: 180s)
2026-08-28 10:44:56,606 WARNING [20260828_103037_3e3a8f] agent.conversation_loop: Retrying API call in 5.3605484900575595s (attempt 2/3) thread=ThreadPoolExecutor-1115_0:133309018379968 provider=llamacpp base_url=http://10.1.1.10:8080/v1/ model=/models/Qwen3.6-35B-A3B-Q4_K_M.gguf policy=default error=Non-streaming API call timed out after 180s with no response (threshold: 180s)
2026-08-28 10:45:07,645 WARNING tools.approval: Unknown approvals.mode 'auto' — defaulting to 'manual'. Valid values: manual, smart, off
2026-08-28 10:45:26,583 WARNING tools.approval: Unknown approvals.mode 'auto' — defaulting to 'manual'. Valid values: manual, smart, off
2026-08-28 10:45:43,815 WARNING [20260828_103037_3e3a8f] agent.conversation_loop: API call failed (attempt 1/3) error_type=APIConnectionError thread=ThreadPoolExecutor-1115_0:133309018379968 provider=llamacpp base_url=http://10.1.1.10:8080/v1/ model=/models/Qwen3.6-35B-A3B-Q4_K_M.gguf summary=Connection error.
2026-08-28 10:45:43,815 WARNING [20260828_103037_3e3a8f] agent.conversation_loop: Retrying API call in 2.9849052198002637s (attempt 1/3) thread=ThreadPoolExecutor-1115_0:133309018379968 provider=llamacpp base_url=http://10.1.1.10:8080/v1/ model=/models/Qwen3.6-35B-A3B-Q4_K_M.gguf policy=default error=Connection error.
2026-08-28 10:45:46,849 WARNING [20260828_103037_3e3a8f] run_agent: Detected closed shared OpenAI client; recreated before use (chat_completion_request) thread=ThreadPoolExecutor-1115_0:133309018379968 provider=llamacpp base_url=http://10.1.1.10:8080/v1/ model=/models/Qwen3.6-35B-A3B-Q4_K_M.gguf
2026-08-28 10:46:03,647 WARNING [20260828_103037_3e3a8f] run_agent: Session DB append_message failed: 'NoneType' object has no attribute 'execute'
2026-08-28 10:46:03,647 WARNING [20260828_103037_3e3a8f] run_agent: Session DB append_message failed: 'NoneType' object has no attribute 'execute'
2026-08-28 11:30:11,999 WARNING tools.approval: Unknown approvals.mode 'auto' — defaulting to 'manual'. Valid values: manual, smart, off
2026-08-28 11:30:29,051 WARNING tools.approval: Unknown approvals.mode 'auto' — defaulting to 'manual'. Valid values: manual, smart, off
2026-08-28 11:30:56,397 WARNING tools.web_tools: web_extract backend 'tavily' failed all 5 URL(s) ({"detail":{"error":"This request exceeds this API key's set usage limit. You can increase its limit on the Tavily dashboard."}}); one-shot keyless rescue
2026-08-28 11:30:59,271 WARNING [cron_1d578cbabe84_20260828_113006] agent.conversation_loop: API call failed (attempt 1/3) error_type=RateLimitError thread=ThreadPoolExecutor-1190_0:133309055096512 provider=nous base_url=https://inference-api.nousresearch.com/v1 model=meituan/longcat-2.0:free summary=HTTP 429: The requested model is temporarily at capacity upstream. This is not your API key's rate limit — please retry shortly.
2026-08-28 11:30:59,271 WARNING [cron_1d578cbabe84_20260828_113006] agent.conversation_loop: Retrying API call in 2.169829443167508s (attempt 1/3) thread=ThreadPoolExecutor-1190_0:133309055096512 provider=nous base_url=https://inference-api.nousresearch.com/v1 model=meituan/longcat-2.0:free policy=default error=Error code: 429 - {'status': 429, 'message': "The requested model is temporarily at capacity upstream. This is not your API key's rate limit — please retry shortly."}
2026-08-28 11:31:13,712 WARNING tools.web_tools: web_extract backend 'tavily' failed all 4 URL(s) ({"detail":{"error":"This request exceeds this API key's set usage limit. You can increase its limit on the Tavily dashboard."}}); one-shot keyless rescue
2026-08-28 11:31:14,183 WARNING [cron_1d578cbabe84_20260828_113006] agent.tool_executor: Tool web_extract returned error (0.65s): {
  "results": [
    {
      "url": "https://en.wikipedia.org/wiki/Neuromorphic_computing",
      "title": "",
      "content": "",
      "error": "{\"detail\":{\"error\":\"This request exceeds this A
2026-08-28 11:31:40,724 WARNING tools.approval: Unknown approvals.mode 'auto' — defaulting to 'manual'. Valid values: manual, smart, off
2026-08-28 11:31:52,923 WARNING [cron_1d578cbabe84_20260828_113006] agent.conversation_loop: API call failed (attempt 1/3) error_type=RateLimitError thread=ThreadPoolExecutor-1190_0:133309055096512 provider=nous base_url=https://inference-api.nousresearch.com/v1 model=meituan/longcat-2.0:free summary=HTTP 429: The requested model is temporarily at capacity upstream. This is not your API key's rate limit — please retry shortly.
2026-08-28 11:31:52,923 WARNING [cron_1d578cbabe84_20260828_113006] agent.conversation_loop: Retrying API call in 2.9542187031476774s (attempt 1/3) thread=ThreadPoolExecutor-1190_0:133309055096512 provider=nous base_url=https://inference-api.nousresearch.com/v1 model=meituan/longcat-2.0:free policy=default error=Error code: 429 - {'status': 429, 'message': "The requested model is temporarily at capacity upstream. This is not your API key's rate limit — please retry shortly."}
2026-08-28 11:31:57,834 WARNING [cron_1d578cbabe84_20260828_113006] agent.conversation_loop: API call failed (attempt 2/3) error_type=RateLimitError thread=ThreadPoolExecutor-1190_0:133309055096512 provider=nous base_url=https://inference-api.nousresearch.com/v1 model=meituan/longcat-2.0:free summary=HTTP 429: The requested model is temporarily at capacity upstream. This is not your API key's rate limit — please retry shortly.
2026-08-28 11:31:57,836 WARNING [cron_1d578cbabe84_20260828_113006] agent.auxiliary_client: resolve_provider_client: named custom provider 'llamaCPP' has no resolvable api_key — request will be sent with placeholder no-key-required and will 401 on auth-required endpoints
2026-08-28 11:34:57,874 WARNING agent.chat_completion_helpers: Inline non-streaming API call stale for 180s (threshold 180s). model=/models/Qwen3.6-35B-A3B-Q4_K_M.gguf context=~44,047 tokens. Killing connection.
2026-08-28 11:34:57,880 WARNING [cron_1d578cbabe84_20260828_113006] agent.conversation_loop: API call failed (attempt 1/3) error_type=TimeoutError thread=ThreadPoolExecutor-1190_0:133309055096512 provider=llamacpp base_url=http://10.1.1.10:8080/v1/ model=/models/Qwen3.6-35B-A3B-Q4_K_M.gguf summary=Non-streaming API call timed out after 180s with no response (threshold: 180s)
2026-08-28 11:34:57,881 WARNING [cron_1d578cbabe84_20260828_113006] agent.conversation_loop: Retrying API call in 2.2922530831981116s (attempt 1/3) thread=ThreadPoolExecutor-1190_0:133309055096512 provider=llamacpp base_url=http://10.1.1.10:8080/v1/ model=/models/Qwen3.6-35B-A3B-Q4_K_M.gguf policy=default error=Non-streaming API call timed out after 180s with no response (threshold: 180s)
2026-08-28 11:35:59,011 WARNING tools.approval: Unknown approvals.mode 'auto' — defaulting to 'manual'. Valid values: manual, smart, off
2026-08-28 11:39:54,054 WARNING [cron_1d578cbabe84_20260828_113006] agent.conversation_loop: API call failed (attempt 1/3) error_type=InternalServerError thread=ThreadPoolExecutor-1190_0:133309055096512 provider=llamacpp base_url=http://10.1.1.10:8080/v1/ model=/models/Qwen3.6-35B-A3B-Q4_K_M.gguf summary=HTTP 500: Context size has been exceeded.
2026-08-28 11:39:54,059 WARNING agent.auxiliary_client: resolve_provider_client: named custom provider 'llamaCPP' has no resolvable api_key — request will be sent with placeholder no-key-required and will 401 on auth-required endpoints
2026-08-28 11:46:37,126 WARNING agent.chat_completion_helpers: Inline non-streaming API call stale for 180s (threshold 180s). model=/models/Qwen3.6-35B-A3B-Q4_K_M.gguf context=~36,309 tokens. Killing connection.
2026-08-28 11:46:37,128 WARNING [cron_1d578cbabe84_20260828_113006] agent.conversation_loop: API call failed (attempt 1/3) error_type=TimeoutError thread=ThreadPoolExecutor-1190_0:133309055096512 provider=llamacpp base_url=http://10.1.1.10:8080/v1/ model=/models/Qwen3.6-35B-A3B-Q4_K_M.gguf summary=Non-streaming API call timed out after 180s with no response (threshold: 180s)
2026-08-28 11:46:37,128 WARNING [cron_1d578cbabe84_20260828_113006] agent.conversation_loop: Retrying API call in 2.6727060133494365s (attempt 1/3) thread=ThreadPoolExecutor-1190_0:133309055096512 provider=llamacpp base_url=http://10.1.1.10:8080/v1/ model=/models/Qwen3.6-35B-A3B-Q4_K_M.gguf policy=default error=Non-streaming API call timed out after 180s with no response (threshold: 180s)
2026-08-28 11:51:03,401 WARNING agent.chat_completion_helpers: Inline non-streaming API call stale for 180s (threshold 180s). model=/models/Qwen3.6-35B-A3B-Q4_K_M.gguf context=~41,976 tokens. Killing connection.
2026-08-28 11:51:03,405 WARNING [cron_1d578cbabe84_20260828_113006] agent.conversation_loop: API call failed (attempt 1/3) error_type=TimeoutError thread=ThreadPoolExecutor-1190_0:133309055096512 provider=llamacpp base_url=http://10.1.1.10:8080/v1/ model=/models/Qwen3.6-35B-A3B-Q4_K_M.gguf summary=Non-streaming API call timed out after 180s with no response (threshold: 180s)
2026-08-28 11:51:03,405 WARNING [cron_1d578cbabe84_20260828_113006] agent.conversation_loop: Retrying API call in 2.7598949991706405s (attempt 1/3) thread=ThreadPoolExecutor-1190_0:133309055096512 provider=llamacpp base_url=http://10.1.1.10:8080/v1/ model=/models/Qwen3.6-35B-A3B-Q4_K_M.gguf policy=default error=Non-streaming API call timed out after 180s with no response (threshold: 180s)
2026-08-28 11:54:06,222 WARNING agent.chat_completion_helpers: Inline non-streaming API call stale for 180s (threshold 180s). model=/models/Qwen3.6-35B-A3B-Q4_K_M.gguf context=~41,976 tokens. Killing connection.
2026-08-28 11:54:06,224 WARNING [cron_1d578cbabe84_20260828_113006] agent.conversation_loop: API call failed (attempt 2/3) error_type=TimeoutError thread=ThreadPoolExecutor-1190_0:133309055096512 provider=llamacpp base_url=http://10.1.1.10:8080/v1/ model=/models/Qwen3.6-35B-A3B-Q4_K_M.gguf summary=Non-streaming API call timed out after 180s with no response (threshold: 180s)
2026-08-28 11:54:06,224 WARNING [cron_1d578cbabe84_20260828_113006] agent.conversation_loop: Retrying API call in 4.589569663425195s (attempt 2/3) thread=ThreadPoolExecutor-1190_0:133309055096512 provider=llamacpp base_url=http://10.1.1.10:8080/v1/ model=/models/Qwen3.6-35B-A3B-Q4_K_M.gguf policy=default error=Non-streaming API call timed out after 180s with no response (threshold: 180s)
2026-08-28 11:57:10,833 WARNING agent.chat_completion_helpers: Inline non-streaming API call stale for 180s (threshold 180s). model=/models/Qwen3.6-35B-A3B-Q4_K_M.gguf context=~41,976 tokens. Killing connection.
2026-08-28 11:57:10,835 WARNING [cron_1d578cbabe84_20260828_113006] agent.conversation_loop: API call failed (attempt 3/3) error_type=TimeoutError thread=ThreadPoolExecutor-1190_0:133309055096512 provider=llamacpp base_url=http://10.1.1.10:8080/v1/ model=/models/Qwen3.6-35B-A3B-Q4_K_M.gguf summary=Non-streaming API call timed out after 180s with no response (threshold: 180s)
2026-08-28 11:57:10,837 ERROR [cron_1d578cbabe84_20260828_113006] agent.conversation_loop: API call failed after 3 retries. Non-streaming API call timed out after 180s with no response (threshold: 180s) | provider=llamacpp model=/models/Qwen3.6-35B-A3B-Q4_K_M.gguf msgs=18 tokens=~27,011
2026-08-28 11:57:10,937 ERROR cron.scheduler: Job 'Frontier Research Lane B (30min, deep, :15 offset)' failed: RuntimeError: Non-streaming API call timed out after 180s with no response (threshold: 180s)
Traceback (most recent call last):
  File "/home/josh434/.hermes/hermes-agent/cron/scheduler.py", line 6264, in run_job
    raise RuntimeError(_err_text)
RuntimeError: Non-streaming API call timed out after 180s with no response (threshold: 180s)
2026-08-28 13:06:16,596 WARNING tools.registry: check_fn check_browser_back_requirements returned False; dependent tools will be unavailable this turn
2026-08-28 13:06:16,599 WARNING tools.registry: check_fn _browser_cdp_check returned False; dependent tools will be unavailable this turn
2026-08-28 13:06:16,602 WARNING tools.registry: check_fn check_browser_click_requirements returned False; dependent tools will be unavailable this turn
2026-08-28 13:06:16,605 WARNING tools.registry: check_fn check_browser_requirements returned False; dependent tools will be unavailable this turn
2026-08-28 13:06:16,608 WARNING tools.registry: check_fn _browser_dialog_check returned False; dependent tools will be unavailable this turn
2026-08-28 13:06:16,615 WARNING tools.registry: check_fn check_browser_navigate_requirements returned False; dependent tools will be unavailable this turn
2026-08-28 13:06:16,618 WARNING tools.registry: check_fn check_browser_press_requirements returned False; dependent tools will be unavailable this turn
2026-08-28 13:06:16,621 WARNING tools.registry: check_fn check_browser_scroll_requirements returned False; dependent tools will be unavailable this turn
2026-08-28 13:06:16,625 WARNING tools.registry: check_fn check_browser_snapshot_requirements returned False; dependent tools will be unavailable this turn
2026-08-28 13:06:16,628 WARNING tools.registry: check_fn check_browser_type_requirements returned False; dependent tools will be unavailable this turn
2026-08-28 13:06:16,631 WARNING tools.registry: check_fn check_browser_vision_requirements returned False; dependent tools will be unavailable this turn
2026-08-28 13:06:16,635 WARNING tools.registry: check_fn check_image_generation_requirements returned False; dependent tools will be unavailable this turn
2026-08-28 13:06:16,637 WARNING tools.registry: check_fn _check_kanban_mode returned False; dependent tools will be unavailable this turn
2026-08-28 13:06:16,639 WARNING tools.registry: check_fn _check_kanban_orchestrator_mode returned False; dependent tools will be unavailable this turn
2026-08-28 13:09:16,891 WARNING agent.chat_completion_helpers: Inline non-streaming API call stale for 180s (threshold 180s). model=Qwen3.6-35B-A3B-Q4_K_M.gguf context=~28,439 tokens. Killing connection.
2026-08-28 13:09:16,892 WARNING [cron_97842ab6d078_20260828_130616] agent.conversation_loop: API call failed (attempt 1/3) error_type=TimeoutError thread=ThreadPoolExecutor-1210_0:133308444821184 provider=custom base_url=http://10.1.1.10:8080/v1 model=Qwen3.6-35B-A3B-Q4_K_M.gguf summary=Non-streaming API call timed out after 180s with no response (threshold: 180s)
2026-08-28 13:09:16,893 WARNING [cron_97842ab6d078_20260828_130616] agent.conversation_loop: Retrying API call in 2.5531192386156385s (attempt 1/3) thread=ThreadPoolExecutor-1210_0:133308444821184 provider=custom base_url=http://10.1.1.10:8080/v1 model=Qwen3.6-35B-A3B-Q4_K_M.gguf policy=default error=Non-streaming API call timed out after 180s with no response (threshold: 180s)
2026-08-28 13:12:19,505 WARNING agent.chat_completion_helpers: Inline non-streaming API call stale for 180s (threshold 180s). model=Qwen3.6-35B-A3B-Q4_K_M.gguf context=~28,439 tokens. Killing connection.
2026-08-28 13:12:19,513 WARNING [cron_97842ab6d078_20260828_130616] agent.conversation_loop: API call failed (attempt 2/3) error_type=TimeoutError thread=ThreadPoolExecutor-1210_0:133308444821184 provider=custom base_url=http://10.1.1.10:8080/v1 model=Qwen3.6-35B-A3B-Q4_K_M.gguf summary=Non-streaming API call timed out after 180s with no response (threshold: 180s)
2026-08-28 13:12:19,515 WARNING [cron_97842ab6d078_20260828_130616] agent.auxiliary_client: resolve_provider_client: named custom provider 'llamaCPP' has no resolvable api_key — request will be sent with placeholder no-key-required and will 401 on auth-required endpoints
2026-08-28 13:13:45,618 WARNING tools.approval: Unknown approvals.mode 'auto' — defaulting to 'manual'. Valid values: manual, smart, off
2026-08-28 13:13:45,619 WARNING [cron_97842ab6d078_20260828_130616] agent.tool_executor: Tool execute_code returned error (0.00s): {"status": "error", "error": "BLOCKED: execute_code runs arbitrary local Python (including subprocess calls that bypass shell-string approval checks). Cron jobs run without a user present to approve i
2026-08-28 13:15:51,452 WARNING tools.approval: Unknown approvals.mode 'auto' — defaulting to 'manual'. Valid values: manual, smart, off
2026-08-28 13:19:34,737 WARNING agent.chat_completion_helpers: Inline non-streaming API call stale for 180s (threshold 180s). model=/models/Qwen3.6-35B-A3B-Q4_K_M.gguf context=~28,850 tokens. Killing connection.
2026-08-28 13:19:34,743 WARNING [cron_97842ab6d078_20260828_130616] agent.conversation_loop: API call failed (attempt 1/3) error_type=TimeoutError thread=ThreadPoolExecutor-1210_0:133308444821184 provider=llamacpp base_url=http://10.1.1.10:8080/v1/ model=/models/Qwen3.6-35B-A3B-Q4_K_M.gguf summary=Non-streaming API call timed out after 180s with no response (threshold: 180s)
2026-08-28 13:19:34,744 WARNING [cron_97842ab6d078_20260828_130616] agent.conversation_loop: Retrying API call in 2.3191745332343046s (attempt 1/3) thread=ThreadPoolExecutor-1210_0:133308444821184 provider=llamacpp base_url=http://10.1.1.10:8080/v1/ model=/models/Qwen3.6-35B-A3B-Q4_K_M.gguf policy=default error=Non-streaming API call timed out after 180s with no response (threshold: 180s)
2026-08-28 13:22:37,156 WARNING agent.chat_completion_helpers: Inline non-streaming API call stale for 180s (threshold 180s). model=/models/Qwen3.6-35B-A3B-Q4_K_M.gguf context=~28,850 tokens. Killing connection.
2026-08-28 13:22:37,159 WARNING [cron_97842ab6d078_20260828_130616] agent.conversation_loop: API call failed (attempt 2/3) error_type=TimeoutError thread=ThreadPoolExecutor-1210_0:133308444821184 provider=llamacpp base_url=http://10.1.1.10:8080/v1/ model=/models/Qwen3.6-35B-A3B-Q4_K_M.gguf summary=Non-streaming API call timed out after 180s with no response (threshold: 180s)
2026-08-28 13:22:37,159 WARNING [cron_97842ab6d078_20260828_130616] agent.conversation_loop: Retrying API call in 5.372792316167174s (attempt 2/3) thread=ThreadPoolExecutor-1210_0:133308444821184 provider=llamacpp base_url=http://10.1.1.10:8080/v1/ model=/models/Qwen3.6-35B-A3B-Q4_K_M.gguf policy=default error=Non-streaming API call timed out after 180s with no response (threshold: 180s)
2026-08-28 13:25:42,591 WARNING agent.chat_completion_helpers: Inline non-streaming API call stale for 180s (threshold 180s). model=/models/Qwen3.6-35B-A3B-Q4_K_M.gguf context=~28,850 tokens. Killing connection.
2026-08-28 13:25:42,602 WARNING [cron_97842ab6d078_20260828_130616] agent.conversation_loop: API call failed (attempt 3/3) error_type=TimeoutError thread=ThreadPoolExecutor-1210_0:133308444821184 provider=llamacpp base_url=http://10.1.1.10:8080/v1/ model=/models/Qwen3.6-35B-A3B-Q4_K_M.gguf summary=Non-streaming API call timed out after 180s with no response (threshold: 180s)
2026-08-28 13:25:42,604 ERROR [cron_97842ab6d078_20260828_130616] agent.conversation_loop: API call failed after 3 retries. Non-streaming API call timed out after 180s with no response (threshold: 180s) | provider=llamacpp model=/models/Qwen3.6-35B-A3B-Q4_K_M.gguf msgs=6 tokens=~13,638
2026-08-28 13:25:42,687 ERROR cron.scheduler: Job 'Personal Ops Intention Check' failed: RuntimeError: Non-streaming API call timed out after 180s with no response (threshold: 180s)
Traceback (most recent call last):
  File "/home/josh434/.hermes/hermes-agent/cron/scheduler.py", line 6264, in run_job
    raise RuntimeError(_err_text)
RuntimeError: Non-streaming API call timed out after 180s with no response (threshold: 180s)
2026-08-28 14:00:27,047 WARNING tools.approval: Unknown approvals.mode 'auto' — defaulting to 'manual'. Valid values: manual, smart, off
2026-08-28 14:01:26,620 WARNING tools.web_tools: web_extract backend 'tavily' failed all 3 URL(s) ({"detail":{"error":"This request exceeds this API key's set usage limit. You can increase its limit on the Tavily dashboard."}}); one-shot keyless rescue
2026-08-28 14:01:40,339 WARNING tools.web_tools: web_extract backend 'tavily' failed all 2 URL(s) ({"detail":{"error":"This request exceeds this API key's set usage limit. You can increase its limit on the Tavily dashboard."}}); one-shot keyless rescue
2026-08-28 14:01:40,714 WARNING [cron_a5e01552e0f7_20260828_140021] agent.tool_executor: Tool web_extract returned error (0.67s): {
  "results": [
    {
      "url": "https://www.ibm.com/think/topics/neuromorphic-computing",
      "title": "",
      "content": "",
      "error": "{\"detail\":{\"error\":\"This request exceeds thi
2026-08-28 14:01:54,268 WARNING tools.web_tools: web_extract backend 'tavily' failed all 2 URL(s) ({"detail":{"error":"This request exceeds this API key's set usage limit. You can increase its limit on the Tavily dashboard."}}); one-shot keyless rescue
2026-08-28 14:01:55,173 WARNING [cron_a5e01552e0f7_20260828_140021] agent.tool_executor: Tool web_extract returned error (0.70s): {
  "results": [
    {
      "url": "https://open-neuromorphic.org/",
      "title": "",
      "content": "",
      "error": "{\"detail\":{\"error\":\"This request exceeds this API key's set usage lim
2026-08-28 14:01:58,107 WARNING [cron_a5e01552e0f7_20260828_140021] agent.conversation_loop: API call failed (attempt 1/3) error_type=RateLimitError thread=ThreadPoolExecutor-1214_0:133308444821184 provider=nous base_url=https://inference-api.nousresearch.com/v1 model=meituan/longcat-2.0:free summary=HTTP 429: The requested model is temporarily at capacity upstream. This is not your API key's rate limit — please retry shortly.
2026-08-28 14:01:58,108 WARNING [cron_a5e01552e0f7_20260828_140021] agent.conversation_loop: Retrying API call in 2.923926845227745s (attempt 1/3) thread=ThreadPoolExecutor-1214_0:133308444821184 provider=nous base_url=https://inference-api.nousresearch.com/v1 model=meituan/longcat-2.0:free policy=default error=Error code: 429 - {'status': 429, 'message': "The requested model is temporarily at capacity upstream. This is not your API key's rate limit — please retry shortly."}
2026-08-28 14:02:14,980 WARNING tools.web_tools: web_extract backend 'tavily' failed all 3 URL(s) ({"detail":{"error":"This request exceeds this API key's set usage limit. You can increase its limit on the Tavily dashboard."}}); one-shot keyless rescue
2026-08-28 14:02:15,247 WARNING [cron_a5e01552e0f7_20260828_140021] agent.tool_executor: Tool web_extract returned error (0.61s): {
  "results": [
    {
      "url": "https://www.nature.com/articles/s41928-021-00646-1",
      "title": "",
      "content": "",
      "error": "{\"detail\":{\"error\":\"This request exceeds this API
2026-08-28 14:03:05,888 WARNING tools.approval: Unknown approvals.mode 'auto' — defaulting to 'manual'. Valid values: manual, smart, off
2026-08-28 14:03:05,890 WARNING [cron_a5e01552e0f7_20260828_140021] agent.tool_executor: Tool execute_code returned error (0.00s): {"status": "error", "error": "BLOCKED: execute_code runs arbitrary local Python (including subprocess calls that bypass shell-string approval checks). Cron jobs run without a user present to approve i
2026-08-28 14:03:44,870 WARNING tools.approval: Unknown approvals.mode 'auto' — defaulting to 'manual'. Valid values: manual, smart, off
2026-08-28 14:04:49,886 WARNING tools.approval: Unknown approvals.mode 'auto' — defaulting to 'manual'. Valid values: manual, smart, off
2026-08-28 14:04:53,838 WARNING [cron_a5e01552e0f7_20260828_140021] agent.conversation_loop: API call failed (attempt 1/3) error_type=RateLimitError thread=ThreadPoolExecutor-1214_0:133308444821184 provider=nous base_url=https://inference-api.nousresearch.com/v1 model=meituan/longcat-2.0:free summary=HTTP 429: The requested model is temporarily at capacity upstream. This is not your API key's rate limit — please retry shortly.
2026-08-28 14:04:53,838 WARNING [cron_a5e01552e0f7_20260828_140021] agent.conversation_loop: Retrying API call in 2.303621771924147s (attempt 1/3) thread=ThreadPoolExecutor-1214_0:133308444821184 provider=nous base_url=https://inference-api.nousresearch.com/v1 model=meituan/longcat-2.0:free policy=default error=Error code: 429 - {'status': 429, 'message': "The requested model is temporarily at capacity upstream. This is not your API key's rate limit — please retry shortly."}
2026-08-28 14:04:59,653 WARNING [cron_a5e01552e0f7_20260828_140021] agent.conversation_loop: API call failed (attempt 2/3) error_type=RateLimitError thread=ThreadPoolExecutor-1214_0:133308444821184 provider=nous base_url=https://inference-api.nousresearch.com/v1 model=meituan/longcat-2.0:free summary=HTTP 429: The requested model is temporarily at capacity upstream. This is not your API key's rate limit — please retry shortly.
2026-08-28 14:04:59,658 WARNING [cron_a5e01552e0f7_20260828_140021] agent.auxiliary_client: resolve_provider_client: named custom provider 'llamaCPP' has no resolvable api_key — request will be sent with placeholder no-key-required and will 401 on auth-required endpoints
2026-08-28 14:07:59,759 WARNING agent.chat_completion_helpers: Inline non-streaming API call stale for 180s (threshold 180s). model=/models/Qwen3.6-35B-A3B-Q4_K_M.gguf context=~76,998 tokens. Killing connection.
2026-08-28 14:07:59,765 WARNING [cron_a5e01552e0f7_20260828_140021] agent.conversation_loop: API call failed (attempt 1/3) error_type=TimeoutError thread=ThreadPoolExecutor-1214_0:133308444821184 provider=llamacpp base_url=http://10.1.1.10:8080/v1/ model=/models/Qwen3.6-35B-A3B-Q4_K_M.gguf summary=Non-streaming API call timed out after 180s with no response (threshold: 180s)
2026-08-28 14:07:59,765 WARNING [cron_a5e01552e0f7_20260828_140021] agent.conversation_loop: Retrying API call in 2.076008077714244s (attempt 1/3) thread=ThreadPoolExecutor-1214_0:133308444821184 provider=llamacpp base_url=http://10.1.1.10:8080/v1/ model=/models/Qwen3.6-35B-A3B-Q4_K_M.gguf policy=default error=Non-streaming API call timed out after 180s with no response (threshold: 180s)
2026-08-28 14:11:02,081 WARNING agent.chat_completion_helpers: Inline non-streaming API call stale for 180s (threshold 180s). model=/models/Qwen3.6-35B-A3B-Q4_K_M.gguf context=~76,998 tokens. Killing connection.
2026-08-28 14:11:02,107 WARNING [cron_a5e01552e0f7_20260828_140021] agent.conversation_loop: API call failed (attempt 2/3) error_type=TimeoutError thread=ThreadPoolExecutor-1214_0:133308444821184 provider=llamacpp base_url=http://10.1.1.10:8080/v1/ model=/models/Qwen3.6-35B-A3B-Q4_K_M.gguf summary=Non-streaming API call timed out after 180s with no response (threshold: 180s)
2026-08-28 14:11:02,107 WARNING [cron_a5e01552e0f7_20260828_140021] agent.conversation_loop: Retrying API call in 4.5450892382278365s (attempt 2/3) thread=ThreadPoolExecutor-1214_0:133308444821184 provider=llamacpp base_url=http://10.1.1.10:8080/v1/ model=/models/Qwen3.6-35B-A3B-Q4_K_M.gguf policy=default error=Non-streaming API call timed out after 180s with no response (threshold: 180s)
2026-08-28 14:14:06,764 WARNING agent.chat_completion_helpers: Inline non-streaming API call stale for 180s (threshold 180s). model=/models/Qwen3.6-35B-A3B-Q4_K_M.gguf context=~76,998 tokens. Killing connection.
2026-08-28 14:14:06,769 WARNING [cron_a5e01552e0f7_20260828_140021] agent.conversation_loop: API call failed (attempt 3/3) error_type=TimeoutError thread=ThreadPoolExecutor-1214_0:133308444821184 provider=llamacpp base_url=http://10.1.1.10:8080/v1/ model=/models/Qwen3.6-35B-A3B-Q4_K_M.gguf summary=Non-streaming API call timed out after 180s with no response (threshold: 180s)
2026-08-28 14:14:06,773 ERROR [cron_a5e01552e0f7_20260828_140021] agent.conversation_loop: API call failed after 3 retries. Non-streaming API call timed out after 180s with no response (threshold: 180s) | provider=llamacpp model=/models/Qwen3.6-35B-A3B-Q4_K_M.gguf msgs=44 tokens=~62,815
2026-08-28 14:14:06,964 ERROR cron.scheduler: Job 'Frontier Research Lane A (30min, deep, :00 offset)' failed: RuntimeError: Non-streaming API call timed out after 180s with no response (threshold: 180s)
Traceback (most recent call last):
  File "/home/josh434/.hermes/hermes-agent/cron/scheduler.py", line 6264, in run_job
    raise RuntimeError(_err_text)
RuntimeError: Non-streaming API call timed out after 180s with no response (threshold: 180s)
